:020000040804EE
:10000000C04B00240D2F040831B00408F92E040859
:10001000F92E0408F92E0408F92E04080000000047
:10002000000000000000000000000000452F040850
:10003000F92E04080000000039310408756704082F
:10004000B1310408B1310408B1310408B1310408F8
:10005000B1310408B1310408B1310408B1310408E8
:10006000B1310408B1310408B1310408B1310408D8
:10007000B1310408B1310408B1310408B1310408C8
:10008000B1310408B1310408B1310408B1310408B8
:10009000B1310408B1310408B1310408B1310408A8
:1000A000B1310408B1310408B1310408B131040898
:1000B000B1310408B1310408B1310408B131040888
:1000C000B1310408B1310408B1310408B131040878
:1000D000B1310408B1310408B1310408B131040868
:1000E000B1310408B1310408B1310408B131040858
:1000F000B1310408B1310408B1310408B131040848
:10010000B1310408B1310408B1310408B131040837
:10011000B1310408B1310408B1310408B131040827
:10012000B1310408B1310408B1310408B131040817
:10013000B1310408B1310408B1310408B131040807
:10014000B1310408B1310408B1310408B1310408F7
:10015000B1310408B1310408B1310408B1310408E7
:10016000B1310408B1310408B1310408B1310408D7
:10017000B1310408B1310408B1310408B1310408C7
:10018000B1310408B1310408B1310408B1310408B7
:10019000B1310408B1310408B1310408B1310408A7
:1001A000B1310408B1310408B1310408B131040897
:1001B000B1310408B1310408B1310408B131040887
:1001C000B1310408B1310408B1310408B131040877
:1001D000B1310408B1310408B1310408B131040867
:1001E000B1310408B1310408B1310408B131040857
:1001F000B1310408B1310408B1310408B131040847
:10020000B1310408B1310408B1310408B131040836
:10021000B1310408B1310408B1310408B131040826
:10022000B1310408B1310408B1310408B131040816
:08023000B1310408B1310408EA
:1002380080F0004002E000BF81F0004142001FBF93
:100248005FEA410392EA030F7FEA226C7FEA236C9C
:100258006AD04FEA1262D2EB1363C1BFD218414091
:1002680048404140B8BF5B42192B88BF704710F027
:10027800004F40F4000020F07F4018BF404211F0CA
:10028800004F41F4000121F07F4118BF494292EA32
:10029800030F3FD0A2F1010241FA03FC10EB0C005E
:1002A800C3F1200301FA03F100F0004302D54942EB
:1002B80060EB4000B0F5000F13D3B0F1807F06D398
:1002C80040084FEA310102F10102FE2A51D2B1F190
:1002D800004F40EBC25008BF20F0010040EA030085
:1002E8007047490040EB0000013A28BFB0F5000F05
:1002F800EDD2B0FA80FCACF1080CB2EB0C0200FABB
:100308000CF0AABF00EBC25052421843BCBFD04009
:100318001843704792F0000F81F4000106BF80F483
:1003280000000132013BB5E74FEA41037FEA226C46
:1003380018BF7FEA236C21D092EA030F04D092F011
:10034800000F08BF0846704790EA010F1CBF002045
:10035800704712F07F4F04D1400028BF40F00040A2
:10036800704712F100723CBF00F50000704700F0C2
:10037800004343F0FE4040F4000070477FEA2262E9
:1003880016BF08467FEA23630146420206BF5FEABA
:10039800412390EA010F40F4800070474FF00003BA
:1003A80004E000BF10F0004348BF40425FEA000C81
:1003B80008BF704743F0964301464FF000001CE029
:1003C80050EA010208BF70474FF000030AE000BF7F
:1003D80050EA010208BF704711F0004302D54042BD
:1003E80061EB41015FEA010C02BF8446014600202F
:1003F80043F0B64308BFA3F18053A3F50003BCFA4A
:100408008CF2083AA3EBC25310DB01FA02FC6344F6
:1004180000FA02FCC2F12002BCF1004F20FA02F2FD
:1004280043EB020008BF20F00100704702F12002F0
:1004380001FA02FCC2F1200250EA4C0021FA02F251
:1004480043EB020008BF20EADC7070474FF0FF0C56
:100458001CEAD0521EBF1CEAD15392EA0C0F93EA51
:100468000C0F6FD01A4480EA010C400218BF5FEAF3
:1004780041211ED04FF0006343EA501043EA511166
:10048800A0FB01310CF00040B1F5000F3EBF490060
:1004980041EAD3715B0040EA010062F17F02FD2A64
:1004A8001DD8B3F1004F40EBC25008BF20F0010047
:1004B800704790F0000F0CF0004C08BF49024CEA5E
:1004C800502040EA51207F3AC2BFD2F1FF0340EAF0
:1004D800C250704740F400004FF00003013A5DDC61
:1004E80012F1190FDCBF00F000407047C2F10002A2
:1004F800410021FA02F1C2F1200200FA02FC5FEA8F
:10050800310040F1000053EA4C0308BF20EADC70D8
:10051800704792F0000F00F0004C02BF400010F44A
:10052800000F013AF9D040EA0C0093F0000F01F0F7
:10053800004C02BF490011F4000F013BF9D041EA19
:100548000C018FE70CEAD15392EA0C0F18BF93EA1B
:100558000C0F0AD030F0004C18BF31F0004CD8D145
:1005680080EA010000F00040704790F0000F17BFCC
:1005780090F0004F084691F0000F91F0004F14D012
:1005880092EA0C0F01D142020FD193EA0C0F03D16A
:100598004B0218BF084608D180EA010000F000406D
:1005A80040F0FE4040F40000704740F0FE4040F448
:1005B800400070474FF0FF0C1CEAD0521EBF1CEAE7
:1005C800D15392EA0C0F93EA0C0F69D0A2EB030205
:1005D80080EA010C49024FEA402037D04FF080539F
:1005E80043EA111143EA10130CF000408B4238BF64
:1005F8005B0042F17D024FF4000C8B4224BF5B1A72
:1006080040EA0C00B3EB510F24BFA3EB510340EABF
:100618005C00B3EB910F24BFA3EB910340EA9C006D
:10062800B3EBD10F24BFA3EBD10340EADC001B01DD
:1006380018BF5FEA1C1CE0D1FD2A3FF650AF8B4281
:1006480040EBC25008BF20F0010070470CF0004C8E
:100658004CEA50207F32C2BFD2F1FF0340EAC250B9
:10066800704740F400004FF00003013A37E792F07A
:10067800000F00F0004C02BF400010F4000F013AD8
:10068800F9D040EA0C0093F0000F01F0004C02BFD3
:10069800490011F4000F013BF9D041EA0C0195E73C
:1006A8000CEAD15392EA0C0F08D142027FF47DAFD5
:1006B80093EA0C0F7FF470AF084676E793EA0C0FC5
:1006C80004D14B023FF44CAF08466EE730F0004CC3
:1006D80018BF31F0004CCAD130F000427FF45CAF53
:1006E80031F000437FF43CAF5FE700BF42000ED219
:1006F800B2F1FE4F0BD34FF09E03B3EB126209D455
:100708004FEA002343F0004323FA02F070474FF00A
:100718000000704712F1610F01D1420202D14FF07F
:10072800FF3070474FF00000704700BF53B94AB917
:10073800002908BF00281CBF4FF0FF314FF0FF30E1
:1007480000F00CB8ADF1080C6DE904CE00F01AF811
:10075800DDF804E0DDE9022304B07047704700BF0C
:1007680010F8012B11F8013B012A28BF9A42F7D053
:10077800D01A7047034613F8012B002AFBD1181A28
:10078800013870472DE9F0478C468E46089E15467D
:1007980004461946002B40F0D080724547D9B2FA7A
:1007A80082F74FB1C7F120030EFA07FC20FA03F3D2
:1007B800BD4043EA0C0CBC404FEA154EA8B2BCFB46
:1007C800FEF8230C0EFB18CC08FB00F943EA0C4397
:1007D800994528D9EB1808F1FF3204D2994502D976
:1007E800A8F102022B44A3EB0903A4B2B3FBFEFC5D
:1007F8000EFB1C330CFB00F044EA0344A04214D95E
:100808002C190CF1FF3304D2A04202D9ACF1020337
:100818002C44241A43EA02401EB1FC4000233460F1
:100828007360BDE8F0874246DDE76346F1E7002ADA
:1008380079D0B2FA82F3002B3FD01946C1F12003D8
:1008480002FA01F52EFA03F20EFA01FE20FA03F37A
:1008580043EA0E034FEA154E00FA01F4B2FBFEFC20
:10086800AFB20EFB1C201A0C0CFB07F842EA004240
:1008780090455AD9AA180CF1FF3004D2904502D9F4
:10088800ACF102002A44A2EB08029BB2B2FBFEFCC8
:100898000EFB1C220CFB07F743EA02439F4246D992
:1008A800EB180CF1FF3204D29F4202D9ACF10202DC
:1008B8002B44DB1B42EA004202E0AEEB02030122BA
:1008C8004FEA154EAFB2B3FBFEFC200C0EFB1C33F7
:1008D8000CFB07F840EA034398452AD9EB180CF1BA
:1008E800FF3004D2984502D9ACF102002B44A3EBA7
:1008F8000803A4B2B3FBFEFC0EFB1C330CFB07F78A
:1009080044EA0344A74216D92C190CF1FF3304D248
:10091800A74202D9ACF102032C44E41B43EA00408D
:100928000F46114678E71F2188E76046ABE7624625
:10093800BFE76046DBE76346EFE7734506D916B9BC
:10094800002108466DE7C6E9000EF9E7B3FA83F718
:1009580087B9734501D3824207D8841A6EEB030323
:1009680001209C461EB900215BE73846FAE7C6E934
:10097800004CF8E7C7F1200CBB4022FA0CF51D43E8
:1009880020FA0CF12EFA0CF30EFA07FE41EA0E01DA
:100998004FEA154900FA07F4B3FBF9F81FFA85FE88
:1009A80009FB18300B0C08FB0EFA43EA00439A4582
:1009B80002FA07F240D9EB1808F1FF3004D29A4541
:1009C80002D9A8F102002B44A3EB0A0389B2B3FBB6
:1009D800F9F809FB183308FB0EFE41EA03418E457E
:1009E8002CD9691808F1FF3304D28E4502D9A8F131
:1009F8000203294443EA0040A0FB0298A1EB0E0140
:100A08004145CE46434602D306D14C4504D2B9EB04
:100A1800020E68EB05030138002EA4D0B4EB0E02D9
:100A280061EB030101FA0CFC22FA07F34CEA030319
:100A3800F940C6E9003196E74046C5E74346D9E79D
:100A480040F2FF33994228BF194610B50A460C46B2
:100A5800014606480EF02AFB0023044A1355044BAE
:100A68001C600448BDE8104007F020BED81F0024D1
:100A7800601B00246C05002408B50122044B1A7081
:100A8800044807F013FE0448BDE8084009F05FBCBD
:100A9800D82300245C050024A8FF040837B5424881
:100AA80009F055FC414D28460DF0BEFE38B96FF0EF
:100AB80012043F4809F04BFC204603B030BD2A69B8
:100AC8002846A968136843F400531360394A0B6831
:100AD8000D219847041E04DA2146374809F037FCEF
:100AE800EAE7364800F028FE041E05DA14F1780F0C
:100AF80002D021463248F1E7324A69462F4800F0D1
:100B08003BFE041E02DA21462F48E7E72F4809F08A
:100B18001EFC4FF0FF324FF0FF332D4807F0FAFD6F
:100B28002C4809F014FC0F222B49684600F046FEB9
:100B3800041E02DA21462948D0E7294809F007FCB3
:100B48004FF0FF324FF0FF33264807F0E3FD264908
:100B5800264809F0FCFB26492348FFF701FE044616
:100B6800D0B9244809F0F3FB2B691B689B04AB68D8
:100B78004FF400510D4854BFDB681B6998471E4865
:100B880009F0E5FB1D4809F0E2FB1D4809F0DFFB11
:100B9800194809F0DCFB8FE713496FF00404194882
:100BA80009F0D5FB88E700BFC3FF04085CF304081D
:100BB800EFFF040801000A000B00050800F504080F
:100BC8002D000508D0000024530005087900050809
:100BD8005C0500249A000508BE000508CD0005083C
:100BE800E30005086C050024D81F0024040105084B
:100BF8001901050829010508400105086F010508C4
:100C080095010508BF0105082DE9F843884600AF9E
:100C180000297DD005680122284609F018F9014607
:100C28000446284609F0CDF810EA020616D1E9462E
:100C380088B06A46384BCDE90538032342F8103F9F
:100C48004FF4C2513346354801F088FBCD4686F350
:100C58001188BFF36F8F0423184602DF2146284608
:100C680009F0C5F8261800222846314609F0A9F8E7
:100C7800361AB44218D06E4688B06946284BCDE97A
:100C88000538032341F8103F244813460A464FF419
:100C9800C25101F063FB0023B54683F31188BFF30B
:100CA8006F8F0423184602DF00222146284609F0E8
:100CB800A4F8214609F09BF8261801222846314657
:100CC80009F07FF8C20708D43146284609F001F92F
:100CD80032462146284609F073F900222146284663
:100CE80009F06FF8261A01222846314609F069F8FA
:100CF800C30709D43146284609F0EBF822463446A2
:100D08003146284609F05CF92146284609F076F96B
:100D1800BD46BDE8F88300BF420205087CFA040816
:100D2800190205082DE9F04F91B0840705460E46D3
:100D3800009302F00403DDF868A00293C2F3C20333
:100D4800039203F10103059340F09D81041D0028DF
:100D580049D101F00706341DC6F10806009B00279B
:100D68004FF004085A1E4FF0FF33B946BB460193B3
:100D7800434604970DB1009921600598002800F3B7
:100D8800D68090480099814203D38F488142C0F0B1
:100D9800CE800399601B11F0020C40F0D680B9F1A7
:100DA8000F0F00F2CF80002D00F0D68009F140012E
:100DB800C0F387000DEB010E01990EF8200C0EF818
:100DC800101CBCF1000F00F0C38060F07F000137F9
:100DD8000EF8200C09F10109C5F1080104344FF699
:100DE800DA7E06918CE00729B8D86FF01B0011B0A5
:100DF800BDE8F08F7A285BD84B280FD8472857D8FA
:100E080029282ED8252850D052D8202818BF232882
:100E18000CBF4FF0010B4FF0000B71E04C382E283F
:100E280046D8DFE800F06D4545454545454545450B
:100E3800454548454545454545454556454848562F
:100E480056566D486A456D4518481845457F7C4893
:100E5800454548457C0000204FF0000B4FF0040842
:100E680035E02A380121C0B201FA00F010EA0E0F6D
:100E780046D110F0625C2CD110EA010B40D06046DC
:100E8800013C4444B4FBF8F408FB04F425B1A3EB9B
:100E9800050CA444B445A8D8002870D00599013998
:100EA80005915AF8041B009164E7019901390191F1
:100EB8004FF0000B24E012F8010C6C2834D112F822
:100EC800023C00206C2B8346C8D14FF008084346EB
:100ED800D6E70AF1070A07342AF0070A24F00704BC
:100EE800FAE802BC35B106982044B0423FF67DAF1F
:100EF800C4E900BC08344FF0000B4FF00808434623
:100F080012F8010F002853D0BBF1000F7FF472AF25
:100F18002528F5D1019B4FF0010B013301934FF0C8
:100F28000408ECE7584697E700208346A8E70399AA
:100F380088077FF551AF601B4FF0010CB0F5007FBB
:100F4800FFF42DAF6FF0150051E74FF0000CF5E7F7
:100F58000498013004903DE7BCF1000F01D0013640
:100F680038E70298023600287FF434AF0098CDE9BC
:100F78000632FFF7FFFB0644DDE906322AE7042BB9
:100F880008D10AF1040015B1DAF800102160043420
:100F98008246B5E70AF1070323F0070303F1080ABD
:100FA8001DB1D3E90001C4E9000108340823A7E70B
:100FB800631BB3F5806FC5D245B9A6F10804E018E4
:100FC80015E700BF08F20408901305089B08029A69
:100FD80028602B709DF81030AAB1EB70AF702FB15C
:100FE80008A80022C5F1010C91450ED1C5F10103F5
:100FF8000DF120084FF0000A0DF1300B0193D14597
:1010080012D1601BF3E66B70E8E710F8013B190694
:1010180008D50CEB040E03F07F03B6453FF6E5AEAA
:1010280004F8013B0132DFE71FB198F90020002ADC
:1010380017DB029BD3B11AF80B2004F8012B00220E
:10104800019B18191044B0423FF6CFAE98F8000043
:10105800009904F8010B204603920EF027F8039A32
:1010680014440AF1010A08F10108C8E798F80020B9
:1010780055F822300093029B009845F82230FFF77C
:1010880079FB421CDCE76FF00D00B0E62DE9F04F6C
:1010980097B005468A4600AFC7E90A3249B90378CE
:1010A8004678807800EB83002844564524D8A0EB86
:1010B800050AD7F8803095F8028003F00103D7F8C5
:1010C8008040FB61B8F1000F0CBF002404F001045C
:1010D800EB787B621BB1D7F880309A0715D4A4B996
:1010E800FB6A1BB1BA6A51462846984756463046AD
:1010F8005C37BD46BDE8F08F441C0AF1010A204662
:10110800FFF738FB01302044CFE7D7F88030C3F32E
:10111800C0033B622B78BB619B003B616B687B61C2
:10112800BB6905EB830BFB6A002B77D15646D84485
:10113800BCB11C461BF8013B55F82300FFF71AFB0E
:10114800D7F88430013043B1D7F88830A34282BF42
:10115800D7F8843023F814000134C3450644E9D194
:10116800D846D7F880304FF0000913F0050F0CBFB0
:101178004FF0020B4FF0010B7B6A9945B7D298F8F4
:10118800013008F1020855F823A0AD4B9A45C0F08C
:101198004B81AC4B3A6A9A452CBF002301230AB312
:1011A80018F8021C7869FB6209F0B0F8FB6AC8B14C
:1011B800EA468AB06A46A44B05937B69CDE90631B5
:1011C8004FF40073ADF82030A04B42F8103F0023D5
:1011D8004FF412519E48023E01F0C0F8D54609F17D
:1011E8000109C9E723B1FB6933B9A6EB0B06F6E79A
:1011F800D7F880309B07F2D55046FFF7BBFAD7F8EF
:1012080084304BB1D7F888309C423FBF431CD7F895
:10121800842022F8143001340644E0E7002C69D118
:10122800B8F1000F6CD0D7F8803058076BD5C1469D
:1012380007F14800424659460DF038FF0BEB08030A
:101248000022FB600233796A8A425ED3D7F8802095
:1012580095F801B09207F96904EB0B0354BF4FEA04
:1012680059020022DBB2002940F0A680D7F880108E
:1012780011F0040F14BF494600216B702846A9706D
:10128800EA703969BA6AFB6A9847061EFFF62FAFFB
:10129800BB694946BA6A07F148002B707B6A85F832
:1012A80001B0EB7085F80280FB6A9847B0F100093D
:1012B800C0F2B6803B697A6A786A03EB4201FB6840
:1012C800BA6A414403EB4000FB6AAAEB0101984764
:1012D8000028C0F2A780B1444FF0000B07F1380A8C
:1012E80009EB0006A34569D30021BA6AFB6A0846E0
:1012F8009847FCE6444607F138004FF0000999E7A3
:101308004446C1469AE7A14698E713F8016CDFF80E
:1013180030C155F8260013F8021C6045C0F08A80D9
:10132800DFF820C16045386A2CBF4FF0000B4FF042
:10133800010B38B17869C7E9013208F0E7FFD7E94E
:101348000132F0B9BBF1000F1ED0F96949B1611C37
:1013580004F1280007F13004041904F8206CCCB219
:101368000FE0D7F8801049070BD509F1280007F1DD
:10137800300C09F1010100EB0C0909F8106C5FFA57
:1013880081F9013202335EE7D7F880008007DED4A6
:1013980009F1280C07F1300E09F1010009F10209E1
:1013A800F4445FFA89F90CF8101C07F1580151FA56
:1013B80080F000F8106CE4E700215EE71BF80A30C3
:1013C80055F8239087F83730D7F884302BB3D7F8FF
:1013D80088309B4521D2D7F8843033F81B80BA6A0D
:1013E800012107F13700FB6A984700281ADB0644F9
:1013F800B8F1000F06D14846FFF7BCF900F1010823
:101408001FFA88F8BA6A41464846FB6A9847002896
:1014180008DB06440BF1010B64E74FF00008DEE738
:101428004E4664E6064662E63B6A002B3FF4E0AEB1
:101438000023B5E6386A0028A6D04FF0000B79E7FC
:1014480008F20408901305086F020508040000015B
:1014580024FA0408014B1860704700BFEC00002410
:1014680080B505460E461746984607F097FEDFF802
:101478002090034601F0AAFE0446424649F800308F
:1014880039463046A84754F8090001F03BFE00BF32
:1014980008000000054B00205A6822F002025A603A
:1014A8005A6822F001025A60704700BF0010005CC1
:1014B80008B5416805480C3183681B681BB198471B
:1014C80000EAE07008BD6FF05700F9E708F3040878
:1014D800192810B502D90024204610BD044B53F832
:1014E800204020460DF0A0F90028F5D1F3E700BF11
:1014F800C4FB04082DE9F0410124406802F03006DD
:101508004FF4801745688C40DFF8C4C0DFF8C4E0AA
:10151800DCF8A00070450CD0781CF9D0013FF7D159
:1015280087F31188BFF36F8F4FF00408404602DF3E
:10153800EEE76F68C2F38010C2F3C11CC2F3412208
:1015480027EA04078840202E40EA0700686004FA6A
:1015580001F0D5F8088000EB400E00FB0CFC00FB06
:1015680002F228EA0E086FEA0E074CEA080CC5F8E2
:1015780008C0D5F80CC02CEA0E0C42EA0C02EA604E
:101588000CD1072917D800FA01F22C6A8A40C2EB5D
:1015980002115A4324EA01010A432A622B683609D8
:1015A8004FF440721F404643094B00203E432E60D3
:1015B8001A62BDE8F081240A6A6A64436443C4EB92
:1015C8000411634322EA010213436B62E6E700BF9A
:1015D8000064025800030080EFF31180102383F3A6
:1015E8001288BFF36F8F094B1A683AB9084A116815
:1015F80041F4807111601168C905FCD51A6801327F
:101608001A6080F31188BFF36F8F7047181C00248D
:101618000048025810B5EFF31184102383F31288A1
:10162800BFF36F8F134B1A68C2B9134B0122BFF374
:101638005B8F53E8001F002903D143E800200028EE
:10164800F7D1BFF35B8F04D10C4A02210C4809F093
:1016580010FC84F31188BFF36F8F10BD012A04D1E9
:1016680008490A6822F480720A601A68013A1A6006
:10167800EFE700BF181C0024141C0024C803050849
:101688008CFA040800480258164B82B0D3F8E020C0
:1016980042F00072C3F8E020D3F8E02002F00072B4
:1016A8000192019AD3F8F42042F00202C3F8F42020
:1016B800D3F8F42002F002020092009A4FF0B042F0
:1016C800D2F80427D20706D503F50053D3F8903093
:1016D800002002B07047D3F8A02042F00802C3F8F7
:1016E800A020F5E70044025808B501F0D3FD01F049
:1016F80073FD0C4B0C4A1A600C4AD36823F03F0365
:1017080043F00203D3600A4B1A6841F20303B3EBB8
:10171800124F06D1074AD2F8083143F00103C2F844
:10172800083108BDA00300240090D00300480258E7
:101738000010005C0080005110B530B90B480C490E
:1017480009F01AF96FF0150010BD836833B907481E
:10175800084909F011F96FF00400F5E71B6813B1A7
:10176800BDE8104018471846EEE700BF34FA0408F1
:10177800170405082804050870B508B101B132B985
:101788000B480C4909F0F8F86FF0150070BD846833
:101798000CB1256935B90648074909F0EDF86FF02D
:1017A8000400F3E741F8040B2369BDE870401847CB
:1017B80034FA0408460405082804050870B51346D9
:1017C800044630B91048114909F0D6F86FF01500F1
:1017D80070BD006830B90C480D4909F0CDF86FF0BC
:1017E8000100F5E782680AB1956835B906480949E4
:1017F80009F0C2F86FF00400EAE70A46AC466168EF
:10180800BDE87040604700BF34FA04087204050858
:10181800830405082804050830B50C4685B00E4930
:1018280005460291D0F8CC11CDE9003100F1F00164
:101838004FF0FF33204606F043F950B9012384F8EE
:101848006C30D5F8C83123B1204605B0BDE830402A
:10185800184705B030BD00BF93AA04082DE9F04F22
:1018680005698146012389B005F55B774668BFF3B2
:101878005B8F57E8002F002A03D147E80031002981
:10188800F7D10CBF1A460022BFF35B8F40F0B3803C
:10189800B36805F5F478B16A1C1F104609F049F9D8
:1018A800844271D8013A00F0A080B2FA82F24FF077
:1018B8000044D44072680732204622F00302C5F87B
:1018C8003422B16A09F035F9C5F83802B36A4046DE
:1018D8006343033323F0030302EB43022301C5F8F8
:1018E8002C2203EB4403093323F0030303EBC40363
:1018F8001A440832C5F828227368C5F83042C5F87A
:1019080024323E4BC5E9AB63316800F02FFA044638
:10191800002837D1D9F804A0D9F80030D9F810B088
:1019280005930BF53279DAE90734CDE90600012B86
:10193800484608BF103C0DF0C3F905ABDAF824108F
:101948002F484FF48062009323464FF4886404FBC9
:101958000101484607F07EF82A490BF52E700DF074
:1019680068F9DAE9050183685C684CB15B46264A88
:10197800A047044630B9DAE9050183681B692BB929
:101988006FF05704002129E0013286E701229847C9
:1019980004460028F6D11D4B2846C5F8C8311C4B13
:1019A800C5F8CC311B4B0393D5F838320293D5F8E0
:1019B8003432CDE9008305F50F73B26AD5F86813A0
:1019C80000F09CF904460028DCD105F1F00006F08F
:1019D8001DF90028C5F870030ADB0221384609F012
:1019E8008CF8204609B0BDE8F08F6FF00B04C9E70A
:1019F8006FF01504C6E76FF07704F2E7EDAA040864
:101A080000240024D3AA0408C7AA04089D1A0408BD
:101A180019AC0408211A04082DE9F04190460C4637
:101A280099B30B788BB3D0F8BC50A5F5DE76143596
:101A38004FF0FF324FF0FF33284606F043FD2146B2
:101A4800304609F024F80746A0B93046104909F095
:101A58001EF8064620B92846BDE8F04109F04BB803
:101A68001F22214648300DF049FB86F86770C6F8FA
:101A78006880F0E7284609F03EF843462246394692
:101A88003046BDE8F041FFF7C7BEBDE8F08100BFB2
:101A9800AB11050813B5044640B100230122CDE976
:101AA8000032074BD0E9091205F0DEFF236F1B68EF
:101AB80023B1606F02B0BDE81040184702B010BDF6
:101AC800AB11050813B5044608462169BFF35B8FBF
:101AD800D1F86C13BFF35B8F022910D193B1A0B179
:101AE8000121CDE900311346D0E9091205F0BCFF08
:101AF800074B984208BF6FF00B0002B010BD6FF0A3
:101B08000F00FAE76FF04C00F7E76FF00100F4E719
:101B18002EF8FFFF2DE9F843894615460669BFF3FD
:101B28005B8FD6F86C33BFF35B8F022B66D11368DB
:101B3800EBB11B78DBB1D6F86873002F3FD106F5FF
:101B4800E8784FF0FF324FF0FF33404606F0BAFC1A
:101B58002968304608F09BFF044660B92949304699
:101B680008F095FF044638B9404608F0C4FF6FF006
:101B78001500BDE8F883012705F108032367AB6961
:101B880064646367002384F86C3067B1404608F0EA
:101B9800B2FFA36E2A6821463046FFF73DFE0020BB
:101BA800C9F80040E5E71F22296804F148000DF054
:101BB800A5FA404684F8677008F09DFFEFE71149E1
:101BC800304608F064FF04460028D0D005F1080329
:101BD80000271F220367AB6980F86C704367406475
:101BE800483029680DF08AFA22460121304684F8E7
:101BF800677000F065F80028D1D0B8E76FF00F00E3
:101C0800B7E700BFAB11050810B50C460069BFF374
:101C18005B8FD0F86C33BFF35B8F022B0FD189B188
:101C28000A4900F52E700DF030F820460CF080FBC4
:101C38007822002120460DF047FA002010BD6FF0F1
:101C48000F00FBE76FF00100F8E700BF1C1C002441
:101C58002DE9F04FD0F8BCA085B005460E46904659
:101C6800AAF5BA74002721463046FEF779FDE0B997
:101C7800124BA4F1480B3246294602935846DAF82B
:101C88001030AAF5DE79CDE900834FF0FF3305F077
:101C980017FF78B97823012203FB079383F86C2098
:101CA800DAF80C300BB1584698477B1C783401277A
:101CB800022BD8D105B0BDE8F08F00BF47AC0408AF
:101CC8001FB5144690B18AB1012912D10A4B00F10F
:101CD800F00148320293D0F8CC31204601934FF0FE
:101CE800FF33009305F0ECFE04B010BD6FF0150053
:101CF800FAE70020F8E700BF47AC04082DE9F043F5
:101D080087B00E4614461F46DDE90E81DDE9102531
:101D180030B329B3DFF850C000F1F009002D08BF37
:101D280065469EB90596CDE9034400F5DE74204664
:101D38000CF028FD03AB2A4641464846CDE900434E
:101D48003B4605F0D5FF07B0BDE8F08300224146C9
:101D580048460E922A4607B0BDE8F04306F0DCB8C4
:101D68006FF01500EFE700BF591C0408F0B52C4AC6
:101D780087B004460E4604AB92E8030083E80300EC
:101D8800002C49D0184605F08FFD0546B0B9E16C26
:101D98004FF0FF3304F1540704F13802A1630093B4
:101DA800CDE901003846236D0CF008F8A06C08F066
:101DB80067FFC4F8BC0020B96FF00B05284607B0D0
:101DC800F0BDA06C08F05CFFC4F8C0000028F3D098
:101DD800236CD4F8BC10C4F890300423B4F848201D
:101DE800C4F89430C4F8AC300223C4F88C10E36211
:101DF8000C4B616C236204F18C03C4F8A070A4F846
:101E08009820C4F8B870C4F8A810A4F8B020C4F892
:101E1800A400A6612363D1E76FF01505CEE700BFE4
:101E2800CCFA040888FC04082DE9F0470446074664
:101E38004FF00109DFF84C8094FAA4F5B5FA85F55E
:101E480009FA05F32E0108EB05156FEA030A24EADF
:101E580003042B7B63B158F806301B696BB9464401
:101E68000422284607EA0A077368196808F091FFF0
:101E7800002CE1D13846BDE8F0872846984700286D
:101E8800F6D1ECE7BCFA040810B5002288B00F4977
:101E98000F480DF0E0F849F64042002300240D49B0
:101EA8000D480094CDE906230E234FF44072CDE986
:101EB8000334CDE90144094B06F0F4FE084906480D
:101EC8000CF016FF204608B010BD00BFED1E040838
:101ED800A012002440280024180E00240D22040813
:101EE800AD040508014806F0E1BB00BF7C050024ED
:101EF8002DE9F047804620480F4608F022FF0646A5
:101F0800002832D000252846BDE8F087237B83B11E
:101F18002368DB680BB120469847636883F806900E
:101F280023681B69CBB9636804222046196808F046
:101F380030FF013610345445E8D3B8F1000FE2D031
:101F4800002DDFD02846FFF76FFF0546002FF7D09A
:101F5800002164200CF08CFFF2E720469847002807
:101F6800E1D009FA06F31D43E3E7044C0546DFF820
:101F780010A04FF00109DEE74C1C0024BCFA04084D
:101F8800CCFA0408014B53F820007047C8FC040839
:101F980008B5034608462BB1044A136000F03EFC1E
:101FA800002008BD6FF01500FBE700BF1C010024EE
:101FB80010B5044C237813B9034806F077FB0123C6
:101FC800237010BDD92300247C05002410B50446D5
:101FD8000B4808F0B6FE5CB10A4BBFF35B8F53E8C1
:101FE800001F013943E80012002AF8D1BFF35B8FC4
:101FF800054807F0F7FB0548BDE8104006F056BB5A
:10200800441C0024481C0024A01200247C05002441
:10201800064B0022BFF35B8F53E8000F43E8002113
:102028000029F9D1BFF35B8F704700BF441C00241F
:1020380070B5FFF7EDFF084C0546084EB44200D3D3
:1020480070BD63685B792BB123685B6813B129465F
:10205800204698471034F1E7BCFA0408CCFA040883
:1020680010B5044C0449204608F07DFA034B1C6067
:1020780010BD00BFB4040024B4FC04083C1C0024B8
:1020880000230D4A4FF47A710C4810B513700C4AAE
:1020980013600C4A1360FFF77BFFFFF7E1FF0A4B61
:1020A8000A4918468B4200D310BD1A1A5C681033CF
:1020B800121101322271F5E7DA23002465AD040814
:1020C800441C0024481C0024BCFA0408CCFA040868
:1020D800014600220023014808F066BAB40400242F
:1020E800014808F0FDBA00BFB4040024024B0146C1
:1020F800186808F050BB00BF3C1C0024014808F0D9
:1021080085BB00BFB4040024274B70B51B78002B97
:1021180047D0FFF7E5FF044600283FD1234B244D65
:102128001B68002B12DD0CF04EFF0A220023FEF77D
:10213800FDFAD5E90032C01A40F2E93361EB020139
:10214800984271F1000101D3FFF772FFD5E900321F
:1021580013F57A7342F10002C5E900320CB3BDE809
:102168007040FFF7CBBF6B685B7923B12B682146C2
:1021780028461B6898471035B542F4D32046FFF728
:10218800B5FF0C4BBFF35B8F53E8001F013943E8E1
:102198000012002AF8D1BFF35B8FBFE7064D074E48
:1021A800EAE7002070BD00BFD9230024441C0024A6
:1021B80098120024481C0024BCFA0408CCFA04082D
:1021C80070B50D4D297861B90C4C01200C4EFFF704
:1021D8008FFEB44206D3FFF797FF0028FBD10123F7
:1021E8002B7070BD63685B791BB1236820469B68C0
:1021F80098471034EDE700BFDA230024BCFA04083E
:10220800CCFA040800212DE9F8430846FFF770FED0
:10221800044648B34FF4FA784FF000091B4B00F01E
:10222800D5FF1B4A1B58136033B11A4B1B68092B87
:1022380002DD194806F03AFA0025184F44B1204645
:10224800FFF7F2FD044618B94FF0FF384FF0FF3999
:10225800FFF75AFF064628B9B5B90F4842464B461C
:1022680006F058FA3546E9E74FF0FF384FF0FF39E6
:10227800D4E72B689B691BB1002228461146984772
:102288001035BD42F5D3E8E7054DFAE70800000030
:10229800401C0024481C00247C050024CCFA0408B7
:1022A800BCFA040813B5184808F04BFD174B1B7807
:1022B80073B1EFF31184102383F31288BFF36F8F88
:1022C800FFF722FF84F31188BFF36F8F02B010BDB0
:1022D8000F4B1B68002BF9D050B9002200230D4882
:1022E800CDE9002342F21072002307F043FAEDE72C
:1022F8000928EBD1074807F075FA074802B0BDE88E
:10230800104006F0D3B900BF481C0024DA2300248B
:10231800401C0024A01200247C050024064B10B5A4
:1023280004461B6898472146A060044808F0B9F99C
:10233800BDE81040FFF7B6BF1C010024B404002418
:10234800044A054B9B1AB1EBD30F34BF52F8310046
:102358000020704724FA0408BCFA04082DE9F04F5D
:102368008FB0C1F34A260D46904604AF0C0DB860F5
:102378007B60002E61D04FF000090A234FF0040B58
:1023880007F1140AFE604A46C7F824904046C7E998
:102398000799009307F11C03CDF808B0CDF804A005
:1023A800F968FEF773FEB0F5006F03461CD36C4660
:1023B8008AB0D8F8041004AB24481A46C3E90501CA
:1023C80040F2FF71D9614FF400711984204B42F833
:1023D800103F4FF412514B461E48FFF7BFFFA5466A
:1023E8002C37BD46BDE8F08FC0F30A0604F117008C
:1023F8003B60184466F3532520F007008008FFF778
:1024080067FE044680B13B6800F11001124A40465D
:10241800F961C7E908390A23009307F11C03CDE9DC
:1024280001ABF968FEF732FE66F353257B68B9689D
:1024380020462A4608F0CDFCD2E704F1170020F028
:1024480007008008FFF744FE0446EDE7C2040508CC
:10245800040000013CFA0408ADAD04082DE9F04F72
:1024680087B00546884614469946DDE9127ADDE9C3
:10247800106BBFB110213B465A460020CDF800A092
:10248800CDF814A0FEF74EFCB0F5006F01460BD353
:1024980040F2FF73184A0221184807B0BDE8F04F10
:1024A80008F0F0BC3946384604F0070305F0070485
:1024B800E40044EA831444EA402444EA065406F15A
:1024C80017000391084420F007008008FFF700FE7A
:1024D800054640B13FB13B465A4603991030CDF806
:1024E80000A0FEF71FFC4B4622464146284607B08F
:1024F800BDE8F04F08F06DBC010505083CFA04087A
:10250800406820B1034BC01A40F3CF0070474FF02A
:10251800FF30704724FA04080EB403B503AB014634
:10252800054853F8042B019301F04EF802B05DF80A
:1025380004EB03B0704700BFEFAE0408CA0605D429
:102548008B064CBF02490349FFF7E6BF704700BF3F
:10255800AA110508A91105082DE9F04F89B0984678
:1025680004460D46159B9DF850900693189F0592BA
:10257800DDE916A30493B9F1000F00F0B08007F469
:10258800807307F0020B079308F001FC024600284D
:1025980074D078492046FFF7BFFF0646BBF1000F0D
:1025A80008D017F0440F6BD12A4673492046FFF72D
:1025B800B3FF064407F0010353B1704B204670493E
:1025C80053F829206F4B002A08BF1A46FFF7A4FFCB
:1025D80007F48073002B07F0080318BF4FF00008BA
:1025E800002B79D0684B2046684953F82920FFF71B
:1025F80093FF0546059B2BB11A4665492046FFF710
:102608008BFF0544B8F1000F05D0424661492046CA
:10261800FFF782FF054435445F48069B1BB12246FD
:102628005E4907F042FE049B002B00F08E80DDF827
:102638001080002639462046B8F1100F28BF4FF009
:102648001008FFF77BFFB54250DC002633461AF826
:10265800032020465249FFF75FFF0136102E4BD06A
:10266800710703D14F492046FFF756FF46453346C9
:10267800EDD34D492046FFF74FFFEEE706468DE7BD
:102688004A4B1868002894D0494B4FF47A7B4FF096
:102698003C0C1B68B5FBF3F5B5FBF0F100FB1155DD
:1026A8004FF461630BFB05F5B1FBF3F2B5FBF0FEEC
:1026B80003FB121100FB1E55B1FBFCF30BFB05F5E8
:1026C8000CFB1311B5FBF0F5009120463949CDE913
:1026D80001E5FFF721FF6CE707F008058AE7B8F185
:1026E800010F4D460CBF2C48334896E72D4920462C
:1026F8000136FFF711FFA6E7002630492046FFF70D
:102708000BFF33461AF8032020462D49A2F1200377
:102718005F2B28BF2E22FFF7FFFE0136102E0DD0AB
:10272800720703D11F492046FFF7F6FEB04533462E
:10273800E8D81C492046FFF7EFFEEEE7049BC244A9
:10274800B3EB080304937FF472AFB9F1000F0AD01A
:10275800FB0704D50B4A20460949FFF7DDFE394639
:102768002046FFF7EBFE204609B0BDE8F04F08F021
:10277800ADBB00BF3E05050842050508D8FC0408A6
:102788006705050839050508ECFC04086A0505080D
:102798007005050874050508EFAE0408D13504086E
:1027A800790505087511050873110508541C0024DE
:1027B800501C00244B05050825AF04087F050508B3
:1027C8008105050842F20F73114A8B4273B504461E
:1027D80028BF0B4605680521684607F083F863683B
:1027E80006460B2228465B680A4908F061FB6368C5
:1027F8003246694628465B6808F05AFB63681B2224
:1028080005495B68284608F053FB02B070BD00BF5D
:10281800150F05080B130508EF1205080021012301
:10282800064A904206D8064A01B901231360054BAF
:1028380018607047400801215B00F2E740420F0032
:10284800501C0024541C0024F8B50D4604464618B4
:10285800054FB44201D12846F8BD14F8011BBB68E6
:1028680001485B689847F4E7C8F40408014B036023
:102878000320704734FD04080E4A0F4B13B5012896
:1028880018BF1A46044601460C4809F065F870B9A5
:10289800012322460A49094809F059F938B90123A0
:1028A800EF22214605480093022308F056FC02B0A7
:1028B80010BD00BF280100243C010024E4050024C9
:1028C800ED05050808B51549154808F03CFD20BB7D
:1028D8001449134808F037FDF8B91349104808F0AF
:1028E80032FDD0B911490E4808F02DFDA8B90C48A1
:1028F80008F02CFC01280CD00020FFF7BDFF60B9C0
:10290800074808F053FC40B90548BDE8084008F0FE
:102918007DBCFFF7B1FF0028EED008BDC801002438
:10292800E4050024B001002498010024800100245B
:1029380003480021034A08B5121A08F06DFB08BDC8
:10294800A0060024E02300240748084A0849121A70
:1029580008B508F063FB0748074A0849121ABDE89A
:10296800084008F05BBB00BF00000024900600246C
:1029780090130508000000240000002490130508A7
:102988002DE9F047064600AF0C46002936D0E94647
:102998008AB0A3686D46D1E9001221484FF0050AB4
:1029A800E846CDE90501CDE9072348F810AF002333
:1029B80042464FF421511B48FFF7D0FCCD466369CE
:1029C800AD46D4E903121848C5F810A0C5E90501B9
:1029D800C5E90723002342464FF421511148FFF768
:1029E800BDFCCD46E369114A01210E4808F04AFAB8
:1029F800A3690F4A01210B4808F044FA012E07D1B8
:102A0800EFF305830B4A103B3146064808F03AFAC3
:102A18002146304605F0A6FABD46BDE8F08700BF5E
:102A28000606050874FA040835060508640605084C
:102A380073060508A106050830BFFFF7FDBF00BFF4
:102A48002DE9F0410B4E0546DFF82C80324606EBA7
:102A58000807CC1B094920460CF028FBA019083CA4
:102A6800424600210CF030FB07F108002C67BDE856
:102A7800F08100BF0000000008000000CCFA040844
:102A880010B5204C2049214808F0D5FAA36A9901CD
:102A980036D51E481E4908F0CEFA1E20A36ADA0170
:102AA80004D51A481B4908F0C6FA1F20154CA36A1A
:102AB8001B0304D51548184908F0BDFA2120A36A5C
:102AC800590304D51148154908F0B5FA22200D4CD0
:102AD800A36A9A0304D50D48114908F0ACFA2320DB
:102AE800A36ADB0304D509480E4908F0A4FA242098
:102AF800044A936A6FEA03436FEA1343936210BD73
:102B08001D20CBE700ED00E0B406050874FA0408C0
:102B1800CC060508DF060508F906050817070508A5
:102B28003C0705085607050870B506460D46284CAB
:102B38002849294808F07FFAA36AD9043CD52648D1
:102B4800264908F078FA1720A36A1A0504D52248FE
:102B5800234908F070FA18201D4CA36A9B0512D56A
:102B68001D48204908F067FAA36BA26A100409D52A
:102B78001D4A0121184808F085F91EB1A36A23F4FB
:102B88000043A3621920124CA36A590504D51248C0
:102B9800164908F050FA1A20A36ADA050ED50E482D
:102BA800134908F048FA1B20094A936A43F47F4303
:102BB800936200232B7070BD1620C5E7A36A9B049F
:102BC800F2D505480B4908F036FA1C20ECE700BF9F
:102BD80000ED00E08107050874FA04089707050866
:102BE800A8070508BB070508D4070508E90705086D
:102BF800040805081C0805082DE9F843804689469D
:102C08001746354D3549364808F015FAAB6ADE06E1
:102C180027D511243349324808F00DFAAB6A1D074D
:102C280004D5122430492E4808F005FA2A4DAB6A1B
:102C3800980718D52D492A4808F0FDF96E6BAB6A3C
:102C4800190646D52A4A33460121254808F01AF9BB
:102C5800B9F1000F03D0AB6A23F08003AB621324F1
:102C680003E01024DAE76FF015061B4DAB6ADA07AC
:102C780004D514241F491A4808F0DDF9AB6A9B06ED
:102C880004D515241C49164808F0D5F9124B9A6A40
:102C9800D50602D49A6A90070AD55B68190507D544
:102CA8004146304600F0E4F910B180F30988022467
:102CB800094B9A6A920603D55A6A22F400525A625C
:102CC8009A6A204642F0FF029A6200233B70BDE8F0
:102CD800F8836FF01506C2E700ED00E04B08050821
:102CE80074FA040861080508A80705089408050887
:102CF800AC080508C20805081C0805082DE9F041BC
:102D0800684B8AB004460025D3F8048000AFC8F3A6
:102D1800080685F31188BFF36F8F02F07F43B3F184
:102D28007F4F07D102F00C03082B12D15E495F4890
:102D380008F081F900252C460023FB71F31E092BAE
:102D480000F29080DFE803F00A8689828E8E8E8EEC
:102D58008E8C10074CBF0C460125EDE754495348AB
:102D680008F069F94F4E0023FB71F36A9A0705D5FD
:102D780050494E4808F05FF900232DE0F36A002B14
:102D880001DA4D49F5E7F36A5B00F5D54B49474849
:102D980008F051F97369A26943F480737361BFF352
:102DA8004F8FBFF36F8F32F8023C726922F4807242
:102DB8007261BFF34F8FBFF36F8F03F47F42B2F599
:102DC8005F4F2CD1DBB2022B29D123683C4A012169
:102DD800364808F057F82368FA79E2B907F1080687
:102DE80004F1200C2068083454F8041C3246644569
:102DF80003C21646F6D17A6A002D50D0C2F30801F4
:102E080021B96FEA52226FEA42227A6207F1080179
:102E18001846FFF7B5FD2837BD46BDE8F081214BC0
:102E28009A6AD2B22AB1FA1D01212046FFF7E4FEC0
:102E38000EE09A6A12F47F4F04D0F91D0120FFF7C3
:102E480073FE05E09B6AB3F5803F95D3FFF718FE44
:102E58000346C1E7FA1D0021E7E7F91D0020EEE768
:102E6800184986E718F4F87F174AE8468AB0174BDE
:102E780008BF13466A461649103ECDE905134FF4BC
:102E880000730796ADF82030124B42F8103F00232C
:102E98004FF411510548FFF761FAC5466CE76FF327
:102EA8000802B2E700ED00E00F09050874FA04080B
:102EB8003A09050851090508720905088009050835
:102EC8009F090508BB090508E1080508F608050873
:102ED800DF09050804000001044B5A6942F010029A
:102EE8005A615A6922F008025A61704700ED00E001
:102EF800EFF30880EFF3098101B57246FFF7FEFE94
:102F080001BD00BF0B4880F3088807F034FD10208E
:102F180080F3118808484FF40461401880F3098849
:102F2800EFF314800221084380F31488BFF36F8FF6
:102F380000F06AF8C04B0024003200241EF0040F91
:102F48000CBFEFF30880EFF30980816911F8021CC8
:102F58000229FFD001B5724608F062F801BD00BF32
:102F680000B2002807DB0123410900F01F00024AD4
:102F7800834042F82130704700E100E000B20028A9
:102F88000CDB4309012200F01F0005492033824071
:102F980041F82320BFF34F8FBFF36F8F704700BFF7
:102FA80000E100E04209054B00F01F0053F8222021
:102FB800012303FA00F01040704700BF00E100E071
:102FC80000B2013100284FEA0111C9B206DB00F155
:102FD800604000F5614080F80013704700F00F0072
:102FE800014B1954704700BF14ED00E0044B054A2B
:102FF80023F07F039360BFF34F8FBFF36F8F70474A
:103008000000040800ED00E008B5FFF7EFFF0C4AE8
:10301800D2F8883023F47003C2F88830EFF31483B1
:1030280023F0040383F31488BFF36F8FFFF780FC4A
:10303800FFF78AFC00F0ACF808F01CF805F0B6F8C9
:1030480000ED00E042F8203C203A009B074953601D
:10305800019B21F001019360029B9161D3604FF0C5
:103068008073D361002302654367704769140408BD
:10307800094A0346906870B113F1160F006E05D027
:10308800A0F14002934205D3834203D2814228BF74
:103098000020704700207047A41F002415460C4AE2
:1030A8000E4608B50B4B9060026F1A6000F018F9D5
:1030B8002C4686F309880020034B984720460021B8
:1030C80000220023014C204755B004086914040865
:1030D800A41F00247C1C0024014B10221A61704795
:1030E80000ED00E0054B5A699B689A4204D0044AF7
:1030F800536843F080535360704700BFA41F0024F7
:1031080000ED00E0084B9B6883420BD1EFF3058389
:1031180043B1064B5A6842F080525A605A6A22F408
:1031280000425A6206F040B8A41F002400ED00E0F7
:1031380014498A684FF030001044EFF3098C80E896
:10314800F01F102080F31288BFF36F8F0E4F4FF0DF
:1031580000664A698A603E60106F0C4C2060506FB0
:103168000023536780F3118804B5104600F0B8F8BF
:10317800BDE8044002F1300090E8F01F8CF30988A4
:1031880070470000A41F002404ED00E07C1C00240C
:10319800002304481021C21801337E2B82F8001343
:1031A800F9D1704700E100E008B5EFF30583064A5E
:1031B800103B02EBC30152F8330049688847BDE869
:1031C8000840FFF78FBF00BF38F5040801480068C2
:1031D800704700007C1C0024154A70B5536913F42D
:1031E800803323D1C2F88430BFF34F8FD2F88030B8
:1031F80043F6E074C3F3C900C3F34E335B0103EA3B
:103208000406014646EA81750139C2F86052F9D2CE
:10321800203B13F1200FF2D1BFF34F8F536943F4D2
:1032280080335361BFF34F8FBFF36F8F70BD00BF03
:1032380000ED00E0002910DD00F01F030B44BFF390
:103248004F8F07490344C1F8680220301A1A002A30
:10325800F9DCBFF34F8FBFF36F8F0020704700BFBB
:1032680000ED00E0002910DD00F01F030B44BFF360
:103278004F8F07490344C1F85C0220301A1A002A0C
:10328800F9DCBFF34F8FBFF36F8F0020704700BF8B
:1032980000ED00E00B4B5A6912F4003211D1BFF374
:1032A8004F8FBFF36F8FC3F85022BFF34F8FBFF319
:1032B8006F8F5A6942F400325A61BFF34F8FBFF3E0
:1032C8006F8F704700ED00E0024B0121024A03486E
:1032D80000F08AB8000008240000002464FD0408F7
:1032E800036E4021044A403B10461360034BC2E979
:1032F8000113012100F082B8801C002400000B1586
:1033080008B503461048D0F89020C2F30722013AC6
:10331800934207D90D4801210D4A07F0B3FD6FF01C
:10332800150008BDC0F898300A6822F01F021A4339
:1033380042F01002C0F89C208A6842F00102C0F8EE
:10334800A0201846EDE700BF00ED00E05CFA040895
:10335800F6090508F0B50E4685B01F460446002557
:10336800B5420DDA606810B397B1431E18420AD00F
:10337800104A2B460121104807F084FD6FF0150212
:10338800104605B0F0BD1F28F2D921680B42EFD1D5
:10339800236801A9019307F06EFEA3680343D0B226
:1033A8000393FFF7ADFF10F1160FE7D0421C01356C
:1033B8000C34D5E71C0A05085CFA0408044B0522FE
:1033C800C3F89420BFF34F8FBFF36F8F704700BFD0
:1033D80000ED00E0BFF35F8F024B0022C3F894209A
:1033E800704700BF00ED00E010B5034C01232278C0
:1033F800FFF7B0FF207010BDDC2300240B4A08B58E
:1034080000231278FFF7A6FF10F1160F07D0084A1D
:103418000021D2F89030C3F30723984200DB08BD9F
:10342800C2F898000130C2F8A010F2E7DC230024AB
:1034380000ED00E05E485F492DE9F043D0F8903098
:1034480085B00C68C3F307239C4200F2AE80FFF7F7
:10345800C1FF49680022944201F10C011AD1564F6C
:1034680068464FF00008554D3C70FFF7FFF9544C83
:103478008146544EC14520D13B7800204C49D1F8B3
:103488009020C2F307229342C0F289800020FFF700
:1034980095FF50E0C0F8982051F80C3C23F01F032A
:1034A8001343013243F01003C0F89C3051F8043C38
:1034B80043F00103C0F8A030CDE700984FEA081C9C
:1034C80000EB0811CB682340B3F5000F49D00BD8A7
:1034D800B3F5001F32D0B3F5800F37D0B3F5801F96
:1034E80014D008F10108C5E7B3F1007F42D0B3F169
:1034F800805F48D0B3F1807FF3D150F80C308868F2
:1035080007F0B9FD4A6840F0887009E050F80C30BF
:10351800886807F0B0FD40F088504A6840F43020D1
:10352800039001A93878CDE90123FFF7E9FE0028C7
:1035380031DA6FF0150005B0BDE8F08350F80C30B3
:10354800886807F098FD4A683043E9E750F80C307E
:10355800886807F090FD40F0C0604A6840F4003089
:10356800DEE750F80C30886807F085FD4A6840F0BF
:103578008270D5E750F80C30886807F07CFD4A68FF
:1035880040F48020CCE750F80C30886807F073FDD1
:103598004A682843C4E73B7801333B70A1E7C1F888
:1035A80098300133C1F8A00069E74FF0FF30C2E757
:1035B80000ED00E02CFC0408DC23002400000211CC
:1035C8000000F0FF00000811F0B587B007460E466E
:1035D80014460021102268461D460BF075FD022393
:1035E8002A4621468DF802306846044BCDE9047618
:1035F800019306F0A1F907B0F0BD00BF9FB0040821
:1036080008B5024B1B689847002008BD8C1C002495
:10361800034B044A1860937843F002039370704791
:103628008C1C0024E00100240649074821F007010A
:10363800C1F1105208B502F5002206F0E4FD0020A1
:1036480008BD00BF13800024901C002470B5416998
:103658000446867A0A4D59B1437ADB0706D42423F7
:1036680003FB0653DB691B689B689847002363616B
:103678002420214600FB0650BDE870400BF076BAC6
:103688009C0500242422024B02FB0030704700BF37
:103698009C050024827A2421054B01FB02331A6A17
:1036A8001B7D801A1B3323F00303B0FBF3F0704734
:1036B8009C05002438B52424827A064B04FB023387
:1036C800DB69D3E901240C601568FFF7E3FF04FB0D
:1036D800005038BD9C0500242DE9F04385B005460F
:1036E80090461C46684603910BF06FFCDDE90067C5
:1036F800EFF31189102383F31288BFF36F8F6B8A5E
:10370800002B41D02A8A9A4225D900220023284634
:1037180004F09AFF0446F0B189F31188BFF36F8F64
:10372800039B002B41D032463B4668460BF072FCA7
:10373800A27A2421254B204601FB023303A9DB6929
:103748001B681D68DDE90023A847606170BB20463F
:10375800FFF77CFF24E0698A4B1E6B8289F311888E
:10376800BFF36F8F2B7D2A8A1B332C6A521A23F0E2
:10377800030302FB0344154B154AEB1A9B105343F2
:10378800A3722B7DE372CBE789F31188BFF36F8FA8
:1037980023464246284604F057FF04460028BFD176
:1037A8000024204605B0BDE8F083636101230025AD
:1037B800E27A04F1180023812946039B656063823D
:1037C8000BF082FC63692582E360EAE79C0500242C
:1037D800398EE33870B50D4C242500B970BD037AD5
:1037E8004668002BFAD0013BDBB20372002BF5D1FF
:1037F800C3604360837A05FB03439B6913B1984711
:103808003046EAE7FFF722FFFAE700BF9C050024ED
:103818002DE9F04F1F4685B080468946154607F0CA
:1038280090FC044687B1404607F090FC012808D078
:103838002F4B6FF08502FFF7C9FC1A5005B0BDE8A1
:10384800F08FB4FA84F464096A1C21464046D2B267
:1038580008F009F806460028EAD045684FB12868FC
:1038680001AB696803C32A7A01AD1A7007238DF882
:10387800053009F10C07384607F0F7FD2A78294684
:10388800824228BF0246384607F030FCD6F80CA022
:10389800BAF1000F0AD1B9F81010B8F82E309942D1
:1038A800CCD9C91A384607F03CFCC7E7DAF8040057
:1038B80083681B6B13B9DAF800A0E9E7214698473B
:1038C8000028F8D0051F55F804BFBBF1000FF2D04F
:1038D8009BF80060002EEED0384607F0C6FDB042D7
:1038E800594634BF82B23246384607F0FFFBEAE752
:1038F8000C0000002DE9F04190F8283004460F46EE
:1039080000F1280603F01F03012B2FD0022B18D03B
:103918008BB394F82910204607F0BBFC024678B315
:1039280030461E4D07F0A9FD002834D113693BB37A
:103938003A463146204698470346FFF747FC2B5046
:1039480024E0818DC9B208F0C8F805460028E0D007
:10395800304607F092FD024668688368CAB99B68DA
:1039680073B13A463146BDE8F0411847818DC9B276
:1039780008F09AF8E9E790F8291008F0D1F8E4E798
:10398800064B6FF08502FFF721FC1A500020BDE8B6
:10399800F081DB68E4E7D368C9E700BF0C000000EA
:1039A8002DE9F04F0B7E93B004460D4633F08008A6
:1039B800164640F081847AB10846FFF70BFF6B7E0C
:1039C800DF0703D49E0711D52B7E7BB9204613B0A1
:1039D800BDE8F04F07F07DBD4A7E00F12809900749
:1039E80008D5802B0CD12846FFF7F4FE404613B0CB
:1039F800BDE8F08F910700F02384002B40F020846D
:103A0800D2072FD52B8A082B40F0FA83EA6829467B
:103A180000201368A3625368C9F8043007F054FB08
:103A2800054610B1FFF7D6FEEFE0484607F025FD42
:103A3800E28D70B9B2B12946A06908F0EAFF0146E3
:103A4800002800F02984204613B0BDE8F04F08F0A4
:103A5800EBB93AB11146204608F0E1F905460028CD
:103A680000F01A8494F828800023FFF7AFFBB14FC9
:103A780018F0600FC351C8F3411307D0032B40F06F
:103A8800BB816FF08503FFF7A1FB37E0484607F0DD
:103A9800F4FC94F82930002840F04E81013B0A2BB1
:103AA800EFD801A252F823F0273C04088B3A040807
:103AB800B33C04088B3A0408DD3A04088B3A04083E
:103AC8008B3A04088B3A04084D3B04088B3A0408E7
:103AD800AF3B0408618D7F29D3D8A38D002BD0D1AB
:103AE800E38D002BCDD118F01F0FCAD194F83030D8
:103AF800022B05D14FF0FF33FFF768FB3B5076E010
:103B0800A069036993F880301B0707D5C9B207F08D
:103B180016FD804628B1002D6CD167E7012384F893
:103B2800393094F83030012B0AD1638D43B984F8C9
:103B38003030FFF74BFB3B58002B00F0858056E0F8
:103B48000123F4E7204607F0FCFA628D0146FF2ABC
:103B580097D8E38D002B94D194F82830D80690D1CB
:103B680094F83030002BC5D02AB1D2B2204607F0E5
:103B7800A0FE0028BED0618D94F838308B42D8D092
:103B8800C9B2204607F09CFE80460028C3D1628D4A
:103B980005212046002A14BF0223012384F830306F
:103BA80008F0C7F9C5E708F01F08B8F1010F7FF45E
:103BB80068AFE38D002B7FF464AF628DFF2A3FF678
:103BC80060AFA18DFF293FF65CAF94F83030022B2F
:103BD80090D1D2B22046C9B208F0A6F810F1020F6F
:103BE800804640F00E81FFF7F1FA47F8008065B192
:103BF8004FF000082846FFF7EDFDB8F1000F7FF4FD
:103C0800F5AEFFF7E3FA3B58F3B1484607F035FC49
:103C18000346A069002B00F04283802148E3E38D2E
:103C2800002B7FF42EAF94F83030002B3FF462AFB6
:103C3800012BA18D02D100297FF45CAF18F01F0879
:103C48000CD0B8F1020F16D0E38D002B40F0CB82D8
:103C5800204607F028FC0028D7D1B7E600297FF4D2
:103C680049AF638D012BEFD194F86C3061F3C30336
:103C780084F86C30E8E7B4F82AA0BAF1000FE3D171
:103C88005FFA81F82046414608F03AF90346FFF703
:103C98009DFA3B50013302D14FF0FF383BE75246C3
:103CA8004146204607F0EFFB43E7E38D002B7FF406
:103CB800E8AE628DA38D022A5FFA83FA11D108F06B
:103CC8001F085AEA08087FF4DCAE0122190AA06925
:103CD80007F012FC00287FF4D4AE012384F83930B1
:103CE80027E794F8301000293FF404AF012902D1E6
:103CF800002B7FF4FFAE18F01F0811D0B8F1020FA7
:103D0800A2D1002AA0D15146204608F0E5F8034682
:103D1800FFF75CFA3B500133BED001225146C0E7A1
:103D2800002B7FF4E7AE012A8ED194F86C3043F073
:103D380008039DE70C0000000A2B3FF6A2AE01A283
:103D480052F823F0793D04088B3A04088B3A0408AA
:103D58008B3A04088B3A04088B3A0408F33D0408AC
:103D68008B3A04086B4104088B3A0408954104080F
:103D7800E38D022B7FF485AE94F83030002B3FF4AE
:103D8800B9AE012BA18D02D100297FF4B3AE18F092
:103D98001F0811D0B8F1020F1CD04FF0000805F130
:103DA8000C0A504607F061FBE38D984218D26FF079
:103DB8000B03FFF70BFAA1E600297FF49BAE94F8FA
:103DC8006C304FEA9308C3F3001308F0020848EA7E
:103DD8000308E4E7C9B2204608F0A1F88046DEE708
:103DE8004146504607F093F9A3E6628D18F01F0F7D
:103DF8004FEA1223D2B209D029462046FFF77AFDAE
:103E08008046B8F1000F7FF486AE92E6013B0E2B98
:103E18003FF637AE01A151F823F000BF613E040818
:103E28009D3E0408AD3E04088B3A04088B3A04080A
:103E3800F13F0408A93E04088B3A04088B3A0408A9
:103E48008B3A04088B3A04088B3A04088B3A040826
:103E58008B3A04088540040805F10C08B4F82EA034
:103E6800404607F002FB8346204607F06AF920B176
:103E780001287FF406AE616F00E0216F002900F091
:103E88001F82DA450A7828BFDA46524528BF5246CB
:103E980040462FE0002329462046FFF7B9FC48E6B4
:103EA8000123F8E70321204607F033FA8246002869
:103EB8003FF4E7AD07F0D4FAB4F82EB09AF815300D
:103EC800D8B99AF814808DF829308DF82880DAF856
:103ED800103005F10C0A1B885046ADF82A3007F05F
:103EE800C4FAC3455A460AA928BF4246824228BF97
:103EF8000246504607F0FAF81BE6DAF808204FF0B9
:103F080000088DF81530BF4B8DF814801340BE4A59
:103F1800934258D1102106A802F060F8021EFFF65D
:103F2800B0AD0AA9102A0DF1180CDFF8E0E2084636
:103F380028BF1022424501F1020133D892000346FE
:103F480002325FFA82F88DF8148005F10C0A0293A8
:103F5800504607F08AFAD845424605A928BF5A466E
:103F6800904228BF1046022883468046504628BF04
:103F78004FF0020BA8EB0B085A4607F0B7F84FEAC8
:103F880058030193029B9B4603EB58025A4521D1E3
:103F980018F0010F3FF4CDAD019A5046995C07F037
:103FA800AEF8C6E51CF8013B08F101084FEA131A00
:103FB80003F00F031EF80AA01EF8033001F802AC44
:103FC80001F8013CB6E79AF81480DAF810308DF859
:103FD8001480BAE71BF8011B5046CDE9022307F00D
:103FE80096F8DDE90223D1E7204607F0AAF8D4E9DC
:103FF8001C83002808BF984600232046CDF82A30A5
:10400800CDF82E300A238DF8283006238DF8293074
:1040180007F09CF8012805D06FF08503FFF7D6F864
:104028003B5086E5B8F1000F00F04A81B8F802303D
:10403800ADF82A3098F804308DF82C3098F805300F
:104048008DF82D3098F806308DF82E3098F8073016
:104058008DF82F3098F8113005F10C0840468DF88E
:10406800303007F002FAE28D9DF828300AA99A420A
:1040780028BF1A46824228BF024609E7204607F0B1
:1040880060F818B10128C7D1636F00E0236F002BD7
:1040980000F016815B88B3F5007FBDD95C4B04F155
:1040A8004C0B0A9300238DF82C30E36C9B4508BF1A
:1040B8000023BDF82A1093B15A7D0F2A08D11A7D22
:1040C8000A44ADF82A209DF82C2001328DF82C20C6
:1040D800226D934201D01B68EBE7BDF82A1005F169
:1040E8000C0A0191504607F0C0F9B4F82E800199E6
:1040F800884528BF88460AA9804528BF804650467B
:104108004246052A28BF0522019206F0EFFF019AD0
:10411800B8EB02083FF40DADE36C5B453FF409AD25
:10412800002B3FF406AD5A7D0F2A14D11A7D504654
:1041380019694245019328BF424606F0D7FF019B03
:104148001A7D424594BFA8EB0208A8EB0808B8F10D
:10415800000F3FF4EEAC226D9A423FF4EAAC1B68C4
:10416800DEE794F83030002B3FF4C4ACE38D012B2C
:104178007FF487AC05F10C08404607F076F9002873
:104188003FF415AE94F83810404608E708F01F08C9
:10419800B8F1010F7FF4AEAC204607F078FB002899
:1041A8003FF4A8ACB4F82CA0BAF1FF0F3FF669AC05
:1041B80043681B795345FFF464AC5FFA8AF30F2B0D
:1041C8003FF65FACE38D012B7FF45BAC05F10C0887
:1041D800404607F04AF900283FF4E9AD04EB0A032A
:1041E80093F83A10D0E7484607F047F918B9284637
:1041F800FFF7F0FA2CE52946204607F015FE48B1EE
:1042080028460FE400FF0200000302005F130508C0
:10421800050F0500A069036993F8801011F00401E7
:104228007FF4D4AB08F009FC054600283FF4EDAC58
:104238000146204607F0F8FD00283FF4C7ABDFE74A
:1042480052077FF5E2AC002B3FF4CDAB2846FFF7D1
:10425800C1FA94F83930002B3FF4C8AB94F82930F0
:10426800052B05D1618DA069C9B207F068F906462A
:1042780094F82930032B09D1638D022B06D1A18D27
:104288000022A069090A07F037F906460023B0465C
:1042980084F83930FFF7AABB6FF00B06B5E4E38D5D
:1042A800002B3FF4BAAC16F10C0118BF0121C9016B
:1042B80008F0E9FAFFF78ABB6FF00408FFF796BB2E
:1042C8006FF0150827E400BF0B78062B10B414D143
:1042D8000369D3F89C20EFF31184102383F3128829
:1042E800BFF36F8F00204B681860506A58B9C2E955
:1042F800083384F31188BFF36F8F0022002303482B
:1043080010BC0AF08ABB03605362F2E7340500244C
:104318002DE9FF4110264FF0FF334FF0FF3201A97E
:104328005C4804F06DF8039B1B69D3F89C40236A32
:1043380093B1EFF3118286F31288BFF36F8F216A6E
:1043480029B1606A0B688142236208BF636282F305
:104358001188BFF36F8FC9B99DF80430062BDAD0E6
:10436800072BD8D801A252F823F000BFC74304088E
:10437800BB430408E7430408CD4304080B4404087E
:10438800014404081F430408954404080B7E204692
:10439800D1F81E205D0609D1FFF702FB024600286E
:1043A800C5D00721204607F0C4FDC0E707F08CFB05
:1043B800F4E700220121204607F0BBFDABE700220D
:1043C8001146F8E794F86C3001A9204643F004033D
:1043D80084F86C3007F0DBF800220321EBE794F84F
:1043E8006C3001A9204623F0040384F86C3007F0F0
:1043F800CEF800220221DEE701A9204607F0C7F81F
:1044080089E794F86C30A76923F0040384F86C30CA
:10441800D7F808803B69BFF35B8FD3F8A030BFF3B0
:104428005B8F9A072FD5D8F83C3038469847D8F88C
:1044380024300021384698470546D8F84030384699
:104448009847ADB92946204607F03AFA054678B9A3
:10445800A06908F011FB831E84F830505842584177
:1044680094F86C3023F0680343EA401384F86C3006
:1044780000220421204607F05CFD002D3FF44BAFDD
:104488002A46072197E74FF0FF35F1E7029A062100
:1044980091E700BF3405002430B589B0002200231D
:1044A80000241E491E480094CDE906236FF0070337
:1044B8004FF48062CDE90334CDE90144194B04F08F
:1044C800F1FB194916480AF013FC184B18498B429E
:1044D80007D3184B002018498B4210D3002009B08D
:1044E80030BD03F11402BFF35B8F52E8000F42E8BE
:1044F8000045002DF9D11833BFF35B8FE7E703F1CF
:104508001402BFF35B8F52E8004F42E80005002D0C
:10451800F9D11833BFF35B8FDEE700BF802B00248F
:10452800D812002419430408590A05086006002413
:1045380078060024780600249006002438B5024640
:1045480005460949806908F0FDFA044648B985F826
:104558003800284607F050F9044610B1A86908F059
:1045680024FB204638BD00BFD142040870B505467B
:1045780081B101290BD10E4C0E4E16E06368284616
:104588001968FCF7EDF818B11834B442F6D30024D2
:10459800204670BD084C094EF7E76368284619683D
:1045A800FCF7DEF80028F3D01834B442F5D3EEE770
:1045B800780600249006002460060024780600246B
:1045C80070B50646EFF31181102383F31288BFF309
:1045D8006F8F1B4D2A6881F31188BFF36F8F526864
:1045E80092F86C20D20705D40A220023BDE8704057
:1045F80004F004BBEFF3118283F31288BFF36F8FCB
:104608002C682CB1696823688C422B6008BF6B60EA
:1046180082F31188BFF36F8F44B1606804F1080119
:10462800C3699847214607480AF099F92B6833B1BE
:10463800304600220023BDE8704004F0ABBA70BDDC
:104648009C1C0024F004002430B585B005460023E6
:104658001548CDE90012002203A903F03FFE0246E7
:10466800E8B9039BDDE900015D60083383E80300D6
:10467800EFF31180102383F31288BFF36F8F039B2E
:104688001A600A4A516861B9C2E9003380F3118897
:10469800BFF36F8F00220023054804F07BFA05B0B2
:1046A80030BD0B605360F1E7F00400249C1C00242B
:1046B8000000002438B54B780469202B4568206930
:1046C80008D0222B19D0124B6FF08502FEF77EFD21
:1046D8001A5010E0CB88072BF5D1D3681A684260CE
:1046E8009A8802819B79837207F048FC2246082148
:1046F800284607F02CFC002038BD4B880921C3F35D
:104708004002838103F00103027622464376EFE7F5
:104718000C00000008B513464A78212A14D133B991
:104728000C4B6FF00B02FEF751FD1A500AE0CA88D5
:10473800016903F10C00072A096928BF072204311F
:1047480006F0D4FC002008BD024B6FF08502FEF78E
:104758003DFDEAE70C00000073B5102504698DF8EB
:104768000710EFF3118685F31288BFF36F8F0122CC
:104778000DF10701E06B06F0B0F886F31188BFF37E
:104788006F8F012810D00AF0ADFAA8B10E4B0122A4
:10479800BFF35B8F53E8001F002903D143E80020D3
:1047A8000028F7D1BFF35B8F0A22002304F14800E9
:1047B80004F0F0F902B070BDA37E002BE6D0002112
:1047C8000A200AF055FBCCE7A41C002438B505697B
:1047D80000240E49EB6B05F14800C3E90144DC6095
:1047E8006B6BC3E90144DC600AF070FA05F17800EC
:1047F80007490AF01EFA074905F124000AF019FAD8
:10480800284607F0BBFB204638BD00BF21480408F6
:10481800F5480408A1C204082DE9F04750F8483CBF
:1048280000F14006074600215B683046D3F8009047
:1048380007F0F2FB002855D00121304607F0ECFBC9
:10484800804600284ED1BFF35B8F56E8003F43F007
:10485800200246E800210029F7D19B06BFF35B8FB1
:1048680040D4484607F054FC0022054600231E4861
:1048780006F022FC044650B93046052107F05FFCDB
:1048880038460A220023BDE8F04704F083B982467F
:104898000576428A5AF80C1F57F80C0C06F03DF8BA
:1048A80005460146504606F01BFC5DB1D9F80400E8
:1048B80007F03CFCB5FBF0F303FB1055B5FA85F89F
:1048C8004FEA58182146484607F82D8C07F0E9FAB0
:1048D80040B12046FEF77EFF30460521BDE8F0478F
:1048E80007F02DBCBDE8F0879C05002470B550F892
:1048F800782C00F110040346002152682046156800
:1049080007F08AFB002841D00121204607F084FBEC
:1049180000283BD153F8442C68689388918916691C
:104928005B1A9BB2F61A07F001FCB0422ED8BFF30F
:104938005B8F54E8003F43F0100244E8002100294F
:10494800F7D1DB06BFF35B8F20D4284607F0D2FBF4
:104958000022064600230E4806F0AEFB0446A8B126
:104968000676686807F0E2FB638A984203D26868B3
:1049780007F0DCFB83B221462846638207F091FAF0
:1049880020B12046BDE87040FEF724BF70BD00BFCF
:104998009C0500244FF48013094A0A4910B5D2F83F
:1049A800A40088420BD0581CF9D0013BF7D183F3FF
:1049B8001188BFF36F8F0424204602DFEFE710BD94
:1049C800006402580003008007B5084A92E8030013
:1049D800CDE9000106488268126822B1694690470D
:1049E80003B05DF804FB6FF05700F9E7D4FA040848
:1049F80008F304085F2838B5054607D9124A034664
:104A08000121124806F03EFA002038BD00F01F03CD
:104A180001249C40FFF7BEFF1F2D4FF0B0430AD87A
:104A2800D3F888309C434FF44072094B0CBF0120E7
:104A380000205A62E9E73F2D02D8D3F89830F1E711
:104A4800D3F8A830EEE700BF710A05082CFA04086D
:104A58000064025838B5012100F01F055F2804469C
:104A680001FA05F507D90F4A03460F4806F00AFA76
:104A78006FF0150038BDFFF78DFF1F2C4FF0B043C6
:104A880007D8C3F88850094B4FF4407200205A6287
:104A9800F0E73F2C02D8C3F89850F4E7C3F8A850C1
:104AA800F1E700BF710A05082CFA040800640258EF
:104AB800044B03EB40000023013320F8022B8B4208
:104AC800FADB7047DC0300242DE9F0410546002697
:104AD8000F4F4FF00108F4B26B78A34201D8BDE83C
:104AE800F0812B781C442046FFF784FF68B12046EC
:104AF800FFF7B0FF57F834303BB107EBC40204F0BE
:104B08001F04516808FA04F098470136E3E700BF2C
:104B1800A81C00244FF48013094A0A4910B5D2F89A
:104B2800A40088420BD0581CF9D0013BF7D183F37D
:104B38001188BFF36F8F0424204602DFEFE710BD12
:104B48000064025800030080034680B1B0FA80F286
:104B5800C2F11F02D2B2074931F912004FF0B04238
:104B6800D2F880100B43C2F88030FEF7F9B9FF2263
:104B7800F1E700BFDC03002438B50D460446FFF713
:104B8800C9FF032D0DD8DFE805F0021116204FF0FC
:104B9800B0431A6822EA04021A605A6822EA040238
:104BA8005A600E4B4FF440725A6238BD4FF0B04312
:104BB8001A682243F0E74FF0B0435A6822435A601C
:104BC8001A6822EA04021A60EBE74FF0B0431A6849
:104BD80022431A605A6814435C60E2E70064025892
:104BE80030B5B0B1B0FA80F3C3F11F03DBB20B48A4
:104BF80050F833408C4204D100EBC3056D689542F0
:104C080005D044B940F8331000EBC30042600020DF
:104C180030BDFF23EBE76FF00F00F9E7A81C002475
:104C280060B1B0FA80F3C3F11F03DBB2044A00217C
:104C380042F8331002EBC30251607047FF23F5E7D7
:104C4800A81C002438B500F003030F250C460433D4
:104C58009B009D4045EA9005FFF75CFF05F00303C4
:104C68002A0C92FAA2F29B0003F1B043D3F808147D
:104C780003F5806321EA15410AB1B2FA82F2944041
:104C88004FF440720C439C60014B5A6238BD00BF20
:104C98000064025800F003020F230432920093408C
:104CA800094A43EA900000F00303023352F8232034
:104CB800030C02EA104293FAA3F008B1B0FA80F0AC
:104CC80022FA00F0704700BF00040058F8B50369E5
:104CD80000AF0C4603F1A005BFF35B8FD3F8A030FB
:104CE800BFF35B8FC3F38003994218D1184A6E460D
:104CF800184B88B0002918BF13466A461649CDE9F3
:104D080005134FF40073ADF81C30144B42F8103FF4
:104D180000234FF4E4511248FDF720FBB546BFF3DA
:104D28005B8F5CB155E8003F43F0040345E800326F
:104D3800002AF7D1BFF35B8FBD46F8BD55E8003FA9
:104D480023F0040345E80032002AF3D0F6E700BF59
:104D5800B10A0508B90A0508C00A050803000001D8
:104D6800ACFA04082DE9F0470546894690461F46E7
:104D7800D0F808A007F037FC0446C0B1067DF30759
:104D880009D5037E16480121164A06F07BF86FF014
:104D98007700BDE8F0873B464246494607F0DDFB11
:104DA80040B9237E104A01210D4806F06BF86FF0D8
:104DB8001200EEE79DF8203026F0060684F81980E8
:104DC80021466783284623772675DAF818309847EE
:104DD800B0FA80F3227D5B0963F300022275D8E7FD
:104DE800ACFA0408D20A0508EC0A050870B50546AD
:104DF800866807F0F8FB0446D0B1037DDB0708D4CA
:104E0800037E0D4801210D4A06F03CF86FF077004B
:104E180070BD0146F3692846984738B1237D03F0F1
:104E28000103227D63F300022275F1E70346F8E7E8
:104E38006FF01200ECE700BFACFA04080E0B05088F
:104E4800F8B5876805460C46FB6B9847286907F054
:104E5800B8FBD0B12146284607F0C5FB0646B8B1D5
:104E6800037D9B0705D0037E0B4A03210B4806F000
:104E780009F8346824B1BB68314628469847044687
:104E880028463B6C98472046F8BD4FF0FF34F7E7BB
:104E98006FF01204F4E700BF290B0508ACFA040808
:104EA8002DE9F341D0F80880174605460E46D8F894
:104EB8003C3098470022002339460B48FEF70CFC8B
:104EC800044670B9094A3B4601210948009605F095
:104ED800E3FF2846D8F840309847204602B0BDE89E
:104EE800F0810676F5E700BFC00500244A0B0508E7
:104EF800ACFA040813B503690C46097ED3F8A4007C
:104F080008F0DEFB237E48B1094A012100900948D8
:104F180005F0C2FF6FF0040002B010BD5B0601D1BE
:104F28000020F9E7237D43F002032375F8E700BF6B
:104F3800780B0508B4FA0408F8B591F918300E7E14
:104F4800002B01DB0020F8BD7306FBD047684C8BB3
:104F5800B7F84830C4F30A040069A34295BF033385
:104F680003349B08A308D0F8A440402BD4F8E804E5
:104F780098BF5B009D008AB9A8424FF0000224BF89
:104F8800401BC4F8E8042046097E01F07F0108F0C0
:104F98002CFC0028D6D06FF00400D4E7BA68121AA7
:104FA800AA4207D20A4832460A4907F069FE6FF05A
:104FB8000B00C8E79AB206F07F01204608F015FCFE
:104FC8000028E8D1D4F8E8342B44C4F8E834B9E729
:104FD800B4FA04089F0B0508F7B546680746036945
:104FE8007468D3F8A450640028469834A1B2A40089
:104FF80008F01AFC1022C5F8E844002128460124CC
:1050080008F0F3FBD5F8E8344033C5F8E8347368A2
:105018009C420ED3284608F05DFA054680B16FF031
:10502800040402461549164807F02AFE204603B034
:10503800F0BDE1B200222846013408F0D6FBE6E7CD
:1050480002460146009040233846FFF78BFE04468F
:1050580028B12A460B490A4807F012FEE6E702463D
:105068000090402380213846FFF77CFE044608B1B3
:105078008022EFE73069FDF773FFD7E7C20B050819
:10508800B4FA0408D70B050838B503690446D3F801
:10509800A45043681869FDF771FF00212046FFF707
:1050A800A5FE38B10C490D4807F0EFFD6FF0040478
:1050B800204638BD20468021FFF798FE0446002888
:1050C800F0D1284608F026FA02460028F0D0044914
:1050D800024807F0D5FDE9E7F10B0508B4FA040822
:1050E800140C050838B503690546D3F8A4402046D2
:1050F80008F075FB024630B10D490E4807F0C0FDB7
:105108006FF0040038BD0021142009F0B1FE2046DC
:1051180008F068FB04460028F2D101462846FFF74C
:10512800D5FD22460221284607F096FA2046E9E7EF
:10513800280C0508B4FA040870B5036904464568E4
:10514800D3F8A40008F0B1F9024618B11A491B486F
:1051580007F096FD6668F069D8B143689847044639
:10516800B8B117490246154807F08AFD002C19DB2B
:1051780000F010FC024618B11249104807F080FDF3
:105188002869FDF70FFF10B12869FDF7F7FE002029
:1051980070BD0D48716983685B6843B90B4907485E
:1051A80007F073FD0A49054807F06FFDE0E79847E7
:1051B8000028DDD0F2E700BF490C0508B4FA04085E
:1051C8005F0C0508B20C050808F304087D0C0508F7
:1051D800990C05082DE9F341036906464768D3F899
:1051E800A45000F0A1FB044640B13B4902463B48AD
:1051F80007F046FD204602B0BDE8F08176683848E1
:1052080096F84A30D0F80880012B13D97169D8F87C
:105218001830083153B93349304807F036FD324960
:105228002E4807F032FD6FF00404E3E72246984762
:105238000028F0D1D8F8003071690BB92B49EBE799
:105248002748984704460028F8D196F84A30012B99
:1052580014D97169D8F80C3008310BB92449DBE747
:1052680001AA1F4898470028F8D1019A214B9A4271
:1052780004D02149194807F003FDD0E7F06950B17F
:1052880003689847064630B11C490246134807F0A0
:10529800F7FC002EC3DB40F2E4420021284609F067
:1052A80013FF3B6828462B607B682B7140232B72C9
:1052B8003B6B6B727B6BEB7108F089F8024620B18F
:1052C8000F49064807F0DCFCADE7284608F022F94C
:1052D80000288FD0A7E700BFD00C0508B4FA04084F
:1052E80008F30408ED0C0508870D05080F0D0508DF
:1052F8002A0D0508006CDC024E0D05086A0D05082C
:105308009F0D05082DE9F047D0F810908AB00646A1
:105318004568D9F8A4704FF000084FF0400A6B6850
:10532800434555D84FF000084FF0400A6B68434595
:1053380000F2898099F8803023F06A0343F06A0309
:1053480089F880306B6B2BB999F8803043F00103F2
:1053580089F8803007F5B3610823042207F5AE60A9
:10536800C7F8E46407F59E6409F048FBD5E9101214
:105378004FF000084FF000096FF0070301200027E5
:105388000096CDE90330CDE90689564B2046CDE994
:10539800017703F087FC3168204609F0A9FCEB6827
:1053A800984709AA3946A86907F00BFE041E07DBCF
:1053B800099B3A461979186807F015FE041E73DA36
:1053C800A31C71D048492246484807F059FC33E0ED
:1053D800EB6B18F0800F08F07F004FEA481103EBE1
:1053E80048139A7C83F818800CBF42F0400242F0C0
:1053F80020029A749A7C60B942F001029A74EB6BAD
:10540800B8F1000F0BD0EB6BB5F848200B441A82AB
:1054180007E022F00E0242F00E029A74F3E7A3F8B6
:1054280010A0EB6B3046194407F0EFF8044638B18A
:105438002F492E4807F029FC20460AB0BDE8F0871E
:1054480008F101086BE7AB6B68F07F0218F07F0F7B
:105458004FEA481103EB48131A769A7C42F020026F
:105468009A740DD1D2B242F001029A74AB6BB8F1C2
:10547800000F0CD0AB6BB5F848200B441A8208E03B
:105488009A7C22F00E0242F00E029A74F2E7A3F818
:1054980010A0AB6B3046194407F0B7F80446002853
:1054A800C6D108F1010841E7A86A08B90024C3E792
:1054B800283509F0B9F930B90E496FF015040B48D1
:1054C80007F0E3FBB8E74FF4B011284607F098FB64
:1054D8000028EBD008496FF00404044807F0D5FB16
:1054E800AAE700BFBD550408CF0D0508B4FA0408A3
:1054F800B30D0508ED0D0508090E050873B5D0F8BC
:10550800A46008460C46154607F076F800BB237ED3
:10551800298A802BEA680B4602D1402928BF4023FC
:10552800D018C91AE86030462982217E08F0AEF802
:1055380050B1237E074A01210090074805F0ACFCD2
:105548006FF0040002B070BD0121204607F058F842
:105558000020F7E7260E0508B4FA040813B50B7EF9
:105568000C46D0F8A400CBB9537EDB071CD4538A71
:10557800C0F8EC34538A402B28BF4023D268217EE0
:1055880008F05FF860B1237E084A012100900848BE
:1055980005F082FC6FF0040002B010BD538AEDE7FD
:1055A8000121204607F02CF80020F5E74D0E0508EC
:1055B800B4FA04082DE9F34703690746D3F8A46051
:1055C8004FF0FF334FF0FF3201A906F5AE6002F04D
:1055D80017FF9DF80430012B60D0022B07D0002B59
:1055E800EED106F29C41384607F069F8E8E79DF8E5
:1055F8000590D6F8E48449F0800A4046514606F002
:10560800F2FF0546002106F0FBFF284607F017F8D1
:1056180004460028D4D019F07F0F19D1038ABBB1F2
:10562800402BC2684FF08001304628BF40231D46FA
:1056380008F02CF8024620B13E493F4807F020FB0D
:10564800BEE7238A5B1B2382E3682B44E360B7E74A
:10565800204606F0F8FF814660B1204606F0F7FFC5
:10566800E26800235146304608F010F80246002848
:10567800A6D0E1E7284606F0DEFF4A460146404646
:1056880006F0F6FF284606F0DAFF0246002897D013
:105698002946D8F81000FFF731FF91E79DF80590EB
:1056A800D6F8E4844946BDF806A0404606F09BFFBC
:1056B800054606F0C4FF044648B920494A461E4834
:1056C80007F0DEFA2146284606F09AFF78E75146A9
:1056D8000C3005F005FDB9F1000F16D1BAF1400FF5
:1056E80013D1228AD6F8EC349A420ED2E068638A43
:1056F80061699B1A0244411A30465B1A297E402B85
:1057080028BF402307F09DFF5AE7284606F093FF7D
:1057180000220146404606F0ABFF284606F08FFF00
:10572800024628B12946D8F81000FFF717FF47E7C7
:105738000146C8E7730E0508B4FA0408920E050876
:10574800F7B54D7E012203690C4605F00305D3F831
:10575800A4706B1E022B88BF0025FFF7EDFB0646E1
:1057680088B9628B2B46217E3846C2F30A0207F0BD
:105778000AFF40B1237E6FF004060090034A01211E
:10578800034805F089FB304603B0F0BDAB0E0508B1
:10579800B4FA040813B503690C46D3F8A40007F05B
:1057A800DFFE40B1054A234600900121044805F078
:1057B80073FB6FF0040002B010BD00BFCE0E0508E9
:1057C800B4FA040837B5036905460C46097ED3F8D0
:1057D800A40007F00DFF024630B92146284603B061
:1057E800BDE83040FFF7A8BB237E054A01210090A1
:1057F800044805F051FB6FF0040003B030BD00BF52
:10580800F40E0508B4FA040873B5036905460C4696
:10581800097ED3F8A40007F08AFF50B1237E174A07
:1058280001210090164805F037FB6FF0040002B024
:1058380070BD237D60F341032046237506F0FFFE0B
:10584800064608B90020F2E7204606F0D5FE94F98E
:105858001830002B07DA0028F4D13246214628698F
:10586800FFF74CFEEEE70028ECD1324621462869C6
:1058780002B0BDE87040FFF771BE00BF180F050801
:10588800B4FA040837B50D46044607F0F7FE0123BD
:105898008DF805508DF80430ADF80600002200237D
:1058A80001A904F5AE6009F0B8F818B10249034837
:1058B80007F0EBF903B030BD3F0F0508B4FA040850
:1058C800002307B5ADF8063002238DF805108DF8D2
:1058D80004300022002301A900F5AE6009F09DF80C
:1058E80018B10349034807F0D0F903B05DF804FB89
:1058F8003F0F0508B4FA0408002307B501930022F6
:10590800002301A900F5AE6009F087F8002803DA42
:105918000349044807F0B9F903B05DF804FB00BF78
:105928003F0F0508B4FA040838B54FF0FF324FF0BE
:10593800FF33134802F0EEFE0546F0B9114A13682A
:10594800591C1160B3B9104CE36843F08073E360ED
:10595800E36823F00073E360E3685B010AD40B4A51
:1059680003210B4805F085FA00214FF47A7009F0FD
:105978007FFAF1E7024802F099FE284638BD00BFD9
:105988008C050024681F002400480258700F050881
:1059980094FA040810B54FF0FF324FF0FF330A486D
:1059A80002F0B8FE044660B9084A1368013B136068
:1059B80023B9074AD36823F08073D360024802F002
:1059C80075FE204610BD00BF8C050024681F00240A
:1059D80000480258044A81680020D2F8003123EABE
:1059E8000103C2F80031704700440258074A82B0E8
:1059F80083680020D2F800111943C2F80011D2F8C8
:105A0800002113400193019B02B0704700440258E3
:105A1800324B10B518680B88C3F30B03132B37D818
:105A280013B96FF0850032E0013B122BF9D801A4BD
:105A380054F823F0D35A0408C55A04082B5A04080A
:105A4800895A0408CB5A04082B5A04082B5A04080C
:105A5800D35A0408CF5A0408D35A04082B5A040806
:105A68002B5A04082B5A04082B5A04082B5A0408EA
:105A78002B5A04082B5A0408BD5A0408BD5A0408B6
:105A8800174810600968B1F5805F20D2002010BD6A
:105A9800D42B0FD003F62873C3F30B031C2BC0D8E9
:105AA800012404FA03F30F4C234205D140F21114E8
:105AB8002342B6D04008E4E78008E2E74FF400400C
:105AC800DFE70948DDE70948DBE70948D9E7C1F31B
:105AD80013310131B0FBF1F31360D7E7A0030024C1
:105AE8000024F40000101111006CDC02001C4E0EA2
:105AF80000389C1C4FF48013094A0A4910B5D2F8A3
:105B08008C0088420BD0581CF9D0013BF7D183F3A5
:105B18001188BFF36F8F0424204602DFEFE710BD22
:105B2800006402580003008010B50B880C4603F689
:105B38002C73C3F30B03202B13D8FFF7DBFF238849
:105B480061680020C3F30B0303F1B04303F511337D
:105B58001A6822EA01021A604FF44072024BDA60B6
:105B680010BD6FF08500FBE70064025813B50B8881
:105B78000C4603F62C73C3F30B03202B1DD8FFF739
:105B8800B9FF238861680020C3F30B0303F1B04316
:105B980003F511331A680A431A604FF440722388D8
:105BA800C3F30B0303F1B04303F511331B680193EF
:105BB800019B034BDA6002B010BD6FF08500FAE775
:105BC8000064025813B5804CD4F8E03043F00073F9
:105BD800C4F8E030D4F8E03003F000730193019B7F
:105BE800FFF788FF236823F480232360236843F4A6
:105BF8008033236023689B03FCD5FBF7EDFC236F00
:105C080023F018032367236F43F0010323676E4CC7
:105C1800236F9807FCD5FBF7FDFC236843F48053FA
:105C2800236023689904FCD500230093674B9A6985
:105C380042F440429A619A6902F440420092644AEE
:105C4800D16A41F00101D162D26A02F001020092E8
:105C5800009A9A699204FCD55B4B1A691A6902F09A
:105C68003802182A16D11A68540706D41A6842F05E
:105C780001021A601A685007FCD5534B1A6922F0C2
:105C880007021A611A6912F0380FFBD19A6922F0DB
:105C98000F029A614C4C236823F0807323602368B9
:105CA80023F080632360236823F080532360A36A72
:105CB80023F0030343F00203A362A36A23F47C7373
:105CC80043F02003A362E36A23F00C0343F00803C4
:105CD800E362E36A23F00203E362236B6FF30803D2
:105CE80043F077032363E36A23F00103E362236B42
:105CF80023F47E4343F400732363E36A43F480335D
:105D0800E362236B23F4FE0343F440332363E36A23
:105D180043F40033E362236B23F0FE4343F08073C4
:105D28002363E36A43F48023E362236843F08073C8
:105D3800236023689901FCD5264801F0B1FCA369CA
:105D4800214A23F47063A361A36923F00F0343F08E
:105D58000803A361E36923F0700343F04003E361A0
:105D6800E36923F4E06343F48063E361A36923F008
:105D7800700343F04003A361236A23F0700343F0E8
:105D880040032362236923F0070343F003032361DD
:105D9800136903F03803182BFAD10C4B9A6942F4B3
:105DA80040429A619A699204FCD50B4B4FF44072B9
:105DB8000020DA60044A136923F400431361074B97
:105DC800074A1A6002B010BD004402580048025841
:105DD80000040058001C4E0E00640258A003002462
:105DE80000389C1C132808D8054BC34013F0010F3A
:105DF8000CBF6FF08500002070476FF0850070477A
:105E080036070C0070B508884C68C0F30B00FFF724
:105E1800E9FF0546F0B9FF2C1AD0FFF76BFEC4F373
:105E28004150A2B201230130C4F3044602F1B0424A
:105E3800240E834002F51132B440013B1168B3408F
:105E480021EA0303234313604FF44072034BDA60E3
:105E5800284670BD6FF08505FAE700BF0064025858
:105E680008B5074808F0E0FC38B10648FDF7D0FB54
:105E78000448FBF7EFFA002008BD6FF01200FBE7BB
:105E8800C8F40408915E04080A2838B50446074D8A
:105E980004D1AB680D2128465B689847AB68E1B22E
:105EA80002485B689847204638BD00BFC8F404081C
:105EB8002DE9F843D0F80490904607460D46D9F8E6
:105EC80008001E4606F023FBB8F5001F044616D14D
:105ED800D9F808402846FEF7DDFE84420CD1294651
:105EE80006F015FB044606F017FB2046FEF798FE61
:105EF80000212046FEF740FE0020BDE8F883B8F5F3
:105F0800800F20D0B6F1806F19D0B6F1C06F18D0CD
:105F1800B6F1007F1AD102263A460F492046FEF70D
:105F28005FFEB0B9D9F808102846FEF78BFE204668
:105F38003146FEF721FE2046FEF706FEDCE7012685
:105F4800EAE70326E8E76FF08500D6E76FF015006B
:105F5800D3E76FF00F00D0E785CF04084FF4801324
:105F6800094A0A4910B5D2F8A00088420BD0581C3B
:105F7800F9D0013BF7D183F31188BFF36F8F042465
:105F8800204602DFEFE710BD0064025800030080DE
:105F980038B543680C465D68FFF7E0FF4FF4407280
:105FA80000206B695C40024B6C611A6238BD00BF0F
:105FB8000064025870B543680D4614465E68FFF7E2
:105FC800CDFF4FF44072002073695C402C405C4068
:105FD800014B74611A6270BD006402581FB50C4B06
:105FE8000C29D3F8082828BF0C2112BA0C460192B4
:105FF800D3F8042812BA02920A46D3F8003801A945
:106008001BBA039309F052F8204604B010BD00BF34
:1060180000E0F11F38B5084CD4F8082152050AD51C
:10602800026955681DB1002392680A21A8474FF4F8
:106038008063C4F8043138BD006402580A2912D1BB
:106048000A4B5AB14FF48062C3F80421D3F80021F7
:1060580042F480620020C3F800217047D3F8002181
:1060680022F48062F6E76FF015007047006402586A
:1060780010B50369186041680C4883681B6843B908
:106088006FF004040A4A02210A4804F0F2FE20468E
:1060980010BD984704460028F2D1024601467D20EB
:1060A800FCF78EFF7D20FCF75BFFF0E708F30408A0
:1060B8009E0F050854FA040810B53AB1114A012197
:1060C800114804F0D6FE6FF0150010BD0B29FAD167
:1060D8004FF480130D4A0E4908E0013B06D183F3C3
:1060E8001188BFF36F8F0424204602DFD2F8AC007A
:1060F800884202D0581CF9D0EFE74FF440730020D3
:10610800D362E2E7B60F050854FA0408006402589F
:106118000003008043681B6803F1080252E8002F5F
:1061280042F0010203F1080040E800210029F3D100
:10613800154A93421BD0A2F54C42934217D002F560
:106148008062934213D002F5806293420FD002F529
:10615800806293420BD002F54442934207D0A2F5E5
:106168001C42934203D002F58062934203D15A68DD
:1061780042F040025A6053E8002F42F4807243E82C
:1061880000210029F7D170470010014043681B68BF
:1061980003F1080252E8002F22F0010203F108007F
:1061A80040E800210029F3D1154A93421BD0A2F5FB
:1061B8004C42934217D002F58062934213D002F505
:1061C800806293420FD002F5806293420BD002F5B1
:1061D8004442934207D0A2F51C42934203D002F5F1
:1061E8008062934203D15A6822F040025A6053E811
:1061F800002F22F4807243E800210029F7D170476C
:10620800001001402DE9F04182B080460D464368F8
:1062180000AF1E68002937D0586819698368DB68A1
:106228006BB13A1D9847041E0CDA1B4A01211B4822
:1062380004F01FFE20460837BD46BDE8F0816FF028
:106248005704F2E7336823F4004333607B6803EBB9
:106258005503B3FBF5F30F2B19D86C468AB0D8F861
:1062680000306A460E490795CDE905134FF40073CF
:10627800ADF820300B4B42F8103F00234FF411517A
:106288000648FCF76BF8A5466FF01504D2E79BB2F9
:106298000024F360CEE700BF08100508A4FA04083C
:1062A8003610050804000001F8B50C46036941687A
:1062B8001D682379012B18D0A3F1020EDEF1000628
:1062C80046EB0E06B6026279022A96BF464F4FF495
:1062D800005737F81270A279022A09D0042A2FD061
:1062E800003B18BF01231B0306E04FF4C066EAE732
:1062F800B3FA83F35B091B07E2790968012A0CBF2B
:106308004FF4407C4FF0000CA5421CD10A6822F0E3
:10631800805222F4B05232431A430A604B6823F485
:1063280040533B434B6043681A68936823F44073B7
:1063380043EA0C0393602968BDE8F840FFF762BFA1
:106348004FF48053D8E7D1F800E00EF4C06E7645DC
:1063580006D0D1F800E02EF4C06E4EEA06060E60B4
:1063680041680E68716801F440518F4204D0716829
:1063780021F440513943716041680E68316801F079
:1063880010218B4204D0316821F010210B43336077
:10639800436819688B6803F440739C4505D08B6883
:1063A80023F4407343EA0C038B604368D71E1B68D1
:1063B8007E4299687E41C1F380318E4207D0032A1C
:1063C8009A680CBF42F4804222F480429A602168A5
:1063D8002B68994205D0FFF715FF08B923682B6091
:1063E800F8BD0020FCE700BFA2FF04082DE9F04338
:1063F80083B08046D0F8049000AFD9F80400D9F8EB
:10640800101083681B687BB19847054670B93A1D20
:106418000021D9F8240006F0D4FD051E0EDA28461E
:106428000C37BD46BDE8F0836FF05705604A01217F
:10643800604804F01EFD002DF1DBE8E77B680022D0
:106448001979186806F0CFFD051EE8DBD8F8046056
:10645800D8F8103034681D68236823F001032360DE
:10646800B06808F0E1F938B9534A012151486FF092
:10647800120504F0FEFCD2E7D6E902018368DB6866
:1064880003B1984754E8003F43F00C0344E8003256
:10649800002AF7D129464046FFF706FF054610B106
:1064A8006FF01505BBE7337E1BB1A36843F0080303
:1064B800A360737E1BB1636843F400436360B37EDB
:1064C8001BB1636843F480336360F37E1BB1636878
:1064D80043F400336360337F002B53D0374B9C4227
:1064E80035D0A3F54C439C4231D003F580639C42E0
:1064F8002DD003F580639C4229D003F580639C422C
:1065080025D003F544439C4221D0A3F51C439C426B
:106518001DD003F580639C4219D0294B9C4216D0AC
:106528006C4688B0D8F800306A462649CDE905138C
:106538004FF40073ADF81C30234B42F8103F002392
:106548004FF4E2511B48FBF709FFA546A8E7D8F826
:1065580004301A68936843F4804393602368727F19
:1065680023F0787343EA425323602368B27F23F40D
:10657800F81343EA02432360F37F1BB1A36843F493
:106588000043A36096F820301BB1236843F0005302
:106598002360236843F001032360E3699A02FCD572
:1065A800E3695B02FCD5D9F828304046984736E7BE
:1065B8004D100508A4FA04086D10050800100140E4
:1065C800000C005888100508030000012DE9F0416F
:1065D800436802460D461C6803691E680B79012B47
:1065E80017D0981E41424141890295F805E0AF79DC
:1065F800BEF1020F96BF3C484FF4005C30F81EC055
:10660800022F09D0042F01D0002B63D04FF4805003
:1066180005E04FF4C061E8E7002B58D00020A3F153
:106628000308B8F1010F04D86FF085031846BDE8D8
:10663800F0810BB1042FF7D0BCF5805F4CD0BCF5CE
:10664800405F4BD0BCF1000F0CBF012303239E45D4
:10665800EAD106F041FD8742E6D1EB791BB3012B65
:106668003ED1224B9C421ED0A3F54C439C421AD0EB
:1066780003F580639C4216D003F580639C4212D0D8
:1066880003F580639C420ED003F544439C420AD034
:10669800A3F51C439C4206D003F580639C4202D0BC
:1066A800134B9C42C0D123682946104623F00103AE
:1066B8002360FFF7F9FD03460028B5D1226842F0B0
:1066C8000102226095E8030086E80300AEE74FF078
:1066D8008050B1E71846AFE70023B8E70223B6E7D2
:1066E800032BBED0A0E700BFA2FF040800100140A2
:1066F800000C00584FF0E0230D4A99691268186998
:106708009B69002908BF1146002B08BF134610F4E7
:10671800803F084801D1994205D2016811440160BF
:106728004FF0E021096900681044C01A704700BFA3
:106738007C1F0024781F0024094B1022002083F8B6
:1067480023204BF68032074B1A604BF67F32064BFC
:1067580018604FF0E0235A61072298611A61704768
:1067680000ED00E07C1F0024781F0024684620F01C
:1067780007018D4619B5FFF7BDFF1449144B08688A
:10678800D3E90042001942F10002C3E90002114AAC
:1067980000230B604BF68033D2E90041001BB0FBAD
:1067A800F3F043431B1941F10001C2E90031EFF353
:1067B8001181102383F31288BFF36F8F02F0E2FE7A
:1067C800FCF790FCBDE8194085467047781F002407
:1067D80018190024101900242DE9F041384E91B100
:1067E800421C0AD14FF0E022136923F00103136120
:1067F8004FF07F433360BDE8F0813468012807DC3F
:106808004FF000080BE0431C3468F7D14FF4AE702A
:1068180040F25D139842A8BF184600F1FF38EFF325
:106828001185102383F31288BFF36F8FFFF762FF80
:10683800244F4FF0E023D3F818C0D7E9002380187D
:106848004FF0000243F10003C7E900031E4B1A6032
:106858001E4B1A68831A2DD44BF6803E0EFB083364
:1068680003F53B437F33B3FBFEF1131A40F6B8320E
:106878000EFB0133934238BF1346154A934228BF93
:1068880013464FF0E0223360013B906953610023C7
:106898008445ACEB00019361D7E900320DD20C447A
:1068A800E31842F10002C7E9003285F31188BFF30B
:1068B8006F8FA0E740F6B833E3E7CB18F1E700BFE6
:1068C8007C1F002418190024781F002410190024A4
:1068D80000E2FE0038B5EFF31185102383F3128828
:1068E800BFF36F8F084B1C68084B1B68E41AFFF74F
:1068F80001FF85F31188BFF36F8F4BF68033204477
:10690800B0FBF3F038BD00BF18190024101900249B
:106918002DE9F0414D4C236903F03803102B00F0AA
:106928009080182B0DD0002B40F08D8023684848AC
:1069380013F0200F03D02368C3F3C103D840BDE888
:10694800F081A76AA36AD4F82C8013F47C7FC3F380
:106958000510666BF3D0F9F721FDC6F3CC060546A2
:1069680008F0010007F003077043F9F717FD4FF02F
:106978006451F9F76BFD012F064652D0022F40D023
:10698800002F4ED123689B0629D523683048C3F3CE
:10699800C103276BD840F9F701FD2946F9F70AFE2C
:1069A8000446C7F30800F9F7F9FC3146F9F746FC45
:1069B8004FF07E51F9F742FC01462046F9F746FDB3
:1069C800224B0446186BC0F346200130F9F7E6FC69
:1069D80001462046F9F7EEFDF9F788FEAFE7206B90
:1069E800C0F30800F9F7DAFC3146F9F727FC4FF055
:1069F8007E51F9F723FC294604461648F9F7DAFDD3
:106A0800DAE7206BC0F30800F9F7C8FC3146F9F75C
:106A180015FC4FF07E51F9F711FC294604460E4843
:106A2800ECE7206BC0F30800F9F7B8FC3146F9F73A
:106A380005FC4FF07E51F9F701FC2946044607484A
:106A4800DCE707487BE7074879E700BF00440258BE
:106A58000090D0030024744C0024744B0024744A22
:106A68000024F40000093D0008B5FFF751FF0B4A68
:106A78000B4993699269C3F3032302F00F02CB5CBD
:106A880003F01F0320FA03F3885C064A00F01F0096
:106A980023FA00F01060044A136008BD004402584D
:106AA8007E1305089C030024A00300242DE9F04F61
:106AB800066889B00446304607F05AF90390002862
:106AC80040F06D81206807F025F9002800F0678103
:106AD800D6F8083806F500652068C3F30D23C4F816
:106AE800D43407F017F9870704D52268536903F0EF
:106AF80002035361206807F00DF9C0062DD52268FE
:106B0800936923F010039361D6F8208008F4F013FA
:106B180008F00F07B3F5802F40F0448147F6F07373
:106B280018EA030F14D02423C8F30A19304603FBCC
:106B380007474A46D7F8601207F029F8D7F86032B5
:106B48004B44C7F86032D7F868324B44C7F868320C
:106B58002268936943F010039361206807F0DAF81C
:106B6800010300F13281206807F0D4F842030CD504
:106B7800274606F5106B4FF0000A206807F0D6F894
:106B88000490049B002B40F0EA81206807F0C2F8CB
:106B9800002813DA6B6823F001036B6094F8CC3497
:106BA800012B40F084820021204684F8CC1406F0A2
:106BB80052FE2268536903F000435361206807F0CE
:106BC800A9F801050AD5AB68DA0702D5204606F010
:106BD800D1F82268536903F400635361206807F011
:106BE80099F8030115D52268536903F000635361CE
:106BF80094F8CC34002B40F05E82012123682046B3
:106C080084F8CC145B6DC3F38303C4F8D03406F066
:106C180022FE206807F07EF8C70433D56B68102180
:106C280023F001036B60206806F0C1FE06F51063CF
:106C38004FF67F3122790398824200F24082EB6955
:106C480043F00113EB61E37B002B00F05782D5F88A
:106C5800843043F00B03C5F884306B6C43F00B03AE
:106C68006B64D6F8003804F29C4223F4FE63C6F83D
:106C78000038A179206800F0EDFC2268536903F41C
:106C880080535361206807F045F8800416D52068C2
:106C980007F072F8206806F0D5FE2768E071FFF764
:106CA800E3FEE2790146384600F066FA204606F02F
:106CB80029F82268536903F400535361206807F0E8
:106CC80029F8010707D5204606F072F822685369AB
:106CD80003F008035361206807F01CF8020600F16E
:106CE8001882206807F016F8C3020CD5A04606F5EE
:106CF800126901272379BB4200F224822268536972
:106D080003F480135361206807F004F8870229D53B
:106D1800234606F532610122207990421DD993F865
:106D28007C720868012F40F02382002880F22082BC
:106D3800D4F8D4C48CEA1040C00700F1198283F853
:106D48007B72B06940F08000B0617069000600F1A4
:106D58000F826B6843F400736B602268536903F415
:106D680000135361206806F0D5FF410007D520467F
:106D780005F0F4FF2268536903F0804353612068EB
:106D880006F0C8FF42070AD523685D686B0702D57D
:106D9800204605F0E9FF226853682B43536009B089
:106DA800BDE8F08FB3F5402F7FF4D2AE082204F28D
:106DB8009C413046C8F30A1806F0E9FE242303FB79
:106DC8000747D7F868324344C0E606F53068A2465C
:106DD8000027206806F0A2FF0490049B002B3FF4D4
:106DE800C2AE049BDB0779D55FFA87FB206859465A
:106DF80006F0A4FF10F0010F81461FD00123C8F848
:106E08000830206894F806C000F53063016CBCF1C6
:106E1800010F03EB47139A6840F08B8012F0080FBC
:106E280007D0B448814209D9120407D54FF400426B
:106E380003E012F0200F5AD020229A6019F0080FB0
:106E480021D00823AB49C8F8083023681A6C03F529
:106E580030638A4203EB4713986804D9010402D5CA
:106E68004FF40040986020460592FEF745FD059ACC
:106E7800A0498A4207D9A179012904D104F29C4288
:106E8800206800F0E7FB19F0100F02D01023C8F8B3
:106E9800083019F0020F14D073691B0603D56B680C
:106EA80043F480636B609AF85732012B06D10023B4
:106EB800594620468AF8573206F050FB0223C8F894
:106EC800083019F0200F02D02023C8F8083019F430
:106ED800005F03D04FF40053C8F80830049B013713
:106EE80008F120080AF1240A5B08049375E7DFF823
:106EF80004C2614501D9120498D41A69DAF87432C7
:106F0800C2F312029B1ACAF868326FB9D4F8642225
:106F18002AB904F29C42012100F09CFB04E0D4F859
:106F280060221A44C4F8602259462046FEF7AAFC9B
:106F380084E7DFF8C4C1614507D111043FF576AF96
:106F48009006F1D520229A60EEE7002FECD1D4F814
:106F58006432002BE8D104F29C423946DCE7049BFA
:106F6800D80740F19B805FFA8AF320681946079397
:106F780006F0EDFE10F0010F804620D001210AF046
:106F88000F026B6B01FA02F223EA02036B63CBF880
:106F98000810A17901290DD1D7E9072313443B62D1
:106FA800BAF1000F06D1636A23B904F29C42206843
:106FB80000F050FB5FFA8AF12046FEF781FC18F0DA
:106FC800080F02D00823CBF8083018F0100F02D0B1
:106FD8001023CBF8083018F0400F02D04023CBF82C
:106FE800083018F0020F10D05146304606F0DFFC8A
:106FF800FB7D012B06D100235FFA8AF12046FB7541
:1070080006F0ADFA0223CBF8083018F0800F45D00F
:10701800D7E909329A4241D8A3EB0208FB692168F3
:107028009845059128BF984601F5106308F10308B3
:1070380003EB4A134FEA98080693069B996989B2AD
:107048004145D7E9093227D393420BD8059B0AF06B
:107058000F000121D3F83428814022EA0102C3F845
:1070680034281BE0A3EB0209FB69079A99450598A8
:1070780028BF9946A37900931FFA89F3396A09F161
:10708800030806F071FD3B6A4FEA98084B443B62DF
:10709800BB6A4B44BB62D0E79342D7D9049B0AF141
:1070A800010A24370BF1200B5B08049369E520469D
:1070B80005F06FFE7DE5204605F05CFEA9E59960C8
:1070C800203353F8202C22F4001243F8202CC3F864
:1070D800E811D3F8E02122F40012C3F8E021D3F834
:1070E800E02142F00062C3F8E021039A01320392E2
:1070F800A0E500BF0A30544F0A31544F6B6943F47E
:10710800005343F02B036B612B6943F00B032B6196
:10711800A7E5B369012704F257284FF0240923F0A3
:107128008003B3612379BB427FF6DBAD09FB07F32C
:1071380018F80330012B03D1F9B2204606F028FBDA
:107148000137EFE798F83C30D9F80020012B09D136
:10715800002A07DA67F07F01204688F83B30C9B279
:1071680006F016FB013708F1240809F12009C1E5EA
:10717800013224332031CFE5022A4AD1274B284A4D
:107188000B44934239D9274B274A0B44934236D9AB
:10719800A1F57403254AA3F51053934231D9A1F1FF
:1071A8008373234AA3F5E74393422CD3214B224A06
:1071B8000B44934229D9214B214A0B44934226D3AD
:1071C800204B214A0B44934223D3A1F1B7731F4AA2
:1071D800A3F5585393421ED31D4B1E4A0B449342AA
:1071E8002CBF06230723C26822F47052C260C2680B
:1071F80042EA8323C360002070470F23F3E70E237E
:10720800F1E70D23EFE70C23EDE70B23EBE70A2368
:10721800E9E70923E7E70823E5E700BF405327FF2D
:10722800FF340C00401E1BFF3F420F007F4F12002F
:1072380020D6130060B6E5FE5FE3160000D3CEFE4D
:1072480040771B00C05BB3FEC09121002075380059
:10725800E05459FEE09C410084B02DE9F84304460F
:1072680009A880E80E0000239DF824609DF82E50A0
:10727800194603F14002013304EB82020F2B5160DF
:10728800F7D104F50067002D6CD17B6843F0020349
:107298007B60A36B23F40013A363236843F04003CC
:1072A8002360236843F0800323600023C4F8003E72
:1072B8009DF82930012B5CD19DF82710002956D163
:1072C80020464FF67F3806F0B6FB1021204606F020
:1072D8006EFB0146204606F08DFB0843002304F5AB
:1072E8001062C0B24FF0904C19464FF0006E003853
:1072F8003B617B6118BF0120FB619E423BD80022A5
:1073080004F530634FF0904C4FF0006E11464FF685
:107318007F38964242D83B6923F480733B6100234F
:10732800A3616FF0804363619DF826301BB9A369A0
:1073380043F01003A361A269224B1343A3619DF894
:107348002A301BB1A36943F00803A361012D05D1BD
:10735800A36943F0804343F00403A361BDE8F84305
:1073680004B07047A36B43F40013A3639DE7194669
:10737800A6E70321A4E7D2F80090B9F1000F0BDAD1
:107388003BB9C2F800E011610133C2F8088020322D
:10739800B3E7C2F800C0F6E71160F4E7D3F800904D
:1073A800B9F1000F0BDA3AB9C3F800E019610132FC
:1073B800C3F808802033ACE7C3F800C0F6E71960CB
:1073C800F4E700BF00383C8030B54A780B78012AD2
:1073D80000EB431300F5006029D1D3F80029002AF7
:1073E8000BDAD3F8002942F00062C3F80029D3F879
:1073F800002942F08042C3F800290A780124C56BAD
:1074080002F00F0204FA02F225EA0202C2630978C6
:10741800C26901F00F018C4022EA0402C261184AD5
:10742800D3F800190A40C3F80029002030BDD3F86A
:10743800002B002A0BDAD3F8002B42F00062C3F8C5
:10744800002BD3F8002B42F08042C3F8002B0A78B7
:107458000124C56B02F00F0204FA02F225EA024287
:10746800C2630978C26901F00F018C4022EA044224
:10747800C261044AD3F8001B0A40C3F8002BD4E7C2
:10748800007833EC0078F3EFF7B54B7891F800C04B
:10749800012B6D4D00EB4C146C4E40F089800F6948
:1074A80004F510633FBB1F693D401D611D6945F42C
:1074B80000251D611D693540012A1D614DD1CA692C
:1074C80002B15A610B79012B0CD1D0F8083813F4AA
:1074D800807FD4F800390CBF43F0005343F0805349
:1074E800C4F80039D4F8003943F00443C4F800392B
:1074F800002003B0F0BD1F693E401E611E69354083
:107508001D610D698E68BCF1000F0CD1B54288BFB2
:107518000E611D6945F400251D610D691E69C5F3DD
:1075280012053543C8E73544494FD3F810C0013D2B
:10753800B5FBF6F5AEB207EAC54545EA0C051D618F
:107548000D79012DE9D11D6925F0C0451D6175072B
:107558001F6905F0C0453D43DEE7D4F8003943F024
:107568000443C4F800390B79012B0DD00B69002BAB
:10757800BED00A780123D0F8344802F00F029340B5
:107588002343C0F83438B3E7D0F8083813F4807FC1
:10759800D4F800390CBF43F0005343F08053C4F8CB
:1075A800003900920B8A0A78C96806F0DDFA9FE76D
:1075B800D4F8107B04F530633E401E611E693540E7
:1075C8001D610E698D68BCF1000F27D106B10D61F0
:1075D8000D621E69C5F3120535431D611D6945F429
:1075E8000025012A1D6102D1CA6802B15A610B79CE
:1075F800012B0CD1D0F8083813F4807FD4F8003B65
:107608000CBF43F0005343F08053C4F8003BD4F858
:10761800003B43F00443C4F8003B69E7002ED8D090
:107628002E44013EB6FBF5F6B6B275430D62084D21
:107638001F6905EAC6453D431D610D6A1E69C5F30C
:1076480012053543CDE700BFFFFF07E00000F8FF54
:107658000000F81F30B5114C00F53063056CA542E9
:1076680003D9D0F8004B002C16DB002401291C613B
:107678001C6944F400241C611C6944F018041C6152
:107688001C6944F0C0441C6106D15A61D0F8003B23
:1076980043F08023C0F8003B002030BD0A30544F2F
:1076A800002852D02B4A936903F44043B3F5404F66
:1076B8001FD1294B294A0344934242D9284B294ACE
:1076C800034493423FD9284B98423ED80023274988
:1076D8000A6822F00F021A430A600A6802F00F02D1
:1076E800934234D0086800F00F00C01A18BF012078
:1076F8007047936903F44043B3F5004F0ED11C4A19
:107708001C4B02449A421AD91B4A02449A4218D97D
:107718001A4A02449A4216D90133D5E7184A194B36
:1077280002449A4209D9184A02449A4207D9174A88
:1077380002449A4205D9164AEBE70423C7E7032314
:10774800C5E70223C3E70123C1E7012070470020F2
:10775800704700BF00480258FFC4A7F7FFE0F505CF
:107768007FE2D3FB7F1D2C04801D2C0400200052D7
:10777800BF4C2AF6BF3B47037F8871F93FC4B8FC6A
:10778800FF6A45F53FA5AE023F10F4F77FB5A2FAB0
:10779800BF5A51FD2DE9F0410D4D0E46174655F8DB
:1077A8001C4FAC4203D16FF01200BDE8F0813146A6
:1077B80054F8440CA4F14408F8F7D2FF30B9404615
:1077C800C7F80080BDE8F04106F0C8BB2468E8E7C8
:1077D800801F002410B5D0E9091200F124030446E3
:1077E8004A60416A1160C0E90933436803B19847A8
:1077F800054A936833B11279062A03D9226807200B
:1078080002499847002010BD801F0024D5100508A4
:107818002DE9F0410C4E07460D4656F80C4FB44280
:1078280002D16FF001000AE0394654F8240CA4F1A3
:107838002408F8F795FF20B91DB1C5F80080BDE808
:10784800F0812468EBE700BF801F002438B50446A8
:1078580000B30068F0B10378E3B10021FFF7D8FF67
:10786800D8B104F11C0304F12402C4E907330C4B1A
:10787800196903F10C001A61A16260620A609D68CF
:1078880035B11B79062B03D9226807200549A8477B
:10789800002038BD6FF01500FBE76FF01000F8E727
:1078A800801F0024D710050838B5124C05462168FA
:1078B80019B101310020216038BD2422204607F08B
:1078C80003FC2B682846A3602B79237104F10C0371
:1078D800C4E9033304F11403C4E9053304F11C03B8
:1078E800C4E9073300F01AF80028E5D1236801330A
:1078F8002360E1E7801F002438B5074D2C68013C60
:107908002C6044B900F012F8214628462422BDE82C
:10791800384007F0D9BB38BD801F002408B502489D
:10792800FFF794FF002008BDA40300240148FFF7D7
:1079380051BF00BFA40300240EB4431E062B0B4BFB
:1079480033B505AC88BF002054F8045B53F8201009
:10795800074802F0FCFC21462846019402F0F5FC99
:1079680002B0BDE8304003B0704700BF48FF0408CC
:10797800670505082DE9F04F87B017469B46044672
:10798800DDF840A000284BD0056A35B12D6825B137
:10799800AC4607B0BDE8F04F6047E36A9F4242D863
:1079A8000026BE4203D1002007B0BDE8F08F18239F
:1079B800D4F83090A26903FB06F809EB08052B1DE3
:1079C8000593CAB9686969680368B5F80CC0C91A2B
:1079D800AB680CF1030E5D1E5B4205EB0C1505EB65
:1079E8004E051D4005EBCC0385680633A94228BF28
:1079F8004FF0FF3106F07EFA59F80830B1B2204650
:107A08000293236A9B6A01935AF826300093059BD8
:107A18005BF8262006F0C0FA0028C5D10136C0E779
:107A28006FF01500C0E70148BEE700BF40F4FFFF54
:107A380010B5044690B1028D43899A4209D0084A8C
:107A4800936833B11279032A03D94268042005499F
:107A580098472046BDE8104007F021BB10BD00BF85
:107A6800801F00248A11050870B4039E144658B17B
:107A7800006A48B143B1013406D0002E04DBC46F5C
:107A880014B1A44670BC6047014870BC704700BF81
:107A98002DF8FFFF70B4039E144660B1006A50B120
:107AA8004BB1013407D0002E05DBD0F88C4014B15F
:107AB800A44670BC6047014870BC70472DF8FFFFB2
:107AC8002DE9FF47DDF834800E4691469A46054673
:107AD800002876D0002974D0B8F1000F71D001F1D8
:107AE8006407384606F064FBBAF1FF3F49D1346EAB
:107AF80006F1500204F18000844204F01F0C07D202
:107B0800C4F3411152F8211021FA0CF1C90736D4F7
:107B180004F07F040121600904F5806A01FA0CF180
:107B280004F2014452F8203004F07F040B4342F879
:107B3800203034666B6C4A462946304603930E9BC8
:107B4800CDE901830C9B0093534606F0D0FB3846E1
:107B580000F0ACFD2C7874B196F89C405CB1AB6A2F
:107B6800013330D10021284606F061FB044610B1EC
:107B7800284606F032FB204604B0BDE8F087013401
:107B8800BAE7BAF5806FD5D3AAF5806306F150013C
:107B98007F2B0FD8580903F01F0351F8204024FA0F
:107BA80003F2D2070BD4012202FA03F3234341F86C
:107BB8002030BFE7054C384600F078FDDBE7044C81
:107BC800F9E7024CD7E70024D5E700BF2DF8FFFFFF
:107BD80029F8FFFF08B583681A0C0AD1094A936887
:107BE8002BB11279022A02D90749032098470020AD
:107BF80008BDA3F580338360180CB0FA80F0400903
:107C0800F6E700BF801F0024AC11050838B504460C
:107C1800B8B100F16405284606F0ABFBD4F8AC30E7
:107C28009B6963B9D4F8A040A3F2D273103C002C2E
:107C3800D8BF1C46284606F09AFB204638BD024CA1
:107C4800F8E7024CF9E700BF2EF8FFFF2DF8FFFF19
:107C580038B50446B8B100F16405284606F089FB3A
:107C6800D4F8AC309B6963B9D4F8A440A3F2D273BA
:107C7800103C002CD8BF1C46284606F078FB20464E
:107C880038BD024CF8E7024CF9E700BF2EF8FFFFB9
:107C98002DF8FFFF2DE9F04385B00F4690460546C5
:107CA8000D9A03A9994606F0E5FC0446E0B10C9E3E
:107CB8004A46039BD5F8B8009E420168A8BF1E46F5
:107CC800D0F808C0611A3346614528BF4FF0FF312C
:107CD80006F0D7F82346424639462846009606F06D
:107CE800E5FB05B0BDE8F0830048FAE72EF8FFFF92
:107CF8002DE9F0478AB00D4690461F460446DDE957
:107D0800129620B9744E30460AB0BDE8F0870029B3
:107D1800F8D0002BF6D00021A022C0F8C81007F038
:107D2800D3F9012204F16400114606F02DFF6B4BD4
:107D3800C4F8AC50C4F87480AC62E367684BC4F80C
:107D48008030684BC4F88430674BC4F88830674B80
:107D5800C4F88C30664BC4F89030664BC4F8943045
:107D6800654BC4F89830AB693BB9002ECAD004F112
:107D7800A00396E8070083E807002B6A002B00F0B1
:107D8800A5801B69002B00F0A1802846984700F0C9
:107D9800010084F89C00AB69D3B9337A002B68D012
:107DA80009F10C03C4F8BC30B9F1000FAAD0D9F816
:107DB8000820002A00F08D809B68002B00F0898045
:107DC8004E4B04934E4B05934E4B06934E4B0793E5
:107DD80004F1C0030021C4F8B87002222846C4E99F
:107DE800303306AB0191009304ABFFF7C3FD0646A1
:107DF800002888D1AB693BB92B6B1B68C4F8B0303D
:107E08002B6B9B69C4F8B430D4F8B40006F08DF934
:107E18002B6B1B68DF622B6B9B69DF62D5F818A0A0
:107E2800BAF1000F07D1D4F8A4300993D4F8B030D0
:107E38005B899A451FD394F89C30C4E9004463B128
:107E48000023324A04F1080120460293304B039480
:107E580001933523009306F04AFAAB69002B7FF4AF
:107E680052AF2B6A7BB3DB686BB304212846984773
:107E780049E74B4696E7D4F8A410484606F0EBFBD2
:107E88008046D0B1396800220890411AB868D4F801
:107E9800A430814228BF4FF0FF31384606F02AF857
:107EA800CDF800800123002208A9D4F8B00006F01C
:107EB800A0F818B90AF1010AB8E716480646284694
:107EC80006F04DFA1FE76FF00506F8E76FF00506B4
:107ED80019E7104E17E700BF2DF8FFFF9D7C040837
:107EE800CFE304087FE504087DE60408B5E4040848
:107EF80087E30408597C0408157C0408CD1105089B
:107F0800D3110508B3E5040875E30408D911050879
:107F1800F3E304082EF8FFFFF0B5174687B0084AC8
:107F280005460E4603AC07CA84E807000C9A31469A
:107F38002846019400923A46FFF7DAFE07B0F0BDF2
:107F4800DCFA040810B50446FAF73AF903480121A7
:107F5800034A02F08EFF204606F071FC74FA04080A
:107F6800DC1105082DE9F843044600AF0D46EFF390
:107F78001188102383F31288BFF36F8F04282A4ACD
:107F8800E9468AB098BF294B9668117C6A4694BF27
:107F980053F82030264BCDE9073140F2013325480C
:107FA800ADF82430244BCDE9050442F8103F0023F6
:107FB8004FF431512148FAF7D1F9CD4645B1EB6973
:107FC800C3F3080323B11E4A01211C4802F051FFE4
:107FD8002EB1304606F08FFE08B1037803B9194870
:107FE800E9468AB06A46184B0790CDE9053640F253
:107FF8000133ADF82030154B42F8103F00234FF401
:1080080011510E48FAF7AAF929462046CD46FFF73E
:1080180099FF88F31188BFF36F8F3046FBF772F82A
:10802800BD46BDE8F88300BFA41F002468FF04080C
:10803800EB110508011205080500000174FA04088F
:1080480029120508F91105084A120508040000015B
:1080580038B50A4B53F82040013053F82050A54258
:1080680000D838BD606830B1037EDB0701D406F064
:10807800C3FB0834F3E723689847FAE77CFF040852
:10808800294B0122032070B5284C86B0284D1A7060
:10809800FFF7DEFF01F00AFC0420FFF7D9FF2646B0
:1080A8003034AE420FD3214C00F0B4FFAC4226D39B
:1080B80000F0C4FFF8F7F2FC1E4A938923F001038D
:1080C800938106B070BD54F80C3C059354F8103CED
:1080D800049354F8143C039354F8183C029354F84E
:1080E8001C3C019354F8203C009354E90A2354E9BA
:1080F8000C0100F089FD54F8303C5E65CFE7D4E907
:108108000A23B3F1FF3F08BFB2F1FF3F05D052EA9F
:108118000301206803D106F0C4FE3034C6E70649DF
:10812800183001F09FF9F8E7DD23002428F9040846
:1081380028F90408A0190024DBED040870B5002311
:1081480086B00122144E01930446144D06EBC01666
:108158001349CDE904230F22CDE9023214234FF449
:10816800A07203FB00554FF4C0700E4B00FB0411C6
:108178003046009500F048FD337C0B4A23F0040399
:10818800EE602C7433744FF4046304FB033313441C
:108198006B6006B070BD00BF20190024A41F002426
:1081A800403A0024D5E90408003200247FB50020B5
:1081B800FFF74EFF274B83F30888274D0024F02351
:1081C80085F82230EC772C766C76AC7685F82040F2
:1081D8006B6A43F4E0236B62FAF77EFEFAF77CFFE2
:1081E8004FF0FF33AB62EB62FBF724F91B4DFBF753
:1081F8006BF8F9F745FF1A4800F080FDF9F774FAB3
:108208000120FFF725FF0220FFF722FF00F040FFC3
:10821800144B4FF4805214495D612846134B009467
:1082280005930123CDE90144CDE90343104B00F048
:10823800EBFC2B7C0646284623F004032B7406F03F
:1082480094FD2046FFF77AFF094A31462846FAF797
:1082580025FF00BF403A002400ED00E0A0190024EB
:10826800201A0024A41F0024C03B00240004050891
:108278008980040838B5064C064DAC4201D300206D
:1082880038BDD4E901122046143406F022FBF4E785
:108298000C0500243405002430B585B0044BDDE915
:1082A80008450293CDE9004506F0D1FA05B030BD86
:1082B80005A1040838B5074C074DAC4201D300208E
:1082C80038BD204606F029FB08B91C34F5E76FF0E5
:1082D8001500F5E7F00400240C05002473B50C46DE
:1082E800EFF31181102585F31288BFF36F8FC568EE
:1082F8005DB125602B68C360836901338361002009
:1083080081F31188BFF36F8F11E052EA030603D19E
:108318006FF00B002560F3E7CDE900230246083033
:1083280000F0D6FD18B9034B9B685B69236002B067
:1083380070BD00BFA41F0024F7B50D4604469DF884
:108348002010EFF31187102080F31288BFF36F8F8E
:10835800266AE06886423FD22668B44219D0C6B180
:10836800304606F03EFB06F1180006F0F3FD2946FC
:10837800002554F8082F706906F098FE3046B56756
:1083880006F0F3FC2046394606F049FD284603B0BE
:10839800F0BDA268A9B12946E06906F087FEE36945
:1083A800A268134462699342E36101D12369E361DE
:1083B800236A00200133236287F31188BFF36F8F8C
:1083C800E5E7A06929462369984208BF6069801AD1
:1083D800A06106F06BFEEBE752EA03010BD00749F8
:1083E80004F1080089684D613946CDE90023224629
:1083F80000F06EFDCBE76FF02200DDE7A41F00243C
:10840800F7B504460846EFF31186102181F3128868
:10841800BFF36F8F216A00293AD0A268A16906F0DC
:1084280045FEA369A2682568134462699342A36163
:1084380004BF2369A361AC42236A03F1FF332362BB
:1084480035D02846002D33D006F0CBFA05F11800B8
:1084580006F080FD6969A2680027E06906F026FE3B
:10846800E369A2682846134462699342E36104BF42
:108478002369E361236A01332362AF6706F075FC61
:1084880004F10800314606F0CAFC384603B0F0BDD6
:1084980052EA030111D00A4989684861314604F15A
:1084A8000800CDE90023224600F012FDEEE7002087
:1084B80086F31188BFF36F8FE8E76FF02200F7E7C4
:1084C800A41F00242DE9F341044617461E46EFF386
:1084D8001188102383F31288BFF36F8F304BC26863
:1084E8009B6872B18068984217D057EA060216D185
:1084F80088F31188BFF36F8F6FF00F0002B0BDE8EB
:10850800F08193F90E1001322161C4E9023288F337
:108518001188BFF36F8F0020F0E72169F3E793F923
:108528000E1090F90E30994230DA9942A8BF1946D8
:1085380006F07AFA0546224641461A48CDE9007601
:1085480000F0C6FC0028E6D0EFF31186102383F371
:108558001288BFF36F8FA068D0B1236821699C424D
:108568000AD04BB193F90E309942A8BF19466FF063
:108578007F039942B8BF194606F056FA40B1314612
:10858800084806F04CFC6FF00A00B7E70025D2E770
:10859800002DF4D186F31188BFF36F8FF3E700BF86
:1085A800A41F0024DE230024F8B583680546002BA9
:1085B8003FD0234A926893423ED1C368012B03D926
:1085C800013BC3600020F8BDEFF31187102383F34C
:1085D8001288BFF36F8F0169806806F025FA2C684E
:1085E800A54207D10023C5E9023387F31188BFF3F9
:1085F8006F8FE7E7002CF5D0002604F11800D4E9C6
:10860800003213605A60237CA66023F00203C4E999
:108618000066237406F09EFCAC6094F90E30204688
:108628002B61A66706F0A1FB3946064806F0F7FB62
:10863800C8E76FF01500C6E74FF0FF30C3E700BF8B
:10864800A41F0024DE23002437B51146EFF311855B
:10865800102282F31288BFF36F8F04689CB12368DD
:108668000121426823F003039442036008BF43607A
:10867800204606F05CFA044685F31188BFF36F8F35
:10868800204603B030BD51EA0302F5D000F10802DC
:10869800CDE900131046294600F01AFC0028EFD156
:1086A800014B9B685C69EBE7A41F002470B5EFF3EE
:1086B8001186102383F31288BFF36F8F0468A042DA
:1086C8001AD0CCB1002504F11800D4E900321360A7
:1086D8005A60237CA56023F00203C4E90055237483
:1086E80006F038FC2046A56706F03FFB31460848EF
:1086F800BDE8704006F093BBD0E902329A4218BF39
:108708000133836086F31188BFF36F8F70BD00BF9C
:10871800DE23002413B5EFF31181102484F31288AB
:10872800BFF36F8F846844B1013C846081F3118882
:10873800BFF36F8F002002B010BD52EA030406D1C8
:1087480081F31188BFF36F8F6FF00F00F3E7CDE966
:1087580000230246014800F0BBFBECE7DE230024BF
:1087680070B50546EFF31186102383F31288BFF323
:108778006F8F00232C68A54218D0BCB104F11800F3
:10878800D4E9003213605A600023227CA36022F0EF
:108798000202C4E90033227406F0DCFB6FF00A031E
:1087A8002046A36706F0E1FA0123E3E70022AA6066
:1087B80023B986F31188BFF36F8F70BD3146024825
:1087C800BDE8704006F02BBBDE2300242DE9FF41F5
:1087D80004461027534EEFF3118887F31288BFF32E
:1087E8006F8FD4F88450F5B9022104F19C0006F08B
:1087F800D7F9002870D004F19405002201212846F9
:1088080006F06FFB0028F8D100234FF0FF324146F5
:10881800454802934FF0FF33CDE9002304F18C0261
:1088280000F060FDD7E7D4F888202B689542C4F89B
:10883800843008BFC4F88830D4F89C3043F0020371
:10884800C4F89C30EB6823F0040343F00103EB60A9
:108858006B6888F31188BFF36F8F28469847EFF34A
:10886800118887F31288BFF36F8FEB68D80623F05F
:1088780001023ED4EA60EB689A0717D523F0020399
:108888003068EB6090B10368002178B14268954286
:108898003DD10368002934D172683360904200D119
:1088A8007360002340F8083BFFF700FFD4F89C30C2
:1088B80023F00203C4F89C30DB0530D4D4F88430AC
:1088C800003B18BF012388F31188BFF36F8F002B7B
:1088D80081D000F0E5FB7EE7D4F89C30D90693D52B
:1088E800C4F89C0088F31188BFF36F8F04B0BDE80B
:1088F800F08123F01103EB6005F11000FFF7D6FEBD
:10890800B9E70B607368984208BF7160C9E7014610
:108918001BB11A6818461346B7E71A46FAE7002348
:10892800D1E700BFC41F0024DE230024F8B5C368C4
:1089380004460E469A07C3F3400541D45F0741D465
:108948000B680BB983680B60E368D80745BFA36859
:10895800022501253360376857B31C4B9A68D7F84E
:1089680080309A421ED106F0BDF980F00100C0B2F5
:10897800D7F89C30D907C3F380021CD5F2B1F8B1FF
:1089880000232360D7F8883073B9C7E921443846F3
:1089980006F021F9E36843F00403E3603368A36059
:1089A8002846F8BD0020E3E71C60C7F88840EEE7DA
:1089B8006FF0150506E06FF0120503E01B07DFD521
:1089C8006FF00F0500233360EAE700BFA41F0024FF
:1089D800F8B5C36806460C4603F00503002B14BF20
:1089E800012700271CD085680122002104F110000E
:1089F80006F0CAF81349204606F01BF9E36843F06D
:108A08001003E360F3685B0712D5336823606BB922
:108A1800D5F8883033B9C5E92144284606F0DBF893
:108A28003846F8BD1C60C5F88840F6E73460F4E7BE
:108A3800D5F884302360D5F88830C5F88440002BF9
:108A4800EBD1F0E7BFEB04080146014806F00DB989
:108A5800C01A0024F0B50446002089B0C4E92100FA
:108A680004F18C000E9DC4E9230004F19400C4E9CC
:108A7800250055B32879002840F2011008BF0120CD
:108A8800C4F89C0000204FF0FF364FF0FF370094E9
:108A9800CDE90330CDE901000D4B2046CDE906674D
:108AA80000F000F955B1296811B1204606F020F907
:108AB8006B791BB1A38943F00103A381204606F01B
:108AC800F0F9C4F8804009B0F0BD0120D8E700BF34
:108AD800D587040830B5044685B0EFF31185102218
:108AE80082F31288BFF36F8FD0F89C2012F0060F24
:108AF80008D1F9B9D0F8840028B985F31188BFF3F3
:108B08006F8F15E0B1B942F004022046C4F89C20EA
:108B180006F061F800234FF0FF32294602934FF028
:108B2800FF330648CDE9002304F1940200F0DAFB94
:108B380005B030BD42F00C02E7E700BFDE23002499
:108B480037B501900846EFF31184102181F312889C
:108B5800BFF36F8FC16811F01E0F17D153EA0205DA
:108B680008D101A9FFF7E2FE84F31188BFF36F8FE4
:108B780003B030BD41F00801103040F8041C0199E1
:108B88008161034900F06EFC0120EDE70020EBE76E
:108B9800EDEB040801460148FFF7D2BFC01A0024D4
:108BA800F7B50C4616461D460190EFF311871023C2
:108BB80083F31288BFF36F8F084605F0FDFF55EA6F
:108BC800060309D101A92046FFF7B0FE87F31188F3
:108BD800BFF36F8F03B0F0BDE3683246064904F176
:108BE800100043F00803E360019BA3622B4600F0EA
:108BF80039FC0120EAE700BFEDEB04080146014813
:108C0800FFF7CEBFC01A002407322DE9F04322F047
:108C1800070285B00E461F46109900F158037F32AF
:108C280004468181042122F03F0206F140090174C3
:108C38003F2AA2F14008C0E916334FF000038360D1
:108C48000F98E373A073C4E9063305D883F311883A
:108C5800BFF36F8F084602DFB51820462946F9F79B
:108C6800EFFE07300E9B314620F00700C4E9189844
:108C7800A0662D1A029320460D9B2A4601930C9B51
:108C880000933B46FAF7DEF900236365044B9B68C3
:108C980003B1DB6E2846E36605B0BDE8F08300BF8C
:108CA800A41F0024F0B5002587B004460595109D43
:108CB80004950F9D03950E9D02950D9D01950C9DA4
:108CC800DDE912760095FFF79FFFB6F1FF3F08BF79
:108CD800B7F1FF3F05D056EA070305D1204606F055
:108CE800E0F8204607B0F0BD3A46334604F11800D4
:108CF800014900F0B7FBF4E7DBED0408012310B5E8
:108D08000374044683810023C0E9183300F0C0FDD2
:108D1800014B9C6010BD00BFA41F0024094A6FF0DE
:108D28000A0193689967084958674B6843F080536C
:108D38004B60002383F31188BFF36F8F9368986F9C
:108D4800704700BFA41F002400ED00E070B590F943
:108D58001020037C002A2FDBD9062DD11A4C63F092
:108D68007F0322460374E16952F8183F934207D102
:108D7800C0E900210860E0610FE09942F8D01B6863
:108D8800002BF5D093F90E6090F90E50AE42F4DD49
:108D98005968C0E9003108605860A569954200D05B
:108DA80005B9E568A3681A7CD20606D1DA897F2A54
:108DB80003D9AA690AB9636170BDAB4202D02846DB
:108DC80000F0D2FA6561F7E7A41F002438B590F9DE
:108DD80010200146037C002A04DA03F07F030374A1
:108DE80005F08BFF0D4D2A46AB6852F8184F944298
:108DF80000D004B9EC688B4207D01A7CD20604D1A3
:108E0800DA897F2A01D9A2692AB1A34202D0204671
:108E180000F0AAFA23466B6138BD00BFA41F0024E6
:108E2800B3F1FF3F08BFB2F1FF3F03D0024918304A
:108E380000F018BB704700BFDBED0408034648B9D3
:108E4800EFF3058232B9064A51699268914201D01E
:108E5800FFF764BF83F31188BFF36F8F704700BFBC
:108E6800A41F002438B5184CA168E0690B6881423A
:108E780014BF1A46002249680B605960A368E1696B
:108E88002AB9124AC3E900210B60E3610AE092F9AA
:108E98000E5093F90E00854212DD5168C3E9002196
:108EA8000B605360A569094B9D4200D005B9E56880
:108EB800A3689D4202D0284600F056FA656138BD85
:108EC8008A42DED01268DBE7A41F0024BC1F0024FE
:108ED800F8B50E4B0C4611460D4A9868DDE9066751
:108EE8001060EFF31182102282F31288BFF36F8FA4
:108EF8009D68284605F013FF284632463B46FFF793
:108F08008FFF2046BDE8F840FFF708BFA41F0024E4
:108F1800CC1F0024F8B50446EFF31187102383F320
:108F28001288BFF36F8F037C49B203F01F02002A37
:108F38000CBF0126002635D103F07F032A4D0374A8
:108F480005F0DBFE037C2A46817363F07F0303741C
:108F580052F8183FE869934207D1C4E90020046039
:108F6800EC610DE09842F8D01B68002BF5D093F91E
:108F78000EC08C45F6DD5968C4E900310C605C60B0
:108F8800AC69944200D004B9EC68AB689C4202D04A
:108F9800204600F0E9F96C6187F31188BFF36F8F01
:108FA8003046F8BD9B071CD5856805F0A6FE817381
:108FB8002B689D4209D16B68C4E900531C606C6042
:108FC800EAE76A689A42F6D01B68002BF3D093F957
:108FD8000E208A42F5DD5A68C4E9003214605C60EC
:108FE800DAE78173D8E700BFA41F0024034648B915
:108FF800EFF3058232B9064A51699268914201D06D
:10900800FFF78CBE83F31188BFF36F8F704700BFE3
:10901800A41F0024EFF31181102383F31288BFF3F8
:109028006F8F054B9A68D37B013BD37381F311880B
:10903800BFF36F8F704700BFA41F002470B5EFF314
:109048001186102383F31288BFF36F8F0F4DAB681F
:10905800DA7B0132DA732A4652F8184F944200D06C
:1090680004B9EC681A7CD20604D1DA897F2A01D9BE
:10907800A2692AB19C4202D0204600F075F9234625
:1090880030466B61BDE87040FFF7D8BEA41F0024CE
:10909800024B03F11802C3E906227047A41F0024FB
:1090A80070B5EFF31186102383F31288BFF36F8F27
:1090B8001A4CA168E0690B68814214BF1A46002265
:1090C80049680B605960A368E1692AB9144AC3E981
:1090D80000210B60E3610AE092F90E5093F90E004B
:1090E800854216DD5168C3E900210B605360A5690C
:1090F8000B4B9D4200D005B9E568A3689D4202D09C
:10910800284600F031F930466561BDE87040FFF748
:1091180005BE8A42DAD01268D7E700BFA41F002430
:10912800BC1F0024F8B550EA010306460C4603D1DB
:10913800FFF7B6FF0020F8BDEFF31187102383F384
:109148001288BFF36F8F124D124BA8681860FFF793
:109158003DFEA868234632460F49183000F082F9D0
:10916800AA6804463846137C43F004031374FFF7D7
:10917800D5FDAB68D3E90A23B3F1004F08BF002A35
:10918800D8D105F01CFF201A20EAE070D3E700BF11
:10919800A41F0024CC1F0024DBED0408014B9868B1
:1091A800704700BFA41F00242DE9F84304468789AF
:1091B800EFF31186102383F31288BFF36F8F037CBC
:1091C800190705D586F31188BFF36F8FBDE8F883BB
:1091D800D90943F008026FD10274A36813B120467D
:1091E80005F093FD04F1180004F1580805F0B2FEEB
:1091F800A56DA84511D04FF0000975B1284605F0B6
:1092080084FD05F1180005F0A5FE2846C5F87890FC
:10921800FFF79CFDA56DA845EFD1DFF8BC80D8F815
:1092280008309C4250D1EFF30589B9F1000918BF05
:109238004FF00109D8F81850284A954200D00DB9C6
:10924800D8F80C50AB4202D0284600F08DF82046E2
:10925800C8F8145001F0F7FEB9F1000F02D0204809
:10926800FFF74CFDD8F808309C4230D1EFF3058366
:109278006BBBA289D20711D586F31188BFF36F8F14
:1092880083F31188BFF36F8F0423184602DFEFF3CF
:109298001186102383F31288BFF36F8F3046FFF7D0
:1092A8003DFDFB0792D5002383F31188BFF36F8F31
:1092B8000423184602DF89E703F07F0343F008031D
:1092C800037405F01AFD88E74FF00009B2E786F34A
:1092D8001188BFF36F8FE4E7A41F0024BC1F00248C
:1092E800201A0024D3B5DDE90667089CCDE900679C
:1092F800FFF7EEFD1CB1034B9B685B69236002B06E
:10930800D0BD00BFA41F0024027C034612F01F0238
:1093180010D10A4988420DD00949086868B1D9892D
:109328007F2909D893F90E20064B1B689A42B8BFCB
:10933800002070470020704710467047201900240D
:10934800D0030024D01F0024044B0122C01A044B70
:10935800C0105843034B1A54704700BFA01A00248A
:10936800ABAAAAAADE2300240C4B70B50C4D1E7CB8
:10937800FFF7CAFF1823044603FB0655284605F0E5
:10938800E9FD084B00229A553CB1621E2846064961
:10939800D317BDE8704000F065B870BDA41F002465
:1093A800A01A0024DE2300245193040838B5EFF3F3
:1093B8001185102383F31288BFF36F8F0F4B104A68
:1093C8009C681068A04206D1FFF7CEFF85F311888C
:1093D800BFF36F8F38BD00211B7C1160094AD35C35
:1093E800002BF3D02046FFF78FFF0028EED0237C18
:1093F800DB0601D1FFF736FD2046E5E7A41F002470
:10940800CC1F0024DE230024024B1868984208BFB2
:1094180000207047D4030024034B1B680BB9FDF7E9
:1094280059BA0020704700BFD41F002430B570B16E
:109438000B4B5B6898420AD0036843B1D3E9042117
:10944800D0E90445121941EB0501C3E90421D0E92B
:10945800003213605A600023C0E9003330BD00BFFA
:10946800D4030024B3F1FF3F08BFB2F1FF3F2DE959
:10947800F84F0446994615461F467AD08160EFF3A7
:109488001188102383F31288BFF36F8FB9F1000F8F
:10949800DFF8E4A020DBFFF7BFFF0135064649F1FE
:1094A80000092D18DAE9002749EBE0734FF00109AC
:1094B800C4E90453AD1843EB0707FFF7A5FFDFF82E
:1094C800BCE00346DEF804A0EBB9C4E900EACAF838
:1094D8000040CEF8044028E0DAE900126FF00103FA
:1094E8005B1A4FF0FF3161EB02025B1B62EB090272
:1094F800012B4FF0000972F10001BCBF01230022CB
:10950800C0E90432D9E7D3E9041CD4E904208A422B
:1095180070EB0C0B24DA891A5A686CEB0000C3E96B
:109528000410C4E9003214605C60FFF76DFF8442E8
:109538000ED1134B1B685BB9B9F1000F02D1FFF7CD
:109548006BFF0646304605F0EEFC0021FDF744F9B6
:1095580088F31188BFF36F8F28463946BDE8F88F26
:10956800521A60EB0C005345C4E90420ADD01B68C7
:10957800AAE700252F46EFE7B81A0024D4030024F1
:10958800D41F00242DE9F047DFF8A8900D46DFF836
:10959800A880002600270246C9F80000FFF734FF1C
:1095A8004FEAE27ED8E9001350B1D0E9044CA24258
:1095B8007EEB0C0A1BDAA41A6CEB0E06C0E9044613
:1095C80052184FF0000443EB0E032046C9F8004040
:1095D800C8E9002305F0A7FC2146FDF7FDF885F34F
:1095E8001188BFF36F8FBDE8F047FFF7DFBE611842
:1095F80043EBE473C0E90467C8E90013FFF716FFFB
:1096080001224FF00043C0E9042385F31188BFF31A
:109618006F8F83689847EFF31185102383F31288BF
:10962800BFF36F8FD9F80020121BC9F80020FFF78D
:10963800EBFEB5E7D41F0024B81A002410B5EFF3E9
:109648001184102383F31288BFF36F8FFFF7E4FEB2
:10965800054A0346D2E90001181841EBE37184F387
:109668001188BFF36F8F10BDB81A0024F8B50446EF
:10967800EFF31187102383F31288BFF36F8FD0E9BC
:109688000423B3F1004F08BF012A04D087F31188DF
:10969800BFF36F8FF8BDD0E90A566A1C46F1000384
:1096A800022A73F1000334D3013D46F1FF36002E40
:1096B800BCBF00252E4605F086FC013041F10001B3
:1096C800401946EB0101012871F1000147DB05F063
:1096D8007AFC01306FF0020341F10001401946EBBA
:1096E800010183426FF000438B413DDB05F06BFCC9
:1096F80001306FF0010241F10001401946EB01030E
:10970800121A4FF0FF3161EB030319492046FFF7A6
:10971800A9FE236B01332363236A63B187F311889E
:10972800BFF36F8F20469847EFF31187102383F319
:109738001288BFF36F8F54F8185FA542A6D0002D8A
:10974800A4D0284605F020FB0023AB6787F31188D7
:10975800BFF36F8F2846BDE8F84005F006BB6FF0F1
:1097680001024FF0FF33D0E700224FF00043CCE76F
:10977800759604082DE9F04105461C4690461F469B
:10978800EFF31186102383F31288BFF36F8FB4F1C0
:10979800FF3F08BFB2F1FF3F05D186F31188BFF341
:1097A8006F8FBDE8F081002C09DB012A74F10003FA
:1097B800BCBF0122002412F1FF3844F1FF372846CC
:1097C80005F0C8FB002342462B633B46DDE9060152
:1097D800C5E90A0128460249FFF744FEDDE700BF54
:1097E8007596040870B50546EFF31184102686F3C4
:1097F8001288BFF36F8F05F0ADFB20B184F3118899
:10980800BFF36F8F70BD6B6A63B184F31188BFF3C8
:109818006F8F6B6A28469847EFF3118486F3128896
:10982800BFF36F8F05F1180005F0E3FA0028E5D0C3
:1098380005F09BFA21460248BDE8704005F0EFBAF2
:10984800DF2300242DE9F04105460E46174605F0B2
:1098580049FA28B9074B9B68DC6E14B9BDE8F0815A
:10986800054C3B46324629462046BDE8F04105F006
:10987800FEBB00BFA41F00240C0500240246024BB7
:109888000021024805F0F3BBFFA004080C050024E2
:10989800014BC366704700BF0C0500240146024A0D
:1098A8000020FFF7CFBF00BFFFA00408014800F069
:1098B8004EBD00BFAF120508074B07B54FF48062D5
:1098C800009306494FF0FF330548FFF7C3F800201F
:1098D80003B05DF804FB00BF94FF0408004C0024AB
:1098E800C01A00240CB430B58BB004460D462022B3
:1098F800002102A805F0E8FB02238DF80A30002DAC
:109908000C4B0393069412DB01D06B1E1C440FAA68
:109918000E99079402A8019200F00EF815B1069B63
:1099280000221A700BB0BDE8304002B07047002426
:10993800EDE700BFF1F104082DE9F04F8BB0436863
:10994800009383789C078046924640F1F980002571
:109958000878002800F0F68025280AD04B1C0193CF
:1099680001354146009B98470028C0F2E3800199E1
:10997800EEE74E788B1C252E0193F1D00027B946CF
:109988003C460A221F2C22D8A6F12003102B20D8EF
:10999800DFE803F0141F1F1A1F1F1F0B1F1F1F12C2
:1099A8001F171F1F090044F00104019B13F8016BE6
:1099B8000193002EE6D13AE044F0020444F0040496
:1099C800F3E744F00804F0E744F01004EDE77F2CD7
:1099D80024D8A6F13003092B08D860064EBF02FB35
:1099E800073702FB093944F02004DEE72A2E0DD19F
:1099F80061065AF8043B53D4002BA7BF44F0200457
:109A08009946C3F1000944F02804CEE72E2E05D16B
:109A1800630600F1978044F04004C6E76C2E2ED010
:109A280028D8682E32D06A2E37D04C2E35D0002F49
:109A380046F02003B8BF24F04004A3F16502BCBF80
:109A4800A4B20027022A01D9612B2BD10AF1070AF7
:109A58002AF0070A9C4E0AF1080A0727210760D551
:109A680006EB070B34465C455DD1AE1BA219A9EB8A
:109A7800070959E1742E98D07A2E96D0D7E7260692
:109A880048BF44F4007444F080048EE7E00548BF02
:109A980044F4007444F4807487E744F4207484E741
:109AA8001F4682E7A6F16302122A00F2D880DFE897
:109AB80012F013004D00D600D600D600D6004D0097
:109AC800D600D600D600D600D600E800D100D600D1
:109AD800D6001A00D600A0005AF8043B8DF81030C2
:109AE800012704AEBAE75AF8046B784B002E08BF7A
:109AF8001E4614F0400F14BF39464FF0FF31304670
:109B080005F00FFB0746A9E7009B41462020984730
:109B180000280FDB013CA742F6D34D442D1BA1467C
:109B28009EE74C46F7E714F8010B009B414698471F
:109B3800002898DA98F8023043F0040388F80230D5
:109B48004FF0FF3528460BB0BDE8F08F220630D520
:109B5800A3052AD50AF1070A2AF007039A46596885
:109B68005AF8080B24F0100B00291FFA8BFB2FDA88
:109B7800404261EB41014BF4806B04AC0A2322465E
:109B880005F0DBFA1BF0400FA0EB040200F08E801A
:109B98002BF001049742A4B240F38F80002E40F0CE
:109BA8008E802BF01104A4B21DE05AF8040BC117E3
:109BB800D8E7E0055AF8041B01D40846F7E7A205E0
:109BC8004BBF48B208B241F3C01141F3C031C9E7F5
:109BD80050EA0103D1D16306CFD5002FCDD124F0AF
:109BE8001104A4B23A463B4640F206410C4262D107
:109BF80024E024F01004A4B20A2314F0800243D015
:109C080014F400711FBF0AF1070A2AF007029246EE
:109C1800516814BF5AF8080B5AF8040B50EA0102AD
:109C28003ED124F0160B62061FFA8BFB3CD5002FA1
:109C38003AD124F01704A4B23A463B4621075AD435
:109C4800E10705D5994572DDA9EB03039F184B463B
:109C58009B464AE044F0100410237826CDE7782B81
:109C680004D1C6F1780343F01003C6E7009B4146D0
:109C7800252098470028FFF65DAF0235414630465B
:109C880070E608230026B8E714F480715AF8040B2C
:109C9800C4D014F400711ABFC0B2114680B2BDE737
:109CA80024F006041FFA84FB04AC68E713465C46FC
:109CB800E10699D52EB90133C0E71346F8E73B46CC
:109CC800F6E70233BAE700BFE7120508E012050815
:109CD800CDE902324146009B202098470028FFF634
:109CE80029AFDDE902320BF1010BD945F0DCEB1AA3
:109CF80003EB0B055B46E10627D5CDE90232414669
:109D0800009B302098470028FFF614AFDDE90232A7
:109D18007EB901352F44791B8A4229DB144604AEEB
:109D28009CBB2A44A9EB03091546914442E0174617
:109D38008EE7CDE90232023541463046009B98470E
:109D48000028DDE90232E5DAF4E640F206410C4289
:109D5800E0D014F0020F14BF2B20202014F4806FE1
:109D6800CDE9023205F10105414618BF2D20E5E78E
:109D7800CDE902324146009B302098470028DDE9B2
:109D8800023205F10105C6DAD4E6013CCDE902321A
:109D9800305D009B414698470028DDE90232BFDA72
:109DA800C8E6009B414620209847002805F1010598
:109DB800FFF6C0AEA9EB0503002BF2DCD7E500BF28
:109DC8007047836800EBC101B3F5004F2CBF51F811
:109DD800220031F81200704700EBC1018068B0F52D
:109DE800004F2CBF41F8223021F812307047012271
:109DF80008B5FFF7E6FFD04008BD836800EBC10156
:109E0800B3F5004F08D34B681AB143F001034B6018
:109E1800704723F00103FAE74B881AB143F00103B6
:109E28004B80704723F00103FAE753000122FFF744
:109E3800D3BF08B58368B3F5004F06D3FFF7D7FF44
:109E480001288CBF0020012008BD0020FCE78368A2
:109E5800B3F5004F34BF04230823C91A081AC008F1
:109E680070478368B3F5004F28BF0139B1FA81F014
:109E7800C0F11F0070472DE9F0410E461746032236
:109E88000446FFF79EFF8642054607F104080AD1FB
:109E98000122E368BA4023EA0203E360002344F89E
:109EA8002830BDE8F081314602222046FFF789FFBD
:109EB80006462B4601460322204644F82850FFF761
:109EC8008BFF3346294620460222BDE8F041FFF7C2
:109ED80083BF38B504460D46FFF7ABFF70B9294676
:109EE8002046FFF784FF01462046FFF7BAFF2946C0
:109EF80002462046BDE83840FFF7BDBF38BD2DE912
:109F0800F04705468946FFF7ACFF064605EB800A91
:109F1800DAF8107077B901364FF0FF34EB68B440C7
:109F28001C4015D094FAA4F2B2FA82F2131D55F827
:109F3800234009E03C464FF0030821462846FFF736
:109F480056FF814507D8324621462846FFF793FF3A
:109F58002046BDE8F087214603222846FFF731FF57
:109F6800B8F101080446CAF81000D4D08742E4D1F9
:109F7800D1E72DE9F04114460E460546FFF737FFB5
:109F8800371BA4EB06083146074442462846FFF72C
:109F98004CFF3A4621462846FFF747FF4346002232
:109FA80021462846FFF718FF21462846FFF71FFFDE
:109FB8003B46211800222846BDE8F041FFF70CBFB8
:109FC8002DE9F041164604460F46FFF710FF0546F7
:109FD80031462046FFF70BFF0544394620462A46FE
:109FE800FFF723FF31462046FFF701FF2B463118C4
:109FF80000222046BDE8F041FFF7EEBE2DE9F04112
:10A0080004460D46FFF715FFB8BB29462046FFF763
:10A01800EEFE01462046FFF724FF04EB80010E699F
:10A0280096B90122E3688240204613430222E36086
:10A038002B460D612946FFF7CFFE0322294620460D
:10A04800BDE8F041FFF7C8BE022231462046FFF7BF
:10A05800B8FE2946034607462046FFF7BDFE032201
:10A06800334629462046FFF7B7FE39462B46204699
:10A07800FFF7B2FE02223146E1E7BDE8F08170B594
:10A08800056809B9002070BDAB6801F007042846CF
:10A09800B3F5004F04F1070434BF04220822144426
:10A0A800E40804EBD1049C4228BF1C462146FFF774
:10A0B80026FF06460028E5D001462846FFF797FE0A
:10A0C800A04209D93444314628462246FFF751FFB9
:10A0D80021462846FFF792FF284601223146FFF71E
:10A0E8008CFEAB68B3F5004F34BF0423082303EBA1
:10A0F800C6031844C7E71146FFF7C1BF2DE9F84367
:10A108004B420668144603EA010731EA0303B268C2
:10A118000ED0B2F5004FB9462CBF08230423BB422A
:10A1280028BF3B46CF1B94B900252846BDE8F883D5
:10A13800B2F5004F34BF04230823994204D82146BE
:10A14800BDE8F843FFF79BBF4FF00009EBE7FB1AA8
:10A15800E10804F00700B2F5004F01EBD30103F06A
:10A16800070300F1070034BF0425082503443046DF
:10A178002B4401EBD301914228BF1146FFF7BFFEE4
:10A1880080460028D0D0B36809EBC0053046B3F547
:10A19800004F34BF042308231D447B1E35441D444F
:10A1A800B5FBF7F57D43A5EB09052C442946FFF7D8
:10A1B8004EFE804504F10704074624F00704A4EB8B
:10A1C80006044FEAE40408D2024641463046FFF747
:10A1D800D0FE41463046FFF711FF39463046FFF7BB
:10A1E80006FE3844844208D2394630462246FFF7F4
:10A1F800C0FE21463046FFF701FF012239463046AE
:10A20800FFF7FBFD91E7B2F5802F34BF0423082345
:10A21800D21A2DE9F0418C18CD1D002625F007052E
:10A2280024F00704641B05602846EE60E408214614
:10A23800AC60FFF716FE3146820005F1100002F10E
:10A248001B07043204F040FF3146FF0828463A460F
:10A25800A4EB0708FFF7E9FD3346324631462846A6
:10A26800FFF7BAFD284631460122FFF7C6FD4246F0
:10A278003946FFF7DAFD3B46324639462846FFF7AE
:10A28800ABFD21462846FFF7D0FD4346324621461E
:10A298002846FFF7A1FD214628460122FFF7ADFD1C
:10A2A8003946BDE8F041FFF7A9BE2DE9F04706465B
:10A2B8000D46174698462BB398F800404FF0000A11
:10A2C80093F80190A400DB7804EB430498F802307B
:10A2D8001C444444CA4509D308F10803D8F80420AB
:10A2E80039463046AC46BDE8F047604714F8013BB4
:10A2F8000AF1010A204648F82340F6F73BFA0130F4
:10A308000444E7E76FF01500BDE8F08730B5024672
:10A318000024002012F8013B43B178B18C4207D1E8
:10A32800702B04D0A3F140053A2D07D8002030BD8A
:10A33800A3F140053A2D01D80134EAE7252B08BFDF
:10A3480080F00100E6E70020704700F00FBD0FB471
:10A3580007B504A951F8040B019100F007FD03B0FB
:10A368005DF804EB04B0704710B50369024613F0BA
:10A37800080009D11368D4689C4297BF126AE31A8F
:10A388000120D31A0B6010BD00231846FAE713B555
:10A3980001A90446FFF7E8FF20B1019BE268013BF1
:10A3A80013440193206A019BC01A013802B010BD02
:10A3B80010B5044650182269236AD20702D5013B1A
:10A3C800184010BD984228BFC01AFAE710B50446D5
:10A3D8000A46C168FFF7ECFF2369E06023F0080331
:10A3E800236110BD38B58B00C2690D46016843F082
:10A3F8000203044642F821302A460168FFF7D8FFD5
:10A40800E36861682A4698422060204602BF2369B3
:10A4180043F008032361FFF7CBFF606038BD2DE9E7
:10A42800F74FD0F80CB09A46C6690F460092002143
:10A4380016F82B2006EB8B03044602F00302019367
:10A44800009B022A0CBF56F82B208946196008BFCA
:10A45800C2F39D09CAF80010B9F1000F07D04946A8
:10A46800FFF7B4FFE368A3604FF0010804E0016957
:10A478008A0705D44FF00008404603B0BDE8F08FC6
:10A48800816906EB8B00884716F82B10054611F0FA
:10A498000108EFD08B071DD51FB139462046FFF7BD
:10A4A800A1FF61682A462046FFF782FF6060D4E971
:10A4B80002138B4207D12A462046FFF779FF4FF057
:10A4C80000080146A0602369216043F00803E160A9
:10A4D8002361D1E701462046FFF778FFE168A160D4
:10A4E8001FB12068E16941F82090EA192046CAF8AE
:10A4F80000202168FFF75CFF2269206042F0080213
:10A50800226116F82B2022F0010206F82B20DDE943
:10A5180000321A60A8E770B504461546FFF748FFF1
:10A528002368834205D12369216023F0080323614E
:10A5380070BDAB00E269204643F0020342F82130C7
:10A548002A466168FFF734FF6060F1E738B50369B0
:10A5580004465B0706D5456AFFF719FF85422CBFFD
:10A568006562606238BD38B50D461C22002104467C
:10A5780004F0AAFDEB680022A361AB6863612B6855
:10A58800E3616B68626223622A6923B1591E19422A
:10A5980008BF42F001022261012204F128000021D3
:10A5A800BDE8384004F0F0BA2DE9F04F9846036A48
:10A5B800002587B08B4204460E469346AA4603956B
:10A5C800059538D3EFF31189102383F31288BFF36D
:10A5D8006F8F059A2AB129462046FFF79CFF002372
:10A5E800059304A92046FFF7BFFE04990746B14228
:10A5F8002AD322682046E36913F8221003EB820A63
:10A6080021F0030103F8221032462168FFF7D0FE3B
:10A61800E3682060984212D0002789F31188BFF3BD
:10A628006F8F039929B162690AB1204690470023C8
:10A638000393002FC6D1504607B0BDE8F08F2369B9
:10A6480043F008032361E7E718B12046FFF7CAFE85
:10A65800E3E75BEA08031CD0019104F043FB01998E
:10A66800B8B9B9F1000F14D189F31188BFF36F8F0E
:10A678005A46434604F12800FEF74CF8EFF31189D7
:10A68800102383F31288BFF36F8FB0FA80F77F0926
:10A69800C3E705AB03AA20462568FFF7C0FE0746B7
:10A6A800BBE770B50446836908460D4698470246DD
:10A6B800EFF31186102383F31288BFF36F8F2B7883
:10A6C800204643F001032B706168FFF771FE60605C
:10A6D8002046FFF73BFF86F31188BFF36F8F70BDED
:10A6E8002DE9F843044600271026EFF3118586F379
:10A6F8001288BFF36F8F2369A268190702D46368B1
:10A70800934200D2236A9B1A002B42D0E06910F8CA
:10A71800221000EB820911F003033AD0022B04D176
:10A7280050F822305FEA930805D1CB0720D4A369FB
:10A73800484698478046A168424620460127FFF7C9
:10A7480037FE4146A0602046FFF740FE3B4685F3B2
:10A758001188BFF36F8F002BC7D137B1B9F1000F44
:10A7680003D104F12800FDF7A1FF4846BDE8F883AE
:10A7780041F0020100F822104846D4F80880A36985
:10A788009847414602462046FFF712FE0023A06084
:10A79800DDE79946DBE7F8B50446836908460D46C8
:10A7A80098470646EFF31187102383F31288BFF307
:10A7B8006F8F2B7823F001032B7023699B0705D536
:10A7C800E268E36903EB82039D421AD12B7823F0F8
:10A7D80002032B70D4E90231994204D13246204653
:10A7E800FFF7E6FDA06031462046FFF7EFFD87F34F
:10A7F8001188BFF36F8F04F12800BDE8F840FDF71A
:10A8080055BF2B6860F39F032B60F0E7EFF31181CE
:10A81800102383F31288BFF36F8F026983681207CE
:10A8280002D442689A4200D2026AD31A81F311888C
:10A83800BFF36F8F181E18BF0120704770B506460A
:10A848000C888888241A3069A4B285B2844224BF4F
:10A85800641BA4B22D1BA8B2984228BF18463368BF
:10A86800234413600B8803440B8070BD70B4838944
:10A8780085880669ED1AADB2731B934270BC28BF78
:10A8880013460A46011DFFF7D9BF70B40E460146AC
:10A89800C58831F80A3FEC1AA3B2934228BF134681
:10A8A800324670BCFFF7CABF4B8810B50C88E41A53
:10A8B800A4B294420ED31A448B8892B24A800A807A
:10A8C800D21A006992B2824201D2002010BD03441C
:10A8D8008B80FAE76FF01500F8E72DE9F34106469B
:10A8E8000F4615464FF000082A4601A93046FFF7E3
:10A8F800BDFF044640B1024639460198A04404F021
:10A90800D5FB2D1B2744EFD14246311D3046FFF7BA
:10A91800CBFF404602B0BDE8F0812DE9F341074680
:10A928000E4615464FF000082A4601A93846FFF79B
:10A93800ACFF044648B12EB1024630462644019980
:10A9480004F0B4FB2D1BA044EED1424607F10A01E6
:10A958003846FFF7A9FF404602B0BDE8F0817047CE
:10A9680082B00A210190019820EAE070A0FB010161
:10A9780002B004F07DBA70470A46012100F079BAA6
:10A988000369D3F8700370476FF085007047084675
:10A99800114608B518B103F06DFC002008BD6FF032
:10A9A8000100FBE70846114608B518B103F059FC49
:10A9B800002008BD6FF00100FBE713B50446084608
:10A9C8002169BFF35B8FD1F86C13BFF35B8F02294A
:10A9D80009D15BB168B100931346D0E90912FDF7BC
:10A9E80059F802B010BD6FF00F00FAE76FF04C0095
:10A9F800F7E76FF00100F4E72DE9F84315461C4628
:10AA08000F46DDE9082316469846A9B3BDB3B4B38B
:10AA180012F1010C43F10001BCF1020F71F10001C8
:10AA280030D2D4F800C0BCF1000F09D00169D1F8C8
:10AA380070138C4504D96FF00B002160BDE8F883D2
:10AA4800B3F1FF3F08BFB2F1FF3F0CBF4FF0010960
:10AA58004FF000094A462146384603F014FC40B935
:10AA6800B8F1FF3F08BFB6F1FF3FF3D06FF06800C1
:10AA7800E4E728600020E1E76FF00100DEE76FF00F
:10AA88001500DBE76FF08500D8E703F051BC38B557
:10AA98000D46044600F148012846F5F761FE0346D5
:10AAA80030B104F1C0012846F5F75AFE28B9012350
:10AAB8005B4203F07803E01838BD0020FCE702F59C
:10AAC8002E7102F5327004F0D0B8D0F8B030A0F58D
:10AAD8002E70003B18BF012300EB8300D0F8A402BE
:10AAE80003F060BBC86828B1096983681B680BB1AB
:10AAF800002218477047FDF757BDBFF35B8F50E83A
:10AB0800003F40E80012002AF9D1BFF35B8F70477D
:10AB180010B5436804691B68C4F8683304F5E87025
:10AB280003F08AFF002104F55B70FFF7E6FF084693
:10AB380010BD030103EB4003093323F0030303EBC8
:10AB4800C00348430330083320F003001844400092
:10AB580070472DE9F843056906464FF00108D0F81B
:10AB6800049005F55B77BFF35B8F57E8003F022B36
:10AB780003D147E80082002AF7D1BFF35B8F41D1A8
:10AB880095F86C30002B40D195F8E430002B3CD17F
:10AB9800D5F86813284600F054F8044680BB73685B
:10ABA8003669D3E9050183681B693BB32246984798
:10ABB800044628BB414606F53270FDF78BFFD6F8F0
:10ABC800480305F5F476F8F79DFAD9F800103046F1
:10ABD80000F07BF8044698B90146D022304604F0CC
:10ABE80073FA21464FF4F272284604F06DFA2146B2
:10ABF8003846FFF782FF2046BDE8F8836FF0570418
:10AC08000221F5E76FF07704F5E76FF00F04F2E73C
:10AC180010B50846029B114652B993F86C202AB920
:10AC28000122184683F86C20F6F734FF002010BD87
:10AC38001A6F9468002CF9D05A6FA047F6E703F012
:10AC480077BB38B50D46044660B1F03003F0A1FD7E
:10AC58000DB1002038BDC4F8BC51C4F8C051C4F8C7
:10AC6800C451F6E76FF01500F4E70268D2F8C8306F
:10AC780013B1D2F8C41018477047704701207047C5
:10AC880038B5C41DE4002046FEF7F8FD054618B1A6
:10AC98002246002104F018FA284638BD83692BB9EA
:10ACA800C36B1970C06B0121F8F7C4BA704710B5AF
:10ACB80081690446012906D1C06BF8F7D3FAE36B22
:10ACC8001878C0B210BD0420FCE738B50446382215
:10ACD800002104F0F9F91822002104F1A40004F07D
:10ACE800F3F91822002104F18C0004F0EDF9D4F8EE
:10ACF800C000FCF79DFED4F8BC00FCF799FED4F820
:10AD0800803004F154050BB12846984738220021B9
:10AD1800284604F0D9F9FCF7EFFD002038BD037888
:10AD28005B075FBF03684288C3F34A2303EB121033
:10AD38005DBF173020F00700800800207047002012
:10AD480070470346BFF35B8F53E8000F421C43E88C
:10AD580000210029F8D1BFF35B8F704708B504F0D4
:10AD680032F90A220023F5F7E1FC08BD1FB50023DC
:10AD7800CDE902011A4619461846CDE90033F7F71E
:10AD88006DFB05B05DF804FB0120F7F71FB9002043
:10AD980070474368DA7101224368196043685A7141
:10ADA800F7F706B970B515460C4669B1D2E9013610
:10ADB8009B1B99420AD813680A460146981904F061
:10ADC80075F9AB682344AB60204670BD6FF01B007B
:10ADD800FBE770B50E4615461946044618B9BDE896
:10ADE8007040F7F7F3B833B1C2F34A231030120DAD
:10ADF800184404F05BF92046C4E90056BDE87040E9
:10AE0800F7F78CBA2DE9F3415F1C06460C46154648
:10AE18004FEA870808F1170020F007008008F7F7C5
:10AE280057F900238DF80470ADF805308DF8073018
:10AE380068B1019A0346A8F1040143F8102F2A4685
:10AE4800294452F8045B8A4243F8045FF9D1A2010D
:10AE58000023314602F4E07242EA482222F07F429F
:10AE680022F4700222F03F0202B0BDE8F041FFF781
:10AE7800B0BF07B50123019201AAFFF7C3FF03B0D2
:10AE88005DF804FB07B5CDE9002302236A46FFF706
:10AE9800B9FF03B05DF804FB1FB5CDE90123069B9C
:10AEA80001AA03930323FFF7ADFF05B05DF804FB88
:10AEB800F8B506460D4614461F4604B9F8BD2146A6
:10AEC80028463A46B047241A0544F6E710B54268C2
:10AED800044681680068D2E90023FFF7E9FF636848
:10AEE80000221A6010BD38B54B6805460C461A6832
:10AEF800CB689A4202D10846FFF7E8FF6368BFF3C0
:10AF08005B8F53E8002F511C43E800100028F8D14C
:10AF1800BFF35B8FA36800209D5438BD0A2838B55D
:10AF280004460D4602D10D20FFF7DDFF29462046D5
:10AF3800FFF7D9FF002038BD2DE9F043054689B059
:10AF480008460E8891F800900C46D1F808801746FC
:10AF5800F7F7D6FA011EC6F38216C9F3C20920DB39
:10AF68004846F7F7EDF903462146608851F8102B5B
:10AF7800C0F30B100296C2F34A22002A01EB020426
:10AF88004FF0000208BF0021CDE90507CDE9031401
:10AF980028464146CDE90022F7F7DEFA09B0BDE8B8
:10AFA800F0830023E0E7436800201B685B681961B1
:10AFB800704743681B681A685268536070472DE9E8
:10AFC800F041436801211B685A6811751D68D5E96D
:10AFD80001362F68D3E900481CB96B681C60BDE8CE
:10AFE800F081214630464246B847241A0644F3E722
:10AFF80043681B681868F7F7E5BB70B543680C46EB
:10B008001D686B681869F6F7BDFF214603460F22D5
:10B018002868BDE87040184704F056B804F046B8F0
:10B0280001460068F7F7ACBC08B5F7F705FDBDE8C1
:10B038000840F8F757B80A460121FFF71ABF002160
:10B048000120F7F79DBC6FF08500704761B662B6C6
:10B0580080F31188BFF36F8F704772B6002383F3B4
:10B068001188BFF36F8FBFF34F8F30BF62B6BFF346
:10B078006F8F70477047202809D9B0F1004F08D862
:10B088000138B0FA80F0C0F11F0040007047082076
:10B0980070473E20704708B5D1E904319847002031
:10B0A80008BD08B5F8F7ACFA002008BD70470023C2
:10B0B80003824369C3607047C1698968F8F70CBBAC
:10B0C800027A01320272704710B508B14B684360CA
:10B0D80000234C6808464B60F8F77CFB204610BDFF
:10B0E8008388026819448180D018704730B48488F6
:10B0F8000568A3188380281930BC03F0D7BF10B5A2
:10B10800838802685C1C8480D018D15410BD838861
:10B11800026830B59D1CD4188580D154090A617025
:10B1280030BD83885B1A9BB28380006818447047DF
:10B138004FF0FF324FF0FF330430FDF7C3B9FDF78E
:10B1480033BA90F86C00C0F34110704783691B69EB
:10B1580093F8800000F001007047F8B504461E46D9
:10B168000D461746FFF7E4FF94F86C309B0715D49B
:10B1780025B1012D10D06FF0150508E0216F0029C9
:10B18800F9D09DF8183000250F714E718B71201D74
:10B19800FFF7D5FF2846F8BD616FF0E76FF0770538
:10B1A800F5E790F86C00C0F38000704738B50446A6
:10B1B800FDF730FF2046FFF7BBFFA06940B96FF0ED
:10B1C8001205201DFFF7BBFFFDF738FF284638BDE5
:10B1D80094F86C30DB0716D403F026FB0028EED079
:10B1E8002046F9F7ABF905460028EAD101462422A2
:10B1F80004F1280003F068FF94F86C3043F0010371
:10B2080084F86C30DDE76FF07705DAE770B504464F
:10B21800FDF700FF2046FFF78BFF94F86C30DA0744
:10B2280031D5C3F340019B0730D4A06901F0CBFBB3
:10B238000646A06901F036FC0546B0B9A36F4BB1CC
:10B248003146204600F097F90546A8B1A06901F0FB
:10B2580055FC0AE0A06901F0CDFBA0670028EFD1FA
:10B268006FF00B05A06901F049FC201DFFF767FF8F
:10B27800FDF7E4FE284670BD94F86C3043F00203F5
:10B2880084F86C30F1E74FF0FF35EEE76FF07705A3
:10B29800EBE70246034652F8640F90420BD10020B8
:10B2A8007047027A8A42FBD09A6E8242F7D00068D1
:10B2B8000028F6D170470028F3D1704738B5044606
:10B2C8000D46FFF735FF94F86C30DB0718D42B696F
:10B2D8000BB9EB68BBB1636E1BB904F16403C4E935
:10B2E80019332B6893B9A26E04F16401C5E9001201
:10B2F8001560A5661D46201DFFF721FF284638BDAD
:10B308004FF0FF35F7E76FF01505F4E76FF07705B5
:10B31800F1E710B50446034654F84C0FA0420DD18E
:10B3280000200DE0447D8C4204D1032909D1047A20
:10B33800944205D01C6D8442F2D000680028F1D1F7
:10B3480010BD0F29F5E72DE9F84305460C46071D02
:10B358004FF0FF324FF0FF333846FDF7B3F8D5F81A
:10B368007490B9F1000F75D0D5F87080B8F1000F5E
:10B3780070D095F86C30DB076CD4EB6C1BB905F119
:10B388004C03C5E913332368002B66D1637D0F2B6B
:10B3980009D1237A012B10D02B6D05F14C02C4E999
:10B3A80000231C602C65637D032B29D105F14C001B
:10B3B800EA6C90422BD1002336E0E1682846FFF77B
:10B3C8007DFF06460028E7D03846FDF7EDF8304601
:10B3D800BDE8F8834E7D032E14D0013323724B68E9
:10B3E800C4E900131C604C60637A022B26D0032B3F
:10B3F8002AD0012B02BF237A89F80E3088F80E3044
:10B408000026E1E70E7A013EB342E6D11268002A2F
:10B41800D1D0517D2B6D03290DD19A42137A02D0D8
:10B4280011680029D6D1013323722B6DC4E90003BA
:10B438001C602C65D8E79342E8D1BCE7237A89F8E9
:10B448000F3088F80F30DBE7237A89F8103088F856
:10B458001030D5E74FF0FF36B6E76FF07706B3E761
:10B468000346006800B1187A70478388C2888168EB
:10B47800D21A03685B1AD01A70470346C08808B10D
:10B488001878C009704770B50C46154600F025FBC2
:10B4980040B1406883681B6823B12A462146BDE84D
:10B4A8007040184770BD38B580210446806901F0A6
:10B4B800C4FA054650B10146204600F0B5FC0446E2
:10B4C80010B12846F8F786F9204638BD6FF00B040E
:10B4D800FAE738B50446806FFFF7F2FD0546FFF737
:10B4E800E6FD2046294600F09FFC044610B1284698
:10B4F800F8F770F9204638BDF8B504460D461746EA
:10B5080086680369BFF35B8FD3F8A030BFF35B8F06
:10B518009B070ED5B36A7BB1F36B9847B36A29468C
:10B528003A4620469847336C0546204698472846B1
:10B53800F8BD4FF0FF35FAE76FF08505F7E770B50E
:10B5480004460D4686680369BFF35B8FD3F8A030C5
:10B55800BFF35B8F9B070BD5F36B9847736A29463C
:10B5680020469847336C054620469847284670BDC4
:10B578004FF0FF35FAE710B5044619B9002084F8F2
:10B58800300010BDFFF7A5FF0028F7D0F9E738B560
:10B5980090F830300D46022B04D100F078F908B14C
:10B5A800C46804B938BD2B78032B05D0052B0ED001
:10B5B800022B08D02468F4E7606883685B69002B75
:10B5C800F8D09847F6E7606883689B69F7E7606892
:10B5D8008368DB69F3E7012270B515460B685BB336
:10B5E80002F07F04103423FA04F6F60710D5036836
:10B5F80023FA04F6F60702D46FF0150070BD05FAB9
:10B6080004F423EA040303600B6823EA04030B60D1
:10B61800D340DE070DD5036823FA02F4E407EBD51F
:10B6280005FA02F423EA040303600B6823EA04031F
:10B638000B600132102AD1D10020DFE72DE9F04F4D
:10B64800002691B053689346D4680A9008910393F2
:10B658000E96049674B9049B039A093316719BB22B
:10B6680093701B0AD370DBF80C40002C40F0B480B8
:10B678002046ACE060684FF0000A8368CDF83CA033
:10B688001B6B002B00F0A68008999847002800F053
:10B69800A180A0F104093546C4E903AA59F8043F7A
:10B6A8000BB11A78D2B9B54240F29E80E3680F9A7E
:10B6B8001343E360606883689B6A002B00F09980FD
:10B6C8009847002840F0838060682E46089900F06B
:10B6D800CBF9049B246803440493BBE75A780B2AEC
:10B6E80008BF9D70D9F800305A78042A10D1E26852
:10B6F8000F990A43E260DA78002A59D101229D7035
:10B708002369AA4001351343EDB22361CDF83CA06B
:10B71800D9F800707B78052BC0D10A9B6FF0120016
:10B728004FF001089B6909937A795FFA88F13B79B0
:10B7380043EA0223ADF836300E9B059397F90230A1
:10B74800059A002BB5BF41F080014FFA88F34BB240
:10B758000793AFBF4346079321F080031033DA40C5
:10B76800D2072CD40F9A22FA03F30692DB0726D4C9
:10B77800BB79FA78099800930DF136030B9100F024
:10B78800F8FF0B99D8B9079BB970002B4FF001034C
:10B798000598B8BF21F08001BDF83620B8BF103138
:10B7A800BA808B40069918431943CDE90E0175E715
:10B7B8006A1E0FA90EA89A70FFF70DFFA6E708F1F9
:10B7C8000108B8F1100FAFD100283FF467AF11B0EE
:10B7D800BDE8F08F35466DE7E36804F10C010EA86B
:10B7E800A360FFF7F8FE10B16FF01500EFE72468CB
:10B7F8003BE76FF08500EAE738B583690446026FD6
:10B808001B6993F88030C3F34113022B0CD0032B30
:10B818000CD0012B0CBF10230823D371E56D3DB963
:10B82800656D75B9284638BD2023F6E74023F4E74F
:10B838002A4601212046FFF701FF0028F3D12D6891
:10B84800EDE72A4600212046FFF7F8FE0028EAD156
:10B858002D68E6E74FF0FF324FF0FF330430FCF776
:10B8680031BEFCF7A1BE21B101290DD000231B6810
:10B87800FFDE5430006848B143685B79934205D0D5
:10B8880000680028F8D170475C30F3E7704710B5BE
:10B8980090F830300446022B09D1FFF752FC94F897
:10B8A800382001462046BDE81040FFF7DCBF0020E5
:10B8B80010BD08B5FFF7D7FF003818BF012008BD35
:10B8C8002DE9F04104460E46FFF73BFC804694F80C
:10B8D8003830CBB9002E3BD0324641462046FFF7E0
:10B8E800C2FF0746A8B10246204600F0F5F9054612
:10B8F80088B984F83860FC6864B3606883681B6A38
:10B9080003B198472468F7E72046FFF7C0FF0746CA
:10B9180020B96FF03C052846BDE8F0810146204675
:10B9280000F0B0F910220546002104F13A0003F0B6
:10B93800CBFB002384F83830FF6817B9002DC9D035
:10B94800E9E7786883685B6A03B198473F68F4E77A
:10B9580084F838600025DEE72DE9F04105460F46FA
:10B968001446D2F80480FFF775FF95F86C30D907B4
:10B978006DD4012F1ED098F807309A0627D46FB3DC
:10B98800012F1CD16B6D73BB05F15C063368002277
:10B998008BBBD5E91C23002F08BF134662685B7C6C
:10B9A80003F10103DBB25371D5E91C1208BF0A4643
:10B9B80053742BE02846FFF7C9FB0028DBD16FF052
:10B9C8008507281DFFF74DFF3846BDE8F081AB69B4
:10B9D8001B6993F880309B07F1D5D0E7EB6D33B93D
:10B9E80005F15406D2E79C4234D01B68CBE79C4251
:10B9F80030D01B68F3E79C4223D12368DAB9726818
:10BA08003360944200D1736000232360A16851B170
:10BA18002846FFF798FC07460028D2D1A068FFF710
:10BA28001FFD88F8060000232360736863B9C6E920
:10BA380000440027C5E7136073689C4208BF726022
:10BA4800E2E71A461B68A3E71C607460F1E76FF031
:10BA58000F07B6E76FF01507B3E74FF0FF324FF067
:10BA6800FF330430FCF72EBD08B583681B6B0BB1A0
:10BA780098470346002023B153F8042B0AB11278E3
:10BA880002B908BD1044F6E710B51C46FFF7EBFEF7
:10BA980048B10122C06802FA04F320B102691342D6
:10BAA80001D10068F9E710BD10B50C46FFF7EFFEAD
:10BAB80048B10123C06803FA04F120B103691942AF
:10BAC80001D10068F9E710BDD1F81A0083681B6935
:10BAD80003B118476FF08500704701F07F0311F03C
:10BAE800800F70B518BF1033012504469D4090F8AB
:10BAF8003030022B01D0002070BD90F83860FFF77D
:10BB080020FB014620463246FFF7ADFE0028F2D062
:10BB1800C0680028EFD083681D42EDD10068F8E7BF
:10BB280038B50C46FFF7B3FE80B1C06870B1436802
:10BB3800DA681AB111790023994201DC0068F5E747
:10BB48001568ED5CA54201D00133F5E738BD2DE954
:10BB5800F84305460846114616461F46F8F706FDFF
:10BB68000446002840D02846FFF777FF95F86C3048
:10BB7800DA0707D56FF00F04281DFCF715FD2046DE
:10BB8800BDE8F883D4F8048004F11409BFF35B8F8F
:10BB98006369BFF35B8FDB07ECD4D8F804300BB1D3
:10BBA800AB42E7D13A4631462846FFF75CFEC0B1C2
:10BBB8000023236003698BB9C0E90344BFF35B8F9B
:10BBC80059E8003F43F0010349E80032002AF7D161
:10BBD800BFF35B8F0024C8F80450CDE71C600461F4
:10BBE800ECE76FF03C04C7E76FF01204C7E72DE9F4
:10BBF800F8434C680D469846064617469DF820902F
:10BC0800FFF79FFAA36801461B6B1BB96FF015007D
:10BC1800BDE8F883204698470028F7D0041F0C3564
:10BC2800002054F8041F09B10B782BB9002814BF61
:10BC380000206FF03C00EBE74B78042B0BD1F8B9F0
:10BC48008B784345EDD1CB784B45EAD10B79002B66
:10BC5800DED00120E5E7052BE3D10028E1D0012F54
:10BC680007D0022FF5D12A468978B06900F0C1F8CB
:10BC780003E02A46B06900F0A1F80028E9D0C7E738
:10BC88000020C5E7F8B50646CC680CB9204622E086
:10BC980004F10C070125E268AAB165F07F03D9B267
:10BCA80003F07F031033DA40D2070ED4E368EB4089
:10BCB800DB0705D53A46E9B2B06900F09AF850B901
:10BCC8000135102DE7D12468DFE73A46B06900F066
:10BCD80090F80028EAD0F8BD2DE9F347002457680A
:10BCE80005460E4697F80580A1463B79A34203DC3A
:10BCF800002002B0BDE8F0875FFA84FA3146424678
:10BD080028465346FFF7C0FE014650B1534601226C
:10BD18002846CDF80090FFF76AFF0028E9D10134E2
:10BD2800E3E76FF03C00E4E72DE9F74380460D4672
:10BD38001746FFF7B9FE064628B96FF001042046FA
:10BD480003B0BDE8F0830F2DF7D808EB05090146CD
:10BD58002B46002299F83A4040460097FFF747FFE4
:10BD68000028EAD100942B46022231464046FFF7CC
:10BD78003EFF04460028E2D12B46012231464046C8
:10BD88000097FFF734FF04460028D8D1706883680D
:10BD98005B6813B13A462946984789F83A70CEE766
:10BDA80011F0800F4FF0010302681CBF21F08001E1
:10BDB80010318B4022EA03030360704737B58B7953
:10BDC8000C46154600938B88CA78897800F016FDD2
:10BDD80068B994F90230A178002B4FF001032A6862
:10BDE800BCBF21F0800110318B4013432B6003B09E
:10BDF80030BDF8B506460D46174600F028FD044646
:10BE080058B929463846FFF7CBFF29463046F9F797
:10BE180017F8044608B9FDF743F92046F8BD0A4665
:10BE28008069802100F0F5BD2DE9F0410B7E0C46BC
:10BE3800054659062ED123B3FFF7B3F970BB284640
:10BE4800D5F87080268AEF8DFFF77BF9F8B1421E8E
:10BE5800534253419B01228A9AB1BE423246E98D30
:10BE680028BF3A4691420CD9B2FBF3F103FB1122E9
:10BE78003AB994F91830002BBEBF637E43F008032B
:10BE880063762146A869BDE8F04100F056BD98F8F0
:10BE98000730E0E76FF01500BDE8F0814FF0FF30A4
:10BEA800FAE770B591F9183005460C464668002B3C
:10BEB80007DBC4F81A502146B069BDE8704000F0AD
:10BEC8003CBD3046FFF76DF90028F2D04FF0FF3047
:10BED80070BD806900F0C2BD38B5054680690C4662
:10BEE80000F0D1FC58B914F0800F4FF001036A6BD1
:10BEF8001CBF24F080041034A34013436B6338BD87
:10BF080070B5054680690E4600F0E7FC044620B986
:10BF1800314605F13400FFF743FF204670BD0B069C
:10BF2800406B44BF21F080011031C84000F001008F
:10BF3800704782B0C3698DF8001001922BB102AB33
:10BF480013E9060002B0F8F77FBB02B0704782B071
:10BF5800C3698DF8001001922BB102AB13E90600FA
:10BF680002B0F8F771BB02B07047704703695B68AD
:10BF7800D3E90320012918BF1046704743680361BD
:10BF8800037A63B1012B0CBF022303234375437A61
:10BF98005A1E032A05D8DFE802F005050505012326
:10BFA800F4E700230375837A062B09D0072B09D001
:10BFB800052B0CBF002303238375837EC37570474D
:10BFC8000123F9E70223F7E7036993F8400030B14A
:10BFD800DA6B9388918910695B1A9BB2C01A704713
:10BFE800036993F838007047036993F8402012B941
:10BFF80093F838007047012070470369C3E90712B6
:10C008007047CB79026923B1012B02D06FF085000C
:10C018007047002093767047BFF35B8F0068BFF3CB
:10C028005B8F084100F00100704703691B69BFF38B
:10C038005B8F883353E8001F41F0020143E8001288
:10C04800002AF7D1BFF35B8F704710B50469606BA6
:10C05800FEF763FC10B1012384F8393010BD10B528
:10C068000469606B4289C3889A4202D14FF0FF305D
:10C0780010BD0122FEF751FC0028F7D004F178002A
:10C08800FCF7E2FC0020F3E738B50469EFF311850B
:10C09800102383F31288BFF36F8FE06BFEF71DFC4C
:10C0A80085F31188BFF36F8F10B1012384F84130F5
:10C0B80038BD0269002013690B6053694B607047F3
:10C0C80038B5034640681B695D68AC68A37A84F894
:10C0D800223094F82D3084F82330696841B1237CEC
:10C0E80033B9FFF730F918B96868FFF7B9F9207460
:10C0F800002038BD10B5036940685B689C68FFF78D
:10C1080020F801280CBF94F8520094F83D0010BDA7
:10C1180010B5036940685B689C68FFF712F801284E
:10C128000CBF94F84B0094F8360010BD08B5FFF723
:10C1380008F801280CBF4FF40070402008BD012307
:10C14800BFF35B8F8B40DB4350E8002F1A4040E879
:10C1580000210029F8D1BFF35B8F704700690221E5
:10C168008830FFF7ECBF006903218830FFF7E7BF8D
:10C1780008B50369002118698830FFF7E0FF01213D
:10C18800BDE80840FFF7DBBF036901211869883063
:10C19800FFF7D5BF2DE9F843036906460D46D0F8E9
:10C1A80004801C690F7E6AB3FFF7A4FFB84204D16C
:10C1B800042104F18800FFF7C2FF2F7E3046FFF705
:10C1C800A7FF874204D1052104F18800FFF7B7FFD4
:10C1D800336970685B6895F818909F68FEF7B1FF3F
:10C1E80001280CBF97F8443097F82630994503D1B9
:10C1F80004F18C00FCF7B4FA29464046BDE8F84340
:10C20800FFF767BEFFF776FFB84214D12A8AE968BC
:10C21800606BFEF762FB28B1E3691BB104F12400EF
:10C22800FCF712FC04F188000421FFF788FF04F1F1
:10C238007800FCF709FC2F7E3046FFF769FF87423C
:10C2480015D1E3691BB104F12400FCF7FDFB0521BE
:10C2580004F18800FFF773FFE36B5A89DB889A4281
:10C2680005D00022002304F14800FCF793FC336951
:10C2780070685B6895F818909F68FEF762FF012860
:10C288000CBF97F8443097F826309945B4D104F19B
:10C298008C00FCF70BFAAFE738B550F8083C0446B9
:10C2A800002B4FD050F8243C00F1640502215B6854
:10C2B8001A680023838283832846FFF7ADFEB8B14E
:10C2C800106954E902319847637D1BB104F15400A9
:10C2D800FCF7BAFB05212846FFF79EFE98B9637F55
:10C2E8006BB10022002304F12400FCF753FC0AE0A0
:10C2F80003212846FFF790FE0028E1D1E4E714F86F
:10C30800093C002BEDD102212846FFF785FE38B104
:10C3180023695A89DB889A4202D02046FCF794FBAD
:10C3280003212846FFF778FE60B1A26993889189B6
:10C3380012695B1A9BB29A4204D02046BDE8384085
:10C34800FCF782BB38BD08B50369022103F18802F6
:10C358001046FFF761FE28B1596B4889C988401A11
:10C3680018BF012083F8380003211046FFF754FE58
:10C3780040B1DA6B908891891269401A80B2801AAC
:10C3880018BF012083F84000012008BD0069BFF3F1
:10C398005B8F00F1880353E8001F41F0080143E870
:10C3A8000012002AF7D1BFF35B8FC26B9388918983
:10C3B80012695B1A9BB29A4202D02430FCF744BB44
:10C3C800704738B50469BFF35B8F04F1880555E8F9
:10C3D800003F43F0040345E80032002AF7D1BFF3D9
:10C3E8005B8F636B5A89DB889A4203D004F124007F
:10C3F800FCF72AFB04212846FFF70EFE28B904F1B2
:10C408007800BDE83840FCF71FBB38BD70B503693C
:10C418001C69BFF35B8F04F1880555E8002F42F0D3
:10C42800010245E800210029F7D102212846BFF37F
:10C438005B8FFFF7F1FD10B11846FFF7C2FFE36904
:10C448001BB904F17800FCF7FFFAE36B5A89DB8823
:10C458009A420AD103212846FFF7DEFD68B104F1AC
:10C468002400BDE87040FCF7EFBA04F14800002250
:10C478000023BDE87040FCF78DBB70BD08B50622EF
:10C4880001210020F8F714FB002206201146F6F7D8
:10C4980097FD012107220846F8F70AFB002207202A
:10C4A8001146F6F78DFD082201210220F8F700FB5E
:10C4B800002208201146F6F783FD092201210320F6
:10C4C800F8F7F6FA002209201146F6F779FD0A2254
:10C4D80001210420F8F7ECFA00220A201146F6F7A9
:10C4E8006FFD052117220846F8F7E2FA0022172007
:10C4F8001146F6F765FD282206210A20F8F7D8FA32
:10C50800002228201146F6F75BFD002008BD01F047
:10C518001F010120884070474FF0B042D2F88030A8
:10C5280023EA0003C2F88030704738B50446807AA1
:10C53800F7F7A8F80546616949B1637ADB0704D4BF
:10C54800C36920461B689B6898470023636121469E
:10C558002846BDE8384002F009BB090630B5054653
:10C56800847C14D414F0400016D0298AC3F30A003E
:10C57800C1F30A01884222D802F00300022809D038
:10C5880003280AD0012811D004F0010004E014F0B7
:10C598002000E9E7C4F3800030BD14F00200FBD0AE
:10C5A80013F4C05F09D0C4F30010F5E714F00802D3
:10C5B80005D013F4C05FEFD0F5E70120ECE70020C9
:10C5C800EAE7BFF35B8FD0F8A000BFF35B8F00F002
:10C5D80001007047BFF35B8FD0F8A000BFF35B8FFB
:10C5E800C0F34000704701F00F030906026948BF15
:10C5F800103352F823007047007DC0F300107047D5
:10C60800037D61F304130375704708B5026910468A
:10C61800FFF7D7FF60B9087E00F00F03000648BF98
:10C62800103342F82310084602F08DFA002008BDA6
:10C638006FF00C00FBE700220023FCF705B802F0BE
:10C648009FBA02F088BA407EC0F3C0007047437EAC
:10C6580023F00803437670471FB504698DF804106A
:10C6680001A9D4F89830CDE90220984704B010BD4C
:10C678001FB50346046906208DF804002046CDE95D
:10C688000213FFF79EFF40B1C1F81E201846D4F8E8
:10C69800982001A9904704B010BD4FF0FF30FAE789
:10C6A80038B505460C462046FFF7C5FF014600B9D8
:10C6B80038BD6FF070022846FFF7DAFFF3E72DE97F
:10C6C800F843066907460D46D6F80090D6F840802C
:10C6D8004FF0FF324FF0FF3306F18400FBF7F2FE14
:10C6E8004046FFF7A8FF014618BB4846FFF7A3FFDF
:10C6F800044620BB99F8143023F0100389F814304D
:10C7080098F8143023F0100388F8143024BB012261
:10C7180086F8B020EDB12B68C6F8A8306B6886F8AB
:10C72800B120C6F8AC3038698430BDE8F843FBF76F
:10C738003BBF6FF067023846FFF79AFFD0E7637E8A
:10C74800DB07D7D46FF0670221463846FFF790FF22
:10C75800CBE786F8B150E6E72DB10822294604F167
:10C768000C00FEF7C3FC002221463846FFF780FF85
:10C77800D9E72DE9F8430546884614461F46D0F800
:10C788000890FFF730FF0646002834D0D9F83C302F
:10C798002846984741463B8822463046FFF7DDFE4B
:10C7A800804688B183B92B6904F0030493F880307C
:10C7B800DB0753BF40224FF480624FF400711146EB
:10C7C800022C0DD0032C11D02846D9F840309847B8
:10C7D800B8F1000F14BF00206FF08500BDE8F883A2
:10C7E800338A8B4228BF0B463B80EDE7338A93425E
:10C7F80028BF1346F8E76FF01200EFE72DE9F34181
:10C808001F464B0604460D461646D0F808801BD036
:10C81800D8F83C3098472069FFF7DCFE88B19DF8CE
:10C82800203029463246204600933B46F8F79AFACC
:10C838000546D8F8403020469847284602B0BDE85B
:10C84800F0814FF0FF35F4E76FF01505F5E74B067B
:10C8580070B504460D46866812D0F36B9847206978
:10C86800FFF7AFFE48B129462046F8F7BFFA05465C
:10C87800336C20469847284670BD4FF0FF35F7E7E0
:10C888006FF01505F7E770B5866805460C46F36B3B
:10C8980098472869FFF79EFEB0B121462846FFF762
:10C8A800A2FE014698B1037DDB0710D5437E03F055
:10C8B8000303012B0ED0F368284698470446284600
:10C8C800336C9847204670BD4FF0FF34F7E76FF0A0
:10C8D8001204F4E76FF08504F1E7F8B587680646B7
:10C8E8000C46FB6B98473069FFF774FEE0B12146B0
:10C8F8003046FFF778FE0546C8B1037DDB0716D53D
:10C90800437E03F00303012B14D001463B693046F4
:10C918009847044618B92B7D60F341032B753046C0
:10C928003B6C98472046F8BD4FF0FF34F7E76FF0AF
:10C938001204F4E76FF08504F1E72DE9F041866809
:10C94800054607690C46F36B98472869FFF742FECE
:10C9580098B394F8188028464146FFF744FE0146EC
:10C9680070B3037DDA072BD518F07F0F20D197F825
:10C97800B030EBB1637EDB0717D597F8B13033B130
:10C98800082207F1A80104F10C00FEF7AFFB002212
:10C9980087F8B02021462846FFF76AFE0446284655
:10C9A800336C98472046BDE8F0816FF06702F1E7E5
:10C9B8007368224628469847F0E74FF0FF34EEE7C1
:10C9C8006FF01204EBE770B5866805460C46F36B0A
:10C9D800984721462846FFF706FE48B102F0D0F8EE
:10C9E800B0FA80F464092846336C9847204670BD35
:10C9F8000124F8E708B5036900211B685A8BF8F78A
:10CA08004FFA28B1437E23F0070343F0010343762E
:10CA180008BD08B539B90369013A1B685B8B1A442C
:10CA2800B2FBF3F25A43F8F73BFA28B1437E23F0FE
:10CA3800070343F00203437608BD08B561B90369EB
:10CA48001B685A8BF8F72CFA28B1437E23F00703AA
:10CA580043F00403437608BD0022F3E770B5866807
:10CA68000D460446F36B98472846F6F7B3FE204672
:10CA7800336C9847002070BD70B586680546F36B27
:10CA880098472869FFF7A6FD044620B133683BB1F3
:10CA98002846984704462846336C9847204670BD78
:10CAA8000124F8E7F8B5876804460669FB6B9847E0
:10CAB8002069FFF786FDD8B12069FFF78BFDD0B953
:10CAC800FB6A20469847054668B906F1A003BFF3FC
:10CAD8005B8F53E8001F41F0020143E80012002A6F
:10CAE800F7D1BFF35B8F20463B6C98472846F8BDCB
:10CAF8004FF0FF35F7E76FF07705F4E7F8B587688B
:10CB080004460669FB6B98472069FFF763FDB0B1DF
:10CB18003B6B2046984706F1A0030546BFF35B8FA1
:10CB280053E8001F21F0020143E80012002AF7D160
:10CB3800BFF35B8F20463B6C98472846F8BD6FF0E3
:10CB48007705F7E72DE9F04105461446D0F8088047
:10CB58000F46066931B32AB3D8F83C30984728699C
:10CB6800FFF72FFDD8B92846C6E92674D8F834301F
:10CB78009847044660B9A036BFF35B8F56E8003F7C
:10CB880043F0010346E80032002AF7D1BFF35B8F78
:10CB9800D8F84030284698472046BDE8F0816FF025
:10CBA8007704F5E76FF01504F6E7F8B587680446EB
:10CBB8000669FB6B98472069FFF70CFDD0B920691F
:10CBC800FFF7FFFCC8B1BB6B2046984706F1A003EE
:10CBD8000546BFF35B8F53E8001F21F0010143E8CE
:10CBE8000012002AF7D1BFF35B8F20463B6C9847B1
:10CBF8002846F8BD6FF00F05F7E76FF07705F4E703
:10CC08000346F0B40C46DA8800681979224342F3E7
:10CC1800000306690125876803F4402334688D40C2
:10CC2800534023F48012DB074CBF2C43AC433460E1
:10CC38003B68F0BC18470369D3F8A430D87928B109
:10CC4800013801288CBF002001207047022070475E
:10CC580038B503690C460546097ED3F8A40000F0F0
:10CC6800A5FD21462846FFF71BFD20460021FFF7BA
:10CC7800C7FC002038BD002265201146F6F7A0B990
:10CC880013460A460121FEF7FDB80A460121FEF7C0
:10CC9800F0B8006984304FF0FF324FF0FF33FBF7F4
:10CCA80011BC00698430FBF77FBCF8B506460C461A
:10CCB8001546EFF31187102383F31288BFF36F8FA4
:10CCC80011462046FFF7BDFC94F91830002B0EDA08
:10CCD800237D9B0705D5002087F31188BFF36F8F4D
:10CCE800F8BD2A4621463069F8F708FCF4E72046E3
:10CCF800FFF782FC0028EED12A4621463069F8F772
:10CD08002DFCE9E738B5D0F8E4540446002128465C
:10CD1800FFF769FC40B1037DDA0705D500234022FF
:10CD28002046194600F02FFC80212846FFF75BFCBF
:10CD380040B1037DDB0705D5002340228021204632
:10CD480000F021FC28460021F7F7C0FFD4F8E404DE
:10CD580000220421BDE83840FFF77EBC0022D0F84D
:10CD6800E4041146FFF778BC00220121D0F8E4045E
:10CD7800FFF772BC10B504460121D0F8E404F7F7B8
:10CD8800A5FFD4F8E40400220321BDE81040FFF712
:10CD980063BC10B504460021D0F8E404F7F796FF09
:10CDA800D4F8E40400220221BDE81040FFF754BC87
:10CDB800704710B5807A0C46F6F764FCC3692146C3
:10CDC8005868BDE8104001F08CBDF7B50D46807A73
:10CDD80017461E46F6F756FC2C68C36920211F34F7
:10CDE800586824F01F022A60CDE90076FBF754FA50
:10CDF80000B9286003B0F0BD0888C0F30B0008B57F
:10CE080000F62C73C3F30B03202B0AD800F1B040B3
:10CE18004B6800F51130026893430CBF02200120D3
:10CE280008BDF8F7DFFF00280CBF02200120F7E754
:10CE3800436800205B681B690B60704743680020EB
:10CE48005B68996170474368090400205B689961D1
:10CE5800704730B50369986800B30024884219D137
:10CE680008688CB9DC689860A14200D1D8600020BD
:10CE780008602AB19A680A60DA68996002B9D960CC
:10CE880000200FE02846E9E72060D868814208BF03
:10CE9800DC60ECE705680446002DF3D1002AE9D1EF
:10CEA8006FF0150030BD12F4003CF8B505460C468D
:10CEB800134642D0960739D550075CD55022D9067B
:10CEC80036D542F4007203F4C061B1F5806F44D0E6
:10CED800B1F5C06F3ED0B1F5007F41D013F44037B3
:10CEE8002E6912D0706820FA04F1C9075FBF0121CA
:10CEF800A14001437160BCF1000F06D0180332D580
:10CF0800696801234968A3408B61002321462846AC
:10CF1800F4F7F0FA47B9736823FA04F2D20741BF6D
:10CF28000122A240934373600020F8BD1022C6E797
:10CF38009F06C8D542F48062C5E7D60305D5D0065A
:10CF480005D4C2F340129202BDE73022BBE74FF48A
:10CF58000072B8E742F4C072C0E742F48072BDE7DD
:10CF680042F08002BAE75903CFD501212846A140F3
:10CF7800FFF769FFC9E76FF08500D6E770B50B6961
:10CF88000E460546996809B10C6801B970BD8A68F2
:10CF98002A4002D04B68304698471CB12368214686
:10CFA8001C46F2E72346FAE700690A2906BFC0E9EA
:10CFB800012300206FF01500704700207047022001
:10CFC800704730B5036813600579046804EBC5043D
:10CFD800A34202D36FF0010030BD5C7908338C4264
:10CFE800F1D10020F8E72DE9F84F044600EBC1071E
:10CFF80000254FF00108BC4202D10020BDE8F88F9F
:10D00800D4F800B01BF0100F21D1656845F0200559
:10D01800CBF34420F4F75CFA814610B3CBF3431604
:10D028000BF01F0A2A4653463146F4F763FA0028E4
:10D03800E4DBBAF1110F08D1D9F8043029055A6890
:10D0480008FA06F358BF1B0493610834D3E70BF0C2
:10D058001F03102B03D0112BDAD16568D8E73025D0
:10D06800D6E76FF01200C9E74368C1F34B1001F02F
:10D078001F011B68C05801238B4003400020003B60
:10D0880018BF01231370704710B54368C1F34B10E4
:10D0980001F01F011A68012384588B4023438350F1
:10D0A800002010BD10B54368C1F34B14012201F0F4
:10D0B8001F0118688A40235823EA020323500020DE
:10D0C80010BD38B504460D46FFF7DEFF2946204659
:10D0D800FFF7E8FF002038BDB0F5805F07D0B0F15A
:10D0E800805F09D100290CBF022001207047002968
:10D0F8000CBF04200320704700290CBF0320022026
:10D10800704743681B68D869DA69C0F3C00002F049
:10D11800010240EA4200DA699207DA6948BF40F042
:10D1280004005107DA6948BF40F02000D20504D551
:10D138004FF4807240F008001A62C10701D5082236
:10D148001A62820701D501221A62410701D502221B
:10D158001A62820601D504221A62704743681A6867
:10D1680052E8003F43F0400342E800310029F7D17C
:10D17800704743681A6852E8003F23F0400342E8CA
:10D1880000310029F7D1704743681A6852E8003F18
:10D1980043F0200342E800310029F7D17047436883
:10D1A8001A6852E8003F23F0200342E800310029C2
:10D1B800F7D1704743681B68D869C0F340107047BF
:10D1C800012070470369C3E9011270470269536877
:10D1D8000BB19168184770470022252008B5114601
:10D1E800F5F7EEFE2520BDE80840F5F7B9BE0022A8
:10D1F800522008B51146F5F7E3FE5220BDE8084075
:10D20800F5F7AEBE43681B68D869C0F38010704755
:10D2180043681B68D86910F0800002D01868C0F312
:10D228008010704710B5026904460B4612681268F0
:10D238000A6042681268126802F4C062B2F5806F30
:10D2480033D0A2F5C060424242411A716268126846
:10D25800526802F44052B2F5805F28D0B2F5405FC0
:10D2680027D0002A0CBF012203225A716268126873
:10D278001068116800F0102001F4C061FFF72CFF5E
:10D288009871626800201268926802F44072A2F5F0
:10D2980040714A424A41DA7161680968896811F443
:10D2A800804F18BF0322DA7110BD0222CDE7002299
:10D2B800DBE70222D9E738B543680C461B681868D3
:10D2C800196800F0102001F4C061FFF705FF042879
:10D2D8001AD0D86910F0800015D0EFF31181102012
:10D2E80080F31288BFF36F8F0020151A002D06DD1A
:10D2F800DD692D0603D5255C01309D62F5E781F3D4
:10D308001188BFF36F8F38BD6FF08500FBE710B54C
:10D31800436810201B68DA691206FCD5EFF3118206
:10D3280080F31288BFF36F8FDC69240604D482F37C
:10D338001188BFF36F8FEEE7996282F31188BFF30C
:10D348006F8F10BD43681B68DA69910602D51A68A9
:10D35800920607D4D86910F0400004D01868C0F3CA
:10D36800801070470120704738B543680C461B6829
:10D378001868196800F0102001F4C061FFF7ACFECE
:10D3880004280FD000200821151A002D0CDDDD69B6
:10D39800AD0609D55D6A25540130DD692D07F3D541
:10D3A8001962F1E76FF0850038BD43681B68DA69D8
:10D3B800100701D508221A62DA69920603D55B6A5A
:10D3C80000200B7070474FF0FF3070477047F7B57B
:10D3D8000446E0B190F8953403F0FF021BB980F8D9
:10D3E8009424FFF7F3FF03232068251D84F8953460
:10D3F80000F0A9FA237C8DF80030206895E80E002B
:10D4080000F04DFA014630B1022384F89534012525
:10D41800284603B0F0BD206800F09BFA0028F3D13D
:10D42800267904F1140301270246C1B224338E423F
:10D4380020D8002104F515730A46C8B22433864261
:10D4480026D8237C8DF80030206895E80E00F9F77F
:10D4580003FF05460028D7D10123607484F895346A
:10D46800237B012B02D1204600F0E2F9206800F06E
:10D4780043FCCDE723F80A0C013003F8237C03F8BA
:10D48800241C03F8202C43F8142C43E90722CCE78A
:10D49800013103F8232C03F8240C03F8202C43F85B
:10D4A800142C43E90722C8E7704738B5044610B979
:10D4B8000125284638BD032380F89534006800F01C
:10D4C800DBFB05460028F3D12046FFF7EDFF84F883
:10D4D8009554EEE710B590F8942404460368012AA1
:10D4E80016D0012280F89424DA68520606D5427BC9
:10D4F800012A03D19A6B42F480329A63206800F0C3
:10D508001CFA206800F0EAFB002084F8940410BD9F
:10D518000220FCE738B590F894340446012B1BD060
:10D528000123056880F89434284600F00CFA206836
:10D5380000F0E2FB1021206800F039FAEB685B0686
:10D5480006D5637B012B03D1AB6B23F48033AB632C
:10D55800002084F8940438BD0220FCE77047704727
:10D5680010B590F894240446012A0AD00122417487
:10D5780080F89424006800F0A1FB002084F894044B
:10D5880010BD0220FCE770B50546242401F00F0009
:10D5980011F0800FC2F30A0200FB04F414BF04F177
:10D5A800140104F5157105EB040619BF0124491986
:10D5B8004919002414BF747586F855428A604A7860
:10D5C80008700B7102B14883022B04BF00234B7112
:10D5D80095F89434012B09D00123286885F89434F0
:10D5E80000F03BFA002085F8940470BD0220FCE7A7
:10D5F80001F00F02242311F0800F02FB03F310B592
:10D6080014BF03F1140103F515710446184415BF3E
:10D61800012300230919091914BF437580F85532ED
:10D628000A7094F89434012B09D00123206884F8F7
:10D638009434F9F7C9FE002084F8940410BD022040
:10D64800FCE738B51546242401F00F02544304F5CD
:10D6580015710444C4E99853002384F85422014402
:10D66800C4F8683284F855328279012A08BFC4F8B0
:10D6780070520068F9F708FF002038BD01F00F016B
:10D68800242303FB0100D0F86802704738B515461B
:10D69800242401F00F02544304F114010444C4E9A2
:10D6A8000853002322750144A3620123637582791C
:10D6B8009A4208BF25630068F9F7E6FE002038BDE6
:10D6C80038B501F00F0503790446AB422BD311F0AE
:10D6D800800F4FF024031DD06B43012203F1140186
:10D6E800034401445A7501230D708B7094F89424F7
:10D6F8009A421AD0206884F8943400F069FA2DB957
:10D7080004F29C42A1792068F9F7A4FF002084F86C
:10D71800940438BD4B43002203F5157103440144BA
:10D7280083F85522DFE70120F3E70220F1E738B557
:10D7380001F00F0203790446934225D3242311F004
:10D74800800F4FF0000502FB03F314BF03F114012F
:10D7580003F51571184419BF012309190919002384
:10D7680014BF437580F855328D700A7094F894345C
:10D77800012B0BD00123206884F8943400F053FA6D
:10D78800284684F8945438BD0120FCE70220FAE7C3
:10D7980001F00F03242253430A064CBF03F114017E
:10D7A80003F515710144006800F096B910B590F8BA
:10D7B80094340446012B10D0012380F894340B06CE
:10D7C800006807D501F00F0100F0F1F8002084F897
:10D7D800940410BD00F00EF9F8E70220F9E700689C
:10D7E80000F0D8BA006800F0E1BA70B50068120419
:10D7F800436A19B913438362002070BD846A4E1EC0
:10D8080003EB14430024A64205D83F31134300EB31
:10D8180081004360F0E704F14005013400EB850521
:10D828006D6803EB1543EEE7036800205962704703
:10D83800012102680346C0F8D814002083F8CC04FC
:10D84800936943F000639361536D43F0805343F051
:10D85800030353657047704782B000230246019363
:10D86800019B01330193019BB3F1706F15D81369C4
:10D87800002BF5DA00230193136943F001031361C8
:10D88800019B01330193019BB3F1706F05D81069B7
:10D8980010F00100F4D102B070470320FBE784B018
:10D8A80038B505AD044685E80E009DF81930012B02
:10D8B80031D1836B23F480338363C36823F48403F7
:10D8C80023F04003C360C36823F44013C3609DF88A
:10D8D8002030012B03D1C36843F48013C360204672
:10D8E800FFF7BAFF9DF81630012B10D1E36D9BB2FC
:10D8F800E365E36D43F07B7343F40033E365A368AA
:10D9080043F00603A360A36843F02003A360BDE8C7
:10D91800384004B07047C36843F04003C360FFF762
:10D928009BFF9DF81D3023B9A36B43F48033A36399
:10D93800D8E7A36B23F48033F9E7836843F0010346
:10D94800836000207047836823F001038360002010
:10D95800704738B5C368012905460C4623F0C04313
:10D96800C36013D1C368002443F00053C3600A2086
:10D978000A34FCF7F5FF6B69D90702D4C82CF6D135
:10D98800C824A4F1C8035842584138BD69B9C368CE
:10D9980043F08043C3600A200A34FCF7E1FF6B6957
:10D9A800DA07EED5C82CF6D1EAE70120EDE782B018
:10D9B800002302460193019B01330193019BB3F1BC
:10D9C800706F15D81369002BF5DA8901002341F02F
:10D9D800200101931161019B01330193019BB3F174
:10D9E800706F05D8106910F02000F4D102B07047AC
:10D9F8000320FBE782B0002302460193019B013319
:10DA08000193019BB3F1706F13D81369002BF5DAFA
:10DA18000023019310231361019B01330193019BA0
:10DA2800B3F1706F05D8106910F01000F4D102B08E
:10DA380070470320FBE7D0F800381943C0F80018F6
:10DA480000207047D0F8083813F0060004D013F00F
:10DA5800020F14BF02200F20704730B50C78012246
:10DA680000F5006304F00F0500EB4410AA404D7860
:10DA7800012D19D1DD692A43DA61D0F800391A0479
:10DA880010D48A68D0F80059C2F30A030A792B43E4
:10DA980043EA824343EA845343F0805343F4004308
:10DAA800C0F80039002030BDDC6944EA0242DA617E
:10DAB800D0F8003B1B04F5D48B68D0F8002BC3F3D7
:10DAC8000A0313430A7943EA824343F0805343F439
:10DAD8000043C0F8003BE5E7002382B04A78019391
:10DAE800012A0B784FEA431321D100F510601A5828
:10DAF800002A02DB002002B070471A5842F0006288
:10DB08001A500B785B011A5842F080421A5042F2C0
:10DB18001072019B01330193019B934201D90120AB
:10DB2800E9E70B785B01C358002BF2DBE2E700F56D
:10DB380030601A58002ADDDA1A5842F000621A508A
:10DB48000B785B011A5842F080421A5042F2107268
:10DB5800019B01330193019B9342E0D80B785B0151
:10DB6800C358002BF4DBC5E710B59DF8084044B94D
:10DB7800033301329B0800EB023001EB8303994227
:10DB880001D1002010BD51F8042B0260F7E770B5F1
:10DB98000023940800F5805502F00302A34204D341
:10DBA80001EB840132B9084670BD2E6841F8236044
:10DBB8000133F3E700F5805000230468D80024FA05
:10DBC80000F05854013398B28242F7D15018EBE76D
:10DBD8004A780B78012A00EB431012D1D0F80029BB
:10DBE800002A06DB2BB1D0F8003923F08043C0F8B7
:10DBF8000039D0F8003943F40013C0F80039002088
:10DC08007047D0F8002B002A06DB2BB1D0F8003B78
:10DC180023F08043C0F8003BD0F8003B43F40013E6
:10DC2800C0F8003BEBE70B7800EB43104B78012B77
:10DC380011D1D0F8003923F40013C0F800390B795A
:10DC4800023B012B05D8D0F8003943F08053C0F8C7
:10DC5800003900207047D0F8003B23F40013C0F8C7
:10DC6800003B0B79023B012BF3D8D0F8003B43F083
:10DC78008053C0F8003BECE710B500F5106304468C
:10DC880000F52E614FF67F329A602033C3F8E82101
:10DC98008B42F9D100222046C4F81028C4F8142871
:10DCA800C4F81C28FFF7A6FE08B1032010BD1021F8
:10DCB8002046FFF77CFE0028F8D0F6E7D0F80038B9
:10DCC800090123F4FE6301F4FE61C0F80038D0F8BE
:10DCD80000381943C0F8001800207047D0F8003EFB
:10DCE80023F00303C0F8003ED0F8043823F0020301
:10DCF800C0F8043800207047D0F8003E23F0030332
:10DD0800C0F8003ED0F8043843F00203C0F80438E5
:10DD1800002070474269806910407047D0F8183871
:10DD280000F50060C0691840000C7047D0F818383A
:10DD380000F50060C069184080B2704700EB4111DF
:10DD480000F50060D1F8082B406910407047D0F802
:10DD58001028D0F8343800EB411001F00F0100F51D
:10DD68001060CB408068DB01DBB21343184070477A
:10DD7800406900F001007047D0F800396FF30A03DA
:10DD8800C0F80039D0F8043843F48073C0F8043878
:10DD980000207047D0F8083800F50060DB0703D58D
:10DDA800436843F00103436000207047D0F804380B
:10DDB80023F00103C0F80438002070472DE9F04330
:10DDC80089B0044689469046109E20220021684664
:10DDD8001F46129D01F078F91F2E97BF01234FF0BF
:10DDE800FF33B34003F1FF332361119BC4E900986B
:10DDF800C4E902766361183445B10FCD0FC495E8C4
:10DE08000F0084E80F0009B0BDE8F0836D46F4E721
:10DE180073B50468651C31D08568A9422ED2641890
:10DE28002CD05E18AE4288BF6B1A056A35B10093D4
:10DE38000523A8470346184602B070BD2146184678
:10DE4800BFF35B8F18B142EA0104A4070AD1032883
:10DE58000EDC013910448242EDD011F8014F02F86E
:10DE6800014BF8E711F8014B013802F8014BE9E7DB
:10DE780051F8044B043842F8044BE8E76FF02103EB
:10DE8800D9E773B50468651C31D08568A9422ED2DC
:10DE980064182CD05E18AE4288BF6B1A456A85B9E3
:10DEA8002146184618B141EA0204A4070ED10328F6
:10DEB80012DC013A0844814214D11846BFF35B8F43
:10DEC80002E000930523A84702B070BD12F8014B89
:10DED800013801F8014BE5E752F8044B043841F8E2
:10DEE800044BE4E712F8014F01F8014BE3E76FF048
:10DEF8002100E9E773B504681D46661C2BD08368CA
:10DF0800994228D2641826D06E189E42866A88BF25
:10DF18005D1A2EB105230095B047284602B070BDA2
:10DF28004FF0013021462B4650430BB18C0707D1E7
:10DF3800032B09DC0B4499420AD1BFF35B8FECE752
:10DF4800013B01F8012BF0E7043B41F8040BEFE734
:10DF580001F8012BEFE76FF02100DFE700207047A1
:10DF680010B4046B02460B4684B9C1681F2998BFD8
:10DF780023FA01F4416861B18068834209D21069CB
:10DF8800184051F82430184410BC7047234610BC80
:10DF980018474FF0FF30F7E730B5059CC4E9000299
:10DFA800039A21811989E260049A6181218562615D
:10DFB800D3E9002502EB0113C4E906128A1C236287
:10DFC80003EB42036A1C6D4213442B40636283696E
:10DFD80053B90139E2698B4202EB031206DB0023D5
:10DFE80093736FF07F03D373002030BD0133D38167
:10DFF800F0E72DE9F04F02EB030885B0B0F830A048
:10E0080091461FFA88FB0E9A00EBCA0304460F1DBF
:10E0180055469A63002608F1FF32A3F83CB0C3695D
:10E028000192B0451ADC238D00206189A3EB0B0314
:10E03800258601392385236A5A880A4003EB42035F
:10E04800A3F804A0BFF35B8F226A5388013353807F
:10E05800638D0133638505B0BDE8F08FE06A2A015E
:10E0680057F8041C03EB051502930837036803925D
:10E07800C91A8368994228BF4FF0FF31FFF770FF34
:10E08800DDE90232985000226A6057F8082CAA602D
:10E09800019A9642ACBF00220122B14506F1010661
:10E0A800D8BF42F00202AA81ED89BAE7F0B550B3B1
:10E0B800456A448E6B88A34230D0631C43864389EB
:10E0C800BFF35B8F013B1C4005EBC4056B689EB238
:10E0D80009B1AD680D60D0F81CC09BB2078D0CEB80
:10E0E800031100EBC3039D8F2F44013D07859D87D6
:10E0F8008D896F070ED5058ECD8100210686986B18
:10E10800996302B11480F0BDC9899D8F0CEB011190
:10E11800013D9D878D89ED07F6D4ECE70020F2E7F5
:10E12800C36903EB01139868704702689369126921
:10E1380092000AD57BB9438E026A8169013B408906
:10E1480002EB41021B1A9380704723B9026A1388B5
:10E1580043F001031380704710B5BFF35B8F02686B
:10E16800044693691269920010D563B9036A426A3A
:10E1780081695B8802EBC102013B92889B1A428D40
:10E188009BB29A4208D80023638510BD002BFAD1B0
:10E19800436A1B88DB07F6D46369002BF3D020465B
:10E1A8009847F0E7BFF35B8FC36803B11847704720
:10E1B8004FF0FF324FF0FF33FAF7ACBA10B1C36A31
:10E1C8000133C362704738B1C26A013AC2621AB9F0
:10E1D800026B02B110470262704770B5056A0446C7
:10E1E80005F164063046FFF7E3FF636AA3F5806331
:10E1F8007F2B0BD85909503503F01F0301229A4091
:10E2080055F8213023EA020345F8213004F13C0394
:10E218002046D4E90F124A60E16B1160C4E90F335C
:10E22800FFF7D1FF3046BDE87040FAF73FBA10B5A6
:10E238008CB0436A044602460A9320230B9102A835
:10E24800194600F0BAFA282301222046CDE9003207
:10E2580002AB3522616AF9F707FC00EAE0700CB0FE
:10E2680010BD30B1006A20B119B1D0F8803003B1C7
:10E278001847704730B1006A20B119B1D0F884301E
:10E2880003B11847704730B1006A20B119B1D0F80E
:10E29800883003B11847002070472DE9F843074636
:10E2A8008846154699460668B74203D10024204699
:10E2B800BDE8F8836A1CA6F13C0402D0636AAB424D
:10E2C800F5D0B8F1000F10D020224146204600F0CA
:10E2D80003FF50B9B9F1FF3F02D0A36A4B45E6D01E
:10E2E8006B1C02D1A36A0133E1D03668DCE770B554
:10E2F80005460C461E46CAB120232046194600F0A2
:10E308005CFA012366622562E362049BA362059BB3
:10E318006363069BA363079B636404F13C036A6819
:10E32800C4E90F526B60226C136070BD0A70E8E795
:10E3380010B5044690B1036A83B102784AB193F8E4
:10E348009C3033B1436AB3F5806F02D30121FFF7E4
:10E358006EFF2046BDE81040FFF73FBF10BD20B15B
:10E36800036A13B15B6803B1184770477047FAF73F
:10E378009DB94FF0FF324FF0FF33FAF7CBB9F8B53C
:10E3880000F16407A1F1100605460C463846FFF770
:10E39800F0FF3046F9F71EFC80B154F8083C24F829
:10E3A800083CD5F8C43044F80C3C05F1C00344F8E7
:10E3B800103CC5F8C46054F80C3C1E603846FFF7A2
:10E3C800D6FF0020F8BD38B500F164040D4620469C
:10E3D800FFF7CFFF55F8083C204603F5803345F892
:10E3E800083CBDE83840FFF7C2BF2DE9F043282AB2
:10E3F80089B08846109D52D1D5F8B80020236A46C6
:10E4080005F1640601688468A8EB0101A14228BFF0
:10E418004FF0FF31FFF7FCFCD8F820903046FFF7AB
:10E42800A8FF4B464FF0FF3269462846FFF735FFF5
:10E43800044640B3076B003F18BF0127D8F82430C3
:10E44800DB0722D514B14FF0FF33A36217B1204682
:10E45800FFF7B4FE3046FFF78AFF1CB1A36B0BB180
:10E4680020469847AB6F1BB14A46694628469847ED
:10E47800AFB13046FFF77DFF2046FFF7A4FE3046D8
:10E48800FFF775FF0BE00746D8E764B93046FFF79A
:10E498006EFF6B6F1BB14A466946284698470020B5
:10E4A80009B0BDE8F083C4F82890E8E72DE9F04109
:10E4B80088B053F8087C0446A3F11005D0F8B800DA
:10E4C80000230E9E04F164080693BFB2ADF81E3017
:10E4D8001023ADF81C60D0F808C0CDE9041201681B
:10E4E8000DEB0302691A614528BF4FF0FF31FFF7B2
:10E4F800C8FC4046FFF73DFFD4F8AC309B6963B9D0
:10E50800D4F8A00000950023012202A9CDE9025009
:10E51800D4F8B400FFF76DFD09E03946D4F8B4002B
:10E52800FFF7FEFDD4F8AC309B69002BEAD0D4F895
:10E53800B400FFF711FE4046FFF719FF304608B058
:10E54800BDE8F08130B50D468968044685B089B2CA
:10E55800D0F8B000FFF7E4FDD4F8AC309A6942B9BE
:10E568000095012302A9CDE90250D4F8B000FFF7C5
:10E5780040FD05B030BD70B500F16406A1F110058D
:10E5880004463046FFF7F5FE2846F9F723FB38B175
:10E5980020462946FFF7D6FFD4F8B000FFF7DCFD88
:10E5A8003046BDE87040FFF7E2BE2DE9FF41036841
:10E5B8009E6A06F164084046FFF7DBFED6F8AC30E9
:10E5C8009D692DB14046FFF7D2FE04B0BDE8F08149
:10E5D8000DF10A0203A9D6F8B000FFF767FD04465B
:10E5E8000028EFD0BDF80A302946426883604FF012
:10E5F800FF333046FFF751FE0546FFF7DFFDA368FE
:10E60800404603F58033A360FFF7B1FE6DB1AB6AF6
:10E618002846696C013304BF2368AB622368A2896A
:10E62800009104F110016F6BB8474046FFF7A1FE57
:10E638002846FFF7C8FD2046F9F7CCFA38B130462E
:10E648002146FFF77FFFD6F8B000FFF785FD40466B
:10E65800FFF78DFEAFE710B548B149B143688B426B
:10E6680006D382680468D21A5B1A4360A01810BDEA
:10E678000020FCE72DE9F3470546D0F8AC000F462B
:10E68800164618B9002002B0BDE8F087036A002BCF
:10E69800F8D09B68002BF5D098474307F2D5002E99
:10E6A80043F6982305F1640805F1C00918BF1E4612
:10E6B8004046FFF75EFED5F8C0404C4528D03CB335
:10E6C800D4E90023536022681A602389C4E900440E
:10E6D800ADF80630D5F8AC309B6913B9D5F8A03041
:10E6E8003B604046FFF743FE002C40D1002EC9D0C6
:10E6F8001821D5E92B3212891B6B01FB0233D5F89F
:10E70800C82052BB0A200021013E00F0B1FBCFE730
:10E71800D5F8AC30D3F818A0BAF1000F01D0002416
:10E72800DFE70DF106023946D5F8B400FFF7BEFC65
:10E7380004460028D5D1D5F8B4301B8D002BEED077
:10E74800D5F8A010D5F8BC00FFF785FFD5F8A030A4
:10E758000446ADF806A03B60C3E719692846904710
:10E768006FF4FB639842CDD00028A1D08AE7BDF8AA
:10E77800063004F1100003F58033A3603B68103BBA
:10E788003B6080E720B119B112B10160C0E90122F4
:10E79800704738B5044618B938BD3C38FFF7C8FD8E
:10E7A80020688442F9D10025D4F8AC00C4E92C557E
:10E7B800FFF7D5FDC4F8AC50EEE7F8B50446A1B1B3
:10E7C80099420E4628BF1E46751C013D05D012F819
:10E7D800017B00F8017B002FF7D1994207D9891BEB
:10E7E8004A19002100F070FC711B0846F8BD0C4462
:10E7F800002304F8013CF7E710B5436904463BB928
:10E808000020E2684042537843F00103537010BD82
:10E8180098470028F4D00028E368B8BF4042FF2892
:10E82800A8BFFF201870ECE740B1C368587810F013
:10E8380001001EBF1878B0FA80F040097047EFF366
:10E848001183102383F31288BFF36F8FFEE72DE93E
:10E85800F04F89B005460F46059206A8DDE9126813
:10E868004346324600F0B1FBDDE90634CDE9023417
:10E87800EFF311844FF0100989F31288BFF36F8FFB
:10E8880005F10C0A05F1140B059A39462846149B24
:10E89800984730B184F31188BFF36F8F09B0BDE892
:10E8A800F08F56EA0806F5D006A8DDE9022300F045
:10E8B800B1FB524621465846DDE90668CDE90068B5
:10E8C800FAF706FBEFF3118489F31288BFF36F8F11
:10E8D800DAE710B400F10C04C0E9034410BCFBF7FC
:10E8E80092BC38B50446EFF31185102383F31288E0
:10E8F800BFF36F8FF2F788F904F10C0000F0A9FA62
:10E9080030B1294604F11400BDE8384000F087BA58
:10E9180085F31188BFF36F8F38BD10B542696AB1AE
:10E92800836842EA0301890708D10169A2FB01143F
:10E9380024B95B182CBF0121002102D36FF0150008
:10E9480005E09B1AC16002698A4201D8002010BD07
:10E95800C26801311A604269C3609B1AF3E72DE966
:10E96800F04105460F46EFF31188102383F3128810
:10E97800BFF36F8FC668F6B90468A0421BD0D4B144
:10E9880004F11800D4E9003213605A60237CA660B1
:10E9980023F00203C4E90066237400F0DBFA204682
:10E9A800A667676100F0E1F9414605F10800BDE896
:10E9B800F04100F034BA3E60AB69EF60013BAB61F7
:10E9C80088F31188BFF36F8FBDE8F081102408B574
:10E9D800EFF3118384F31288BFF36F8FFCF73DFBCD
:10E9E800F6E7D0E9003213605A600023027C8360A6
:10E9F80022F00202C0E9003302747047C0E9022322
:10EA080003FB021200230161C161036280F8243014
:10EA1800C0E90521C0E90000704713B5012400943E
:10EA2800F9F78AFC02B010BD90F90E308B4201D084
:10EA3800FAF770BA0020704703460020C3E9003394
:10EA4800C3E902007047D0E9003213605A6000231E
:10EA5800027C836022F00202C0E90033027470472E
:10EA68002DE9F843904604460D469DF82020EFF323
:10EA78001187102181F31288BFF36F8F02B14568A7
:10EA880004F10809A668B14515D0A6B1304600249E
:10EA9800FFF7D9FF06F1180000F05CFA3046B467BA
:10EAA800C6F8148000F061F94846394600F0B7F915
:10EAB8002046BDE8F883A3B10820FAF7EFFE002846
:10EAC80032D00122C0F804800260016801F003011D
:10EAD8005DB922680A430260626820606AB96060B2
:10EAE8000BE04046C8F80030EFE72A68032A10D840
:10EAF8000160616839B9C4E90000002087F3118812
:10EB0800BFF36F8FD5E70A6802F0030202430A6079
:10EB1800E5E722F003020A4302602A6802F00302D2
:10EB280040EA02032B60E8E76FF00B00E6E710B558
:10EB3800044630B10268930703D0446809B100F075
:10EB4800AEFA204610BD0023C0E9003300F10803E7
:10EB5800C0E902337047012307B5009300230A4632
:10EB68001946FFF77DFF03B05DF804FB002307B5E6
:10EB78000A4619460093FFF773FF03B05DF804FBDC
:10EB880000210068FFF7D3BF3AB18A4205D3C0E934
:10EB98000212C0E90000002070476FF015007047AE
:10EBA800012302688B4022EA0303036022FA01F082
:10EBB80000F001007047704710B5032104460C307F
:10EBC800FFF7EEFF30B104F1100000F0C3F9B0FA1E
:10EBD80080F0400910BD20B100228C30114600F0B1
:10EBE80080B9704773B50446EFF31185102383F39A
:10EBF8001288BFF36F8F00230193D0E90423B3F188
:10EC0800004F08BF012A05D085F31188BFF36F8F25
:10EC180002B070BDA0F1100603210438FFF7C0FF51
:10EC28000028F1D0A36901A930460193F9F77EFEC7
:10EC3800EAE738B504460D461022002100F044FAF0
:10EC4800656038BD13B501900846EFF311841023B1
:10EC580083F31288BFF36F8F01A9F9F767FE84F376
:10EC68001188BFF36F8F02B010BD10B5FFF7EAFF30
:10EC7800041E08DDEFF31180102383F31288BFF31D
:10EC88006F8FFAF7B3F9204610BD70B50D46EFF354
:10EC98001186102383F31288BFF36F8FF9F798FE5C
:10ECA800044686F31188BFF36F8F38B14FF0FF32F7
:10ECB8004FF0FF3305F11000F9F72CFD204670BD29
:10ECC800A022002108B500F0FFF908BD38B53022B0
:10ECD8000D460021044600F0F7F94FF48073656093
:10ECE800E36038BDEFF30580003818BF0120704796
:10ECF8006FF05700704700207047D0E9003213606A
:10ED08005A600023C0E90033704708B5FFF7F5FFE4
:10ED1800037C23F0020303740023836008BD38B525
:10ED280004460D46FAF752F8237C43F00203237495
:10ED3800D5B1A5602B689D4209D16B68C4E9005321
:10ED48001C606C6010E06A689A42F6D01B68002B61
:10ED5800F3D093F90E1094F90E209142F3DD5A681E
:10ED6800C4E9003214605C6038BD10B5EFF311845B
:10ED7800102383F31288BFF36F8FF9F7E7FF84F34B
:10ED88001188BFF36F8F10BD08B5EFF31181102202
:10ED980082F31288BFF36F8F83680BB1FFF7B5FF5B
:10EDA80081F31188BFF36F8F08BD08B5037C014656
:10EDB80013F0280F0CD183680BB1FFF7A6FF0B7C6B
:10EDC800084623F004030B74BDE80840F9F7BEBFFA
:10EDD80008BD10B5EFF31184102383F31288BFF335
:10EDE8006F8F1838FFF7E1FF84F31188BFF36F8F37
:10EDF80010BD08B50346EFF31181102282F3128883
:10EE0800BFF36F8F0068834207D008B1FFF77DFF1B
:10EE180081F31188BFF36F8F08BD0020F8E708461B
:10EE2800FAF70CB838B5054604680020AC4200D1A2
:10EE380038BD002CFCD02046FFF767FF04F118000E
:10EE480000F088F82046F9F781FF2C680120A542D8
:10EE5800EDE710B5EFF31184102383F31288BFF3A5
:10EE68006F8FFFF7DFFF84F31188BFF36F8F10BD3B
:10EE780038B505460C46FAF755F9B4F1FF3F08BF17
:10EE8800B5F1FF3F0AD0C11709304FF00A024FF021
:10EE9800000341F10001F1F749FC38BD4FF0FF30A4
:10EEA800FBE738B50446EFF31185102383F3128886
:10EEB800BFF36F8F037C5B070ED5183000F04AF85C
:10EEC800237C204623F004032374F9F73FFF2846E8
:10EED800BDE83840F9F7B2BF85F31188BFF36F8FEB
:10EEE80038BD38B5EFF31185102383F31288BFF3CB
:10EEF8006F8F0468A04212D09CB1A167204662615E
:10EF0800FFF703FF04F1180000F024F82046F9F792
:10EF18001DFF012085F31188BFF36F8F38BD0020D6
:10EF2800F8E72046F6E708B50246FAF76DFA70B139
:10EF3800D0E904319B1A61EBE272B3F1004F72F130
:10EF4800000104DA002AACBF1846002008BD6FF0A3
:10EF58000040FBE7024638B5EFF31185102383F331
:10EF68001288BFF36F8F0368D3B1FAF74DFA0446DE
:10EF78001046FAF75BFA00224FF000438442C0E9DA
:10EF8800042305D0002085F31188BFF36F8F38BDA7
:10EF9800FAF742FAFFF7C7FF0021F7F71DFCF1E780
:10EFA800D0E90413B3F1004F08BF012904D10020B0
:10EFB8004FF00041C2E904016FF01500E3E708B51E
:10EFC800FAF73CFB08BDFAF739BBB3F1FF3F08BFBE
:10EFD800B2F1FF3F70B506461D46144614D01A43D9
:10EFE80016D0002B08DBFAF729FB041941EB0501C1
:10EFF8003046C6E9004170BD6FF001031C1B4FF09D
:10F00800FF3363EB0501F3E74FF0FF342146EFE7E9
:10F018000024FBE7B3F1FF3F08BFB2F1FF3FF8B5AB
:10F02800074616461C4610D054EA020311D0FAF7D8
:10F0380005FBB0420A460346A1410AD2F31A64EB23
:10F0480002043846C7E90034F8BD4FF0FF331C46C8
:10F05800F7E70023FBE70023C0E9081200F11802D4
:10F0680003634363C0E90622C0E9003370470432F2
:10F0780070B504460ED2EFF31185102686F3128878
:10F08800BFF36F8F41F00401984785F31188BFF3F0
:10F098006F8F08B9002070BD40F8044BFBE720B122
:10F0A800011F50F8040CFFF71CBC70470A4491423A
:10F0B80000F1FF3300D1704710B511F8014B03F888
:10F0C800014F9142F9D110BD02440346934200D149
:10F0D800704703F8011BF9E710B56AB101398418C4
:10F0E80010F8012B11F8013F9A4203D1A04201D038
:10F0F800002AF5D1D01A10BD1046FCE710B5013929
:10F10800034632B111F8014F03F8014B013A002CC4
:10F11800F7D11A440021934200D110BD03F8011B16
:10F12800F9E710B5024601448A42134603D01C7819
:10F138000132002CF8D1181A10BDF0B5C3F1370709
:10F148000446FFB203F01F031046082BE6B233D083
:10F15800102B3ED06508A40844EA817445EAC175BD
:10F168002D194FEA910242EB5102290941EA027135
:10F178006D1842EB1212290A41EA02616D1842EB3E
:10F188001222290C41EA02416D1842EB1242AD18D5
:10F1980042F10002EC0844EA4274D10804EB84020C
:10F1A800A6EB4205EDB2092D0CD90134A5F10A05EB
:10F1B80041F10001EDB212E0E40844EA417406F0BE
:10F1C8000705C908303554EA010200F8015BBCD1D3
:10F1D800F0BD240944EA017406F00F050909092D58
:10F1E80084BFED19EDB2EDE7D1E9043293421EBFB9
:08F1F8005A1C0A6118707047EF
:08F200008C15FF7F01000000E6
:10F208000000000008F304089D1404080000000032
:10F218007D82040800000000BD8204080000000090
:10F228000000000024F304080000000020F4040893
:10F2380000000000E8F304080000000078F3040868
:10F24800000000005CF304080000000074F40408E7
:10F258000000000004F4040800000000CCF30408D7
:10F268000000000040F30408000000003CF404081B
:10F278000000000058F4040800000000B0F304087F
:10F288000000000094F3040885C40408000000008E
:10F2980000000000C8F4040800000000ACF40408F2
:10F2A8000000000090F40408695E040800000000F3
:10F2B8004167040800000000911E040800000000D7
:10F2C800313604080000000000000000E4F40408DF
:10F2D800C1980408000000000000000000F50408C0
:10F2E800000000001CF50408911604080000000046
:10F2F800A144040800000000CD2804080000000014
:10F30800910F05080000000070F90408AA04002401
:10F3180000000000CD5B040800000000F70F05089E
:10F328008CFE040860F90408AE0400240000000004
:10F3380000000000000000002E030508E8FA040899
:10F3480028F904088C040024641B0024B914040858
:10F35800000000003C030508FCFA040828F904082A
:10F368008E040024741B0024B91404080000000053
:10F378004A03050810FB040828F90408900400242F
:10F38800841B0024B9140408000000005803050871
:10F3980024FB040828F9040892040024941B002480
:10F3A800B9140408000000006603050838FB0408C7
:10F3B80028F9040894040024A41B0024B9140408A0
:10F3C80000000000740305084CFB040828F9040831
:10F3D80096040024B41B0024B9140408000000009B
:10F3E8008203050860FB040828F90408980400242F
:10F3F800C41B0024B9140408000000009003050889
:10F4080074FB040828F904089A040024D41B002477
:10F41800B9140408000000009E03050888FB0408CE
:10F4280028F904089C040024E41B0024B9140408E7
:10F4380000000000AC0305089CFB040828F9040838
:10F448009E040024F41B0024B914040800000000E2
:10F45800BA030508B0FB040828F90408A00400242E
:10F46800041C0024B914040800000000880A0508D8
:10F478000000000000000000A604002400000000B6
:10F48800D1490408000000005E0A05087CFD040854
:10F498008CF90408A404002430000024D54704088B
:10F4A80000000000AA10050890FE0408D8F9040816
:10F4B800B004002474030024F5630408000000006D
:10F4C800BA100508F4FE0408D8F90408B2040024A8
:10F4D80088030024F563040800000000D20F050823
:10F4E8006C0300244CF90408AC0400246C1F0024AD
:10F4F8007960040800000000A8040508F000002452
:10F5080058FC0408A2040024A00A002419AB04082B
:10F5180000000000590F0508B4FD040830FE040877
:10F52800A8040024B80200240D53040800000000B9
:10F538000000000047B004080000000047B00408BD
:10F548000000000047B004080000000047B00408AD
:10F558000000000047B004080000000047B004089D
:10F568007C130508D14A04087A130508D14A04080F
:10F5780078130508D14A040876130508D14A040807
:10F5880074130508D14A04080000000047B00408B5
:10F598000000000047B004080000000047B004085D
:10F5A8000000000047B004080000000047B004084D
:10F5B8000000000047B004080000000047B004083D
:10F5C8000000000047B004080000000047B004082D
:10F5D8000000000047B004080000000047B004081D
:10F5E8000000000047B0040872130508D14A040857
:10F5F8000000000047B004080000000047B00408FD
:10F608000000000047B004080000000047B00408EC
:10F618000000000047B004080000000047B00408DC
:10F628000000000047B004080000000047B00408CC
:10F638000000000047B004080000000047B00408BC
:10F648000000000047B004080000000047B00408AC
:10F658000000000047B00408C8F40408D5D1040825
:10F668000000000047B004080000000047B004088C
:10F6780070130508D14A04080000000047B00408C8
:10F688000000000047B004080000000047B004086C
:10F698000000000047B004080000000047B004085C
:10F6A8000000000047B004080000000047B004084C
:10F6B8000000000047B004080000000047B004083C
:10F6C8000000000047B004080000000047B004082C
:10F6D8000000000047B004080000000047B004081C
:10F6E8000000000047B004080000000047B004080C
:10F6F8000000000047B004080000000047B00408FC
:10F708000000000047B004080000000047B00408EB
:10F718000000000047B004080000000047B00408DB
:10F728000000000047B004080000000047B00408CB
:10F738000000000047B004080000000047B00408BB
:10F748000000000047B004080000000047B00408AB
:10F758000000000047B004080000000047B004089B
:10F768000000000047B004080000000047B004088B
:10F778000000000047B004080000000047B004087B
:10F788000000000047B004080000000047B004086B
:10F798000000000047B004080000000047B004085B
:10F7A8000000000047B004080000000047B004084B
:10F7B8000000000047B004080000000047B004083B
:10F7C800ACF40408D5D104080000000047B00408D0
:10F7D8000000000047B004080000000047B004081B
:10F7E8000000000047B004080000000047B004080B
:10F7F8000000000047B004080000000047B00408FB
:10F808000000000047B004080000000047B00408EA
:10F818000000000047B004080000000047B00408DA
:10F828000000000047B004080000000047B00408CA
:10F838000000000047B004080000000047B00408BA
:10F848000000000047B004080000000047B00408AA
:10F858000000000047B0040858130024B56A0408E3
:10F868000000000047B004080000000047B004088A
:10F878000000000047B004080000000047B004087A
:10F888000000000047B004080000000047B004086A
:10F898000000000047B004080000000047B004085A
:10F8A8000000000047B004080000000047B004084A
:10F8B8000000000047B004080000000047B004083A
:10F8C8000000000047B004080000000047B004082A
:10F8D8000000000047B004080000000047B004081A
:10F8E8000000000047B004080000000047B004080A
:10F8F8000000000047B004080000000047B00408FA
:10F908000000000047B004080000000047B00408E9
:10F918000000000047B00408E4F404081D6004086F
:10F92800AFCE040839CE0408BD5F040845CE0408EC
:10F938004FCE0408995F0408B95E04085BCE04083A
:04F9480000000000BB
:10F94C00C1600408B1CF0408C3CF0408C7CF0408B2
:04F95C0045600408F6
:10F9600071D0040891D00408ADD00408CBD00408AD
:10F97000755B0408315B040800000000195A040894
:0CF9800001CE0408000000000D5E040829
:10F98C0067C0040861470408000000000BC00408AD
:10F99C00BBC0040891C0040853C0040895C30408F4
:10F9AC006FC10408D1BF0408CBC3040865C10408A7
:10F9BC0000000000E9BF0408000000000000000087
:10F9CC00F1BF04084FC3040803C00408B3D30408F0
:10F9DC0017D304080BD10408D56504082DD20408EC
:10F9EC00BFD2040871D3040865D104087BD1040884
:10F9FC0019D2040891D10408A7D104080DD2040827
:10FA0C00BDD104081D610408956104084DD3040898
:08FA1C00C9D10408CDD1040892
:10FA24001203050803000000A60A050803000000ED
:10FA34009C04050803000000B50405080300000049
:10FA4400B904050803000000B5050508030000001B
:10FA5400E30F050803000000F20905080300000095
:10FA6400420A0508030000004A0A050803000000D2
:10FA7400AC1205080300000067020508030000003B
:10FA84006A0F050803000000F103050803000000E5
:10FA9400830F05080300000023030508030000008A
:10FAA400CA10050803000000740B050803000000D9
:08FAB400660F050803000000C5
:10FABC0018FD040820010024A4050508010000001D
:10FACC004179040806000000F40000000200000068
:10FADC00000200000002000000000000FFFF000018
:10FAEC00002802580A000000E0000000000400009A
:10FAFC00FFFF00000024025809000000E000000095
:10FB0C0000020000FFFF0000002002580800000067
:10FB1C00E000000000010000FFFF0000001C025884
:10FB2C0007000000E000000080000000FFFF000064
:10FB3C000018025806000000E00000004000000021
:10FB4C00FFFF00000014025805000000E000000058
:10FB5C0020000000FFFF000000100258040000000D
:10FB6C00E000000010000000FFFF0000000C025835
:10FB7C0003000000E000000008000000FFFF000090
:10FB8C000008025802000000E00000000400000021
:10FB9C00FFFF00000004025801000000E00000001C
:10FBAC0002000000FFFF00000000025800000000EF
:10FBBC00E00000000100000058F404083CF40408C4
:10FBCC0020F4040804F40408E8F30408CCF3040853
:10FBDC00B0F3040894F3040878F304085CF3040805
:10FBEC0040F30408000000000000000000000000CA
:10FBFC0000000000000000000000000000000000F9
:10FC0C0000000000000000000000000000000000E8
:10FC1C0000000000000000000000000000000000D8
:10FC2C000300000034FC040800000008050405086B
:10FC3C0026000206000000240B04050824000B110A
:10FC4C000000F01F100405082400041165180408B6
:10FC5C005BAB0408CD1A0408000000001D1B04084F
:10FC6C00111C040889A9040801AA040891A9040814
:10FC7C00C3A90408ADA9040897A904080000000052
:10FC8C0000000000B7AC0408A5AC040885AC04085F
:10FC9C0083AC04080000000000000000000000001D
:10FCAC000000000073AC0408980E00240001000052
:10FCBC0091AD040827AD04080200000041AF040810
:10FCCC000000000000000000000000000000000028
:10FCDC00840505088C0505080000000000000000E4
:10FCEC000000000094050508980505089C0505080A
:10FCFC00A005050808FD0408581C00245128040818
:10FD0C00701C0024DB2300240100000003B0040855
:10FD1C00F9AF0408C7AF0408BBAF0408000000002B
:10FD2C00AFAF040800000000BE05050800000090FD
:10FD3C000000001000000002CE050508000000388D
:10FD4C000000010000002000DE050508000000C0D6
:10FD5C0000008000000010000000002400000000E3
:10FD6C0000000B06BD36040800000000B5B0040806
:10FD7C001802002400000000320400245802002461
:10FD8C002C02002470FD0408A0FD040800020000F1
:10FD9C0000000000A006002474FE040820050024C6
:10FDAC0000000000000000000000084009000000F6
:10FDBC00001000007FCC04086500000000FE040861
:10FDCC0010FE040880FE0408000000000000000083
:10FDDC000000000000000000020000000200000013
:10FDEC00481E0024281D0024C02F002400020000FF
:10FDFC00FF030200D800000000000008050000000E
:10FE0C005400340318FE04080100000020FE04080E
:10FE1C00020000006A010000000000008A010000DE
:10FE2C00000000003FCC0408B3CC040859CC0408F3
:10FE3C00FD4E04081158040800000000495704083E
:10FE4C00CD570408ED5004089D570408000000002D
:10FE5C00E14F040891500408DD5104084151040895
:10FE6C009BCC0408ABCC0408D3CD040800000000E4
:10FE7C00BBCD0408DD590408F55904080000001036
:10FE8C00004402580078004008F3040824F30408E6
:10FE9C001E120000BCFE040801000000000000005F
:10FEAC000000000000000000C4FE0408F7D10408A4
:10FEBC00E800000000000040CCFE04080100000037
:10FECC00D4FE040804000000E70A00000002000051
:10FEDC000B01000000000000270B000000020000D6
:10FEEC00070B0000000000000010014008F304089C
:10FEFC0024F304080413000020FF04080100000090
:10FF0C0000000000000000000000000028FF0408B2
:10FF1C00E1D10408F00000001000000030FF0408DC
:10FF2C000100000038FF0408020000002701000057
:10FF3C0000020000E702000000000000F2100508BB
:10FF4C0005110508181105082B1105083E110508A7
:10FF5C00511105086411050877110508621205088E
:10FF6C007012050884120508931205089F120508E3
:10FF7C0008F2040808F20408B8F20408C0F20408F5
:10FF8C0000F3040808F30408D71205080001000068
:10FF9C000000000009040010000000305B4D375DCC
:10FFAC0020456E64706F696E7420626F756E64208C
:10FFBC00746F204D340A005B4D375D2047696761D3
:10FFCC00737061726B204F53205072696D6172793E
:10FFDC0020436F7265207374617274696E672E2E84
:10FFEC002E0A005B4D375D204750494F20646576E3
:04FFFC0069636520B0
:020000040805ED
:100000006E6F742072656164790A005B4D375D2004
:100010004661696C656420746F20636F6E66696702
:10002000757265204C45443A2025640A005B4D37C3
:100030005D204661696C656420746F206F70656E29
:100040002049504320696E7374616E63653A2025C0
:10005000640A005B4D375D204661696C65642074FD
:100060006F20726567697374657220656E64706F66
:10007000696E743A2025640A005B4D375D20576134
:100080006974696E6720666F72204D3420656E64F6
:10009000706F696E742E2E2E0A005B4D375D2053F3
:1000A000656E64696E6720626F6F7420726571752A
:1000B00065737420746F204D342E2E2E0A00424F2B
:1000C0004F545F47494741535041524B005B4D37B6
:1000D0005D2053656E64206661696C65643A202515
:1000E000640A005B4D375D2057616974696E672053
:1000F000666F72204D3420726573706F6E73652E5B
:100100002E2E0A005B4D375D20526563656976656A
:10011000643A20222573220A004D345F4B45524E2B
:10012000454C5F5245414459005B4D375D204D348D
:100130002068616E647368616B65204F4B210A0013
:100140005B4D375D203D3D3D3D3D3D3D3D3D3D3DB4
:100150003D3D3D3D3D3D3D3D3D3D3D3D3D3D3D3DCF
:100160003D3D3D3D3D3D3D3D3D3D3D3D3D0A005B11
:100170004D375D202047494741535041524B204F56
:100180005320424153452053595354454D20524525
:100190004144590A005B4D375D20204D37204020F7
:1001A0003438304D487A207C204D34204020323481
:1001B000304D487A207C20495043204F4B0A005B49
:1001C0004D375D20556E6578706563746564207287
:1001D0006573706F6E73652066726F6D204D343A73
:1001E00020222573220A0067696761737061726B50
:1001F0005F657074006865617020636F72727570FE
:1002000074696F6E20286E6F7420696E2075736537
:100210003F29206174202570006865617020636F3C
:100220007272757074696F6E202862756666657289
:10023000206F766572666C6F773F29206174202588
:1002400070006865617020636F7272757074696F99
:100250006E2028646F75626C6520667265653F2943
:10026000206174202570006F735F686561700028DD
:10027000756E7369676E6564292063686172202AF0
:10028000207573656420666F722025257020617269
:1002900067756D656E742E204974277320726563CF
:1002A0006F6D6D656E64656420746F206361737437
:1002B00020697420746F20766F6964202A2062653B
:1002C0006361757365206974206D61792063617560
:1002D0007365206D69736265686176696F72206904
:1002E0006E206365727461696E20636F6E66696704
:1002F00075726174696F6E732E20537472696E67C4
:100300003A2225732220617267756D656E743A25F5
:10031000640063627072696E74665F7061636B61C2
:100320006765007379735F6765746F7074006770D9
:10033000696F403538303232383030006770696F5D
:10034000403538303232343030006770696F4035B4
:1003500038303232303030006770696F40353830B5
:100360003231633030006770696F40353830323178
:10037000383030006770696F403538303231343092
:1003800030006770696F40353830323130303000BE
:100390006770696F403538303230633030006770D5
:1003A000696F403538303230383030006770696FEF
:1003B000403538303230343030006770696F403546
:1003C0003830323030303000556E62616C616E63AF
:1003D0006564206261636B757020646F6D61696E26
:1003E0002061636365737320726566636F756E74F5
:1003F0000073746D33325F6261636B75705F646F3D
:100400006D61696E00464C415348005352414D00A6
:1004100053595354454D00496E76616C69642069A7
:100420006E7374616E636500496E76616C696420F9
:100430006261636B656E6420636F6E666967757277
:100440006174696F6E00496E76616C696420696ED3
:100450007374616E63652C20656E64706F696E7471
:10046000206F7220636F6E66696775726174696F61
:100470006E00496E76616C696420656E64706F69A8
:100480006E7400456E64706F696E74206E6F7420B8
:10049000726567697374657265640A006970635F89
:1004A000736572766963650069706330006C6F67AD
:1004B00067696E67006C6F67006C6F675F6D676D73
:1004C00074004D65737361676520282225732229A6
:1004D0002064726F70706564206265636175736516
:1004E00020697420657863656564732073697A6533
:1004F000206C696D69746174696F6E202825752997
:10050000004D6573736167652064726F7070656418
:100510002062656361757365206974206578636521
:100520006564732073697A65206C696D69746174A0
:10053000696F6E2028257529001B5B306D002573BF
:1005400020005B2530386C755D20005B25303275EE
:100550003A253032753A253032752E253033752CD8
:10056000253033755D20002573003C25733E200047
:1005700025732F0025733A20002530327820007C27
:10058000002563001B5B313B33316D001B5B313B4E
:1005900033336D006572720077726E00696E6600AB
:1005A000646267006C6F675F6261636B656E645F56
:1005B00075617274006C6F675F75617274006D6550
:1005C0006D6F7279403930303030303030006D65C9
:1005D0006D6F7279403338303030303030007364B2
:1005E00072616D40633030303030303000636463AE
:1005F0005F61636D5F30006364635F61636D5F7350
:10060000657269616C0072302F61313A2020307858
:1006100025303878202072312F61323A202030780E
:1006200025303878202072322F61333A20203078FC
:10063000253038780072332F61343A202030782505
:10064000303878207231322F69703A202030782586
:10065000303878207231342F6C723A20203078256F
:100660003038780020787073723A20203078253046
:100670003878004661756C74696E6720696E7374B2
:1006800072756374696F6E20616464726573732040
:10069000287231352F7063293A2030782530387828
:1006A00000556E68616E646C6564204952516E3A03
:1006B000202564002A2A2A2A2A205553414745200A
:1006C0004641554C54202A2A2A2A2A0020204469CF
:1006D000766973696F6E206279207A65726F002087
:1006E00020556E616C69676E6564206D656D6F7213
:1006F00079206163636573730020204E6F20636F00
:1007000070726F636573736F7220696E7374727544
:100710006374696F6E73002020496C6C6567616C4F
:10072000206C6F6164206F66204558435F524554CA
:1007300055524E20696E746F205043002020496C42
:100740006C6567616C20757365206F6620746865E1
:100750002045505352002020417474656D70742000
:10076000746F206578656375746520756E64656661
:10077000696E656420696E737472756374696F6EF7
:10078000002A2A2A2A2A20425553204641554C54F1
:10079000202A2A2A2A2A002020537461636B696E5A
:1007A00067206572726F72002020556E73746163EA
:1007B0006B696E67206572726F72002020507265DF
:1007C000636973652064617461206275732065726A
:1007D000726F72002020424641522041646472656B
:1007E00073733A2030782578002020496D70726547
:1007F000636973652064617461206275732065723A
:10080000726F72002020496E737472756374696F21
:100810006E20627573206572726F72002020466CC4
:100820006F6174696E672D706F696E74206C617A88
:100830007920737461746520707265736572766176
:1008400074696F6E206572726F72002A2A2A2A2AD2
:10085000204D5055204641554C54202A2A2A2A2AF8
:10086000002020537461636B696E67206572726F3C
:10087000722028636F6E74657874206172656120E0
:100880006D69676874206265206E6F742076616C94
:1008900069642900202044617461204163636573A9
:1008A000732056696F6C6174696F6E0020204D4D26
:1008B00046415220416464726573733A2030782552
:1008C00078002020496E737472756374696F6E20AE
:1008D0004163636573732056696F6C6174696F6EF1
:1008E000005265736572766564204578636570743F
:1008F000696F6E20280053707572696F7573206977
:100900006E746572727570742028495251200053BC
:100910005053454C20696E20746872656164206D87
:100920006F646520646F6573206E6F7420696E64F8
:10093000696361746520505350002A2A2A2A2A20AC
:1009400048415244204641554C54202A2A2A2A2AFA
:10095000002020427573206661756C74206F6E20D4
:10096000766563746F72207461626C652072656174
:10097000640020204465627567206576656E7400AA
:1009800020204661756C7420657363616C617469C5
:100990006F6E20287365652062656C6F7729004152
:1009A0005243485F45584345505420776974682046
:1009B000726561736F6E2025780A002A2A2A2A2A16
:1009C000204465627567206D6F6E69746F72206573
:1009D0007863657074696F6E202A2A2A2A2A002A91
:1009E0002A2A2A2A20257320256429202A2A2A2A0D
:1009F0002A006D7075004661696C656420746F2013
:100A0000616C6C6F63617465206E6577204D505525
:100A100020726567696F6E2025750A0050617274D7
:100A20006974696F6E2025753A20636F6865726519
:100A30006E636520636865636B206661696C6564DD
:100A40002E006E65745F627566006E65745F627518
:100A5000665F73696D706C65007573626400626FC8
:100A60006172645F6364635F61636D5F756172741B
:100A700000496E76616C6964206C696E65206E75E4
:100A80006D62657220257500696E7465727275708D
:100A9000742D636F6E74726F6C6C65724035383094
:100AA000303030303000657874695F73746D333284
:100AB0000073757370656E6400726573756D6500A3
:100AC00053707572696F7573202573206576656E36
:100AD000740065702030782530327820616C726542
:100AE00061647920656E61626C656400456E647056
:100AF0006F696E74203078253032782076616C69A9
:100B0000646174696F6E206661696C65640065700C
:100B10002030782530327820616C726561647920EC
:100B200064697361626C656400657020307825309B
:100B30003278206973206E6F742068616C7465640C
:100B40007C64697361626C6564004661696C6564AC
:100B500020746F20616C6C6F63617465206E6574C6
:100B60005F62756620257A642C20657020307825B8
:100B7000303278007564630048414C5F5043445FF5
:100B800045505F5365745374616C6C206661696C89
:100B9000656428307825303278292C20256400556A
:100BA0006E61626C6520746F20616C6C6F63617440
:100BB00065204649464F20666F72203078253032D6
:100BC00078005043445F5374617274206661696CAD
:100BD00065642C202564004661696C656420656E3F
:100BE00061626C696E6720657020307825303278DC
:100BF000004661696C656420746F2064697361628A
:100C00006C6520636F6E74726F6C20656E64706FBC
:100C1000696E74005043445F53746F70206661695D
:100C20006C65642C2025640048414C5F5043445F50
:100C3000416374697661746552656D6F746557615F
:100C40006B6575702C202564005043445F446549F2
:100C50006E6974206661696C65642C2025640046A9
:100C600061696C656420746F2064697361626C658E
:100C700020555342205048593A20256400556E6152
:100C8000626C6520746F2064697361626C652055C5
:100C9000534220636C6F636B004572726F72206405
:100CA000697361626C696E6720636C6F636B287334
:100CB00029004572726F722064697361626C696E9B
:100CC000672055534220706F7765723A2025640083
:100CD0004572726F7220656E61626C696E67205535
:100CE000534220706F7765723A20256400436F7518
:100CF0006C64206E6F742073656C6563742055534B
:100D00004220646F6D61696E20636C6F636B005588
:100D10006E61626C6520746F20656E61626C652027
:100D200055534220636C6F636B004661696C656468
:100D300020746F206765742055534220646F6D6185
:100D4000696E20636C6F636B20726174650055532C
:100D50004220436C6F636B206973206E6F74203484
:100D6000384D487A2028256429004661696C6564FD
:100D700020746F20656E61626C652055534220506F
:100D800048593A202564004572726F7220656E6181
:100D9000626C696E6720636C6F636B287329005007
:100DA00043445F496E6974206661696C65642C20F8
:100DB0002564004661696C656420746F2072656704
:100DC000697374657220656E64706F696E74005526
:100DD00053422070696E6374726C20736574757011
:100DE000206661696C65642028256429005265735A
:100DF0006574204750494F20646576696365206EAD
:100E00006F7420726561647900436F756C646E273E
:100E10007420636F6E6669677572652072657365AD
:100E2000742070696E0048414C5F5043445F4550E8
:100E30005F5472616E736D6974206661696C65647C
:100E400028307825303278292C2025640048414C00
:100E50005F5043445F45505F526563656976652026
:100E60006661696C656428307825303278292C20D9
:100E700025640048414C5F5043445F45505F5472C5
:100E8000616E736D6974206661696C65643A2025D2
:100E90006400657020307825303278207175657572
:100EA0006520697320656D7074790048414C5F500E
:100EB00043445F45505F4F70656E206661696C65A5
:100EC0006428307825303278292C20256400484168
:100ED0004C5F5043445F536574416464726573733F
:100EE000206661696C656428307825303278292C59
:100EF0002025640048414C5F5043445F45505F43A8
:100F00006C6F7365206661696C6564283078253084
:100F10003278292C2025640048414C5F5043445FBF
:100F200045505F436C725374616C6C206661696CF0
:100F3000656428307825303278292C2025640055C6
:100F40004443204D657373616765207175657565F0
:100F5000206F76657272756E007573624034303042
:100F60003830303030007564635F73746D33320035
:100F7000505752206E6F74206163746976652079D2
:100F800065740073746D33325F7573625F7077726E
:100F9000007263634035383032343430300046619B
:100FA000696C656420746F20656E61626C65206396
:100FB0006C6F636B2E0053656E64696E67206461AD
:100FC0007461206E6F7420737570706F72746564D5
:100FD0002E006D61696C626F78403538303236347E
:100FE0003030006D626F785F73746D33325F687399
:100FF000656D5F6970630072657365742D636F6EF4
:1010000074726F6C6C6572004661696C6564206314
:10101000616C6C20636C6F636B5F636F6E74726F77
:101020006C5F6765745F726174652870636C6B6573
:101030006E5B305D2900556E61626C6520746F20B7
:1010400073657420257320746F20256400436F75C9
:101050006C64206E6F7420656E61626C6520284C34
:1010600050295541525420636C6F636B0072657355
:10107000657420636F6E74726F6C6C6572206E6F36
:101080007420726561647900257320646F65732034
:101090006E6F7420737570706F72742064726976ED
:1010A000657220656E61626C650073657269616C62
:1010B0004034303030373830300073657269616CDD
:1010C00040343030313130303000756172745F73CC
:1010D000746D333200756E7265676973746572651D
:1010E00064202573206275730A0067656E657269F6
:1010F00063006D6574616C3A20656D657267656E3D
:1011000063793A20006D6574616C3A20616C657298
:10111000743A2020202020006D6574616C3A2063B1
:101120007269746963616C3A2020006D6574616C4A
:101130003A206572726F723A2020202020006D657F
:1011400074616C3A207761726E696E673A20202074
:10115000006D6574616C3A206E6F746963653A2046
:10116000202020006D6574616C3A20696E666F3ACC
:10117000202020202020006D6574616C3A20646579
:101180006275673A20202020200025733A2066727D
:101190006565696E67206E6F6E2D656D7074792060
:1011A0007669727471756575650D0A00756E65787E
:1011B0007065637465642062756666657220686533
:1011C0006C6420636F756E7465720D0A0072785FCF
:1011D00076710074785F7671004E530048616C74CC
:1011E000696E672073797374656D00556E6B6E6FF1
:1011F000776E206572726F7200756E6B6E6F776EB0
:10120000003E3E3E205A45504859522046415441E6
:101210004C204552524F522025643A202573206FAE
:101220006E20435055202564004661756C7420641F
:101230007572696E6720696E74657272757074205C
:1012400068616E646C696E670A0043757272656EE0
:1012500074207468726561643A20257020282573B3
:10126000290043505520657863657074696F6E007E
:10127000556E68616E646C656420696E7465727227
:1012800075707400537461636B206F766572666C61
:101290006F77004B65726E656C206F6F7073004BDB
:1012A00065726E656C2070616E6963006F73002AF1
:1012B0002A2A20426F6F74696E67205A65706879B8
:1012C00072204F53206275696C642076342E342E60
:1012D00031202A2A2A0A00737973776F726B7100A2
:1012E000286E756C6C29002A666C6F61742A002068
:1012F0006D657373616765732064726F7070656488
:10130000202D2D2D0D0A1B5B306D001B5B313B33F7
:10131000316D2D2D2D2000485320436F6E66696777
:1013200075726174696F6E00465320436F6E666913
:101330006775726174696F6E004344432041434D89
:101340002073657269616C206261636B656E640015
:101350005A65706879722050726F6A6563740030E4
:10136000313233343536373839414243444546000B
:101370000A06050504010301020101010001000044
:10138000000001020304010203040607080900002B
:1013900000000000C9450408000000000001000032
:1013A000000000000000000000000000000000003D
:1013B000000000000000000000000000000000002D
:1013C00090F4040800C201000000080000000000C2
:1013D000000000000000000000000000000000000D
:1013E00000000000000000000000000000000000FD
:1013F000000000000402002400000000F0010024AE
:1014000000000000000000000000000000000000DC
:1014100000000000000000000000000000000000CC
:1014200000000000000000000000000000000000BC
:1014300000000000000000000000000000000000AC
:10144000000000000000000000000000BC000024BC
:10145000BC000024000000000100000000000000AB
:10146000E701050800000000810A040800000000F0
:10147000490A040800000000000000004FA304080F
:10148000000000000000003800000100E4F404083F
:1014900000000000E4F40408010000000200000065
:1014A00000000000000000000004000047AD040838
:1014B00000FD04080000000000000000FC03002400
:1014C00050010024000000000000000000000000A7
:1014D0000504002468010024000000000000000052
:1014E00000000000000000000004010000000000F7
:1014F0001713050822030000000000000000000090
:101500000004010000000000281305082203000069
:1015100000000000000000000003030000000000C5
:1015200000000000000300000000000000000000B8
:101530000002010000000000391305082E0300001E
:101540000000000000000000000101000000000099
:10155000501305081E0300000000000000000000FA
:101560000000000000000000A0FF040804030000C9
:1015700000000000ABB00408000000000000000004
:101580000C780024000000000000000000000000B3
:10159000000400000C7C002400000000000000009B
:1015A0000000000000040000ED0505080000000038
:1015B000840200240000000090F404083204002497
:1015C0003A04002443040024480400244D04002469
:1015D00051040024740400245D0400247B040024CE
:1015E0008204002489040024320400243A040024E4
:1015F00043040024480400244D0400245104002422
:10160000560400245D040024660400246D040024B4
:10161000890400240000000073BF0408BD460408CC
:101620001D4704089DC1040833C0040891C1040883
:101630000000000015C4040879C10408C9C00408EA
:101640000000000075BF040800000000000000005A
:10165000000000000000000000000000000000008A
:10166000000000000000000000000000000000007A
:10167000000000000000000000000000000000006A
:10168000000000000000000000000000000000005A
:10169000000000000000000000000000000000004A
:1016A000000000000000000000000000000000003A
:1016B000000000000000000000000000000000002A
:1016C0000000000000000000000000003C030024B7
:1016D0003C03002400000000000000000E00000099
:1016E000000000000000000000000000581300246B
:1016F000000000000000000000000000E00000000A
:101700000000000280030024000000000000000030
:1017100000C2010000010301940300240000000046
:101720000000000000C20100000103000090D0038F
:101730000090D003EA100508000000009D7704081F
:101740000000000000000000000000000000000099
:101750000000000000000000000000000000000089
:10176000C8000000D4030024D4030024FF00FF00BD
:10177000FF00FF00FF00FF00FF00FF00FF00FF0071
:10178000FF00FF00FF00FF00FF00FF000902000054
:10179000000100807D09020000000100807D12012F
:1017A0000002EF020140E32F0400040400000000E7
:1017B00012010002EF020140E32F040004040000C4
:1017C0000000080B000202020000090400000102F0
:1017D0000200000524001001052401000104240278
:1017E0000205240600010705810310000A0904010F
:1017F00000020A0000000705820240000007050100
:10180000024000000705810310000707058202005F
:0B1810000200070501020002000000BA
:10181B0000000000000000000000000000000000BD
:10182B0000000000000000000000000000000000AD
:09183B00000000000000000000A4
:101844000000000000000000000000000000000094
:101854000000000000000000000000000000000084
:101864000000000000000000000000000000000074
:0818740000000000000000006C
:04187C000000000068
:10188000F0040024F004002404750024000000008B
:0C18900008000000100000000000000034
:10189C0000000000405400244C2000000000000018
:1018AC000000000000000000405000240004000074
:0818BC00000000000000000024
:1018C40034050024340500240C0000000A00000044
:1018D4008C740024047500248C7400248C740024FB
:0818E4000000000000000000FC
:1018EC005C0500245C0500240000000001000000E1
:1018FC006C0500246C0500240000000001000000B1
:10190C007C0500247C050024000000000100000080
:10191C008C0500248C05002401000000010000004F
:10192C000000000000000000A4050024A405002411
:10193C00020002000A0000000000000090FD0408F4
:10194C00847500240000000000000000C80500247D
:10195C00C8050024100010000A00000033C504085C
:08196C00A4FD0408CC75002461
:10197400F70505080000000000000000000000005A
:1019840000000000000000001CF504080000000036
:101994000000000000000000000000000000000043
:1019A4000000000000000000000000000000000033
:1019B4000000000000000000000000000000000023
:1019C4000000000000000000000000000000000013
:1019D4000000000000000000000000000000000003
:0C19E400200400240E0400240000000079
:1019F00000000000180200240000000000000000A9
:081A00000000000000000000DE
:101A08000000000018020024000000000000000090
:081A18000000000000000000C6
:041A200015E015E0D8
:0400000508042F0DAF
:00000001FF
