:020000040810E2
:10000000802B0030C1271008D96B1008AD271008CD
:10001000AD271008AD271008AD271008000000001C
:10002000000000000000000000000000F52710089C
:10003000AD27100800000000B1291008513A10083F
:10004000292A1008292A1008292A1008292A100804
:10005000292A1008292A1008292A1008292A1008F4
:10006000292A1008292A1008292A1008292A1008E4
:10007000292A1008292A1008292A1008292A1008D4
:10008000292A1008292A1008292A1008292A1008C4
:10009000292A1008292A1008292A1008292A1008B4
:1000A000292A1008292A1008292A1008292A1008A4
:1000B000292A1008292A1008292A1008292A100894
:1000C000292A1008292A1008292A1008292A100884
:1000D000292A1008292A1008292A1008292A100874
:1000E000292A1008292A1008292A1008292A100864
:1000F000292A1008292A1008292A1008292A100854
:10010000292A1008292A1008292A1008292A100843
:10011000292A1008292A1008292A1008292A100833
:10012000292A1008292A1008292A1008292A100823
:10013000292A1008292A1008292A1008292A100813
:10014000292A1008292A1008292A1008292A100803
:10015000292A1008292A1008292A1008292A1008F3
:10016000292A1008292A1008292A1008292A1008E3
:10017000292A1008292A1008292A1008292A1008D3
:10018000292A1008292A1008292A1008292A1008C3
:10019000292A1008292A1008292A1008292A1008B3
:1001A000292A1008292A1008292A1008292A1008A3
:1001B000292A1008292A1008292A1008292A100893
:1001C000292A1008292A1008292A1008292A100883
:1001D000292A1008292A1008292A1008292A100873
:1001E000292A1008292A1008292A1008292A100863
:1001F000292A1008292A1008292A1008292A100853
:10020000292A1008292A1008292A1008292A100842
:10021000292A1008292A1008292A1008292A100832
:10022000292A1008292A1008292A1008292A100822
:0C023000292A1008292A1008292A100881
:10023C0053B94AB9002908BF00281CBF4FF0FF3141
:10024C004FF0FF3000F00CB8ADF1080C6DE904CEA6
:10025C0000F01AF8DDF804E0DDE9022304B0704781
:10026C00704700BF10F8012B11F8013B012A28BF81
:10027C009A42F7D0D01A7047034613F8012B002A84
:10028C00FBD1181A013870472DE9F0478C468E4681
:10029C00089E154604461946002B40F0D080724546
:1002AC0047D9B2FA82F74FB1C7F120030EFA07FC17
:1002BC0020FA03F3BD4043EA0C0CBC404FEA154E48
:1002CC00A8B2BCFBFEF8230C0EFB18CC08FB00F903
:1002DC0043EA0C43994528D9EB1808F1FF3204D2B4
:1002EC00994502D9A8F102022B44A3EB0903A4B24D
:1002FC00B3FBFEFC0EFB1C330CFB00F044EA034486
:10030C00A04214D92C190CF1FF3304D2A04202D90B
:10031C00ACF102032C44241A43EA02401EB1FC4007
:10032C00002334607360BDE8F0874246DDE7634626
:10033C00F1E7002A79D0B2FA82F3002B3FD01946AC
:10034C00C1F1200302FA01F52EFA03F20EFA01FEB6
:10035C0020FA03F343EA0E034FEA154E00FA01F4B8
:10036C00B2FBFEFCAFB20EFB1C201A0C0CFB07F808
:10037C0042EA004290455AD9AA180CF1FF3004D237
:10038C00904502D9ACF102002A44A2EB08029BB2C0
:10039C00B2FBFEFC0EFB1C220CFB07F743EA0243EC
:1003AC009F4246D9EB180CF1FF3204D29F4202D97E
:1003BC00ACF102022B44DB1B42EA004202E0AEEB42
:1003CC00020301224FEA154EAFB2B3FBFEFC200C28
:1003DC000EFB1C330CFB07F840EA034398452AD963
:1003EC00EB180CF1FF3004D2984502D9ACF10200A5
:1003FC002B44A3EB0803A4B2B3FBFEFC0EFB1C3393
:10040C000CFB07F744EA0344A74216D92C190CF14C
:10041C00FF3304D2A74202D9ACF102032C44E41BF3
:10042C0043EA00400F46114678E71F2188E76046F3
:10043C00ABE76246BFE76046DBE76346EFE7734531
:10044C0006D916B9002108466DE7C6E9000EF9E792
:10045C00B3FA83F787B9734501D3824207D8841A5C
:10046C006EEB030301209C461EB900215BE7384666
:10047C00FAE7C6E9004CF8E7C7F1200CBB4022FABA
:10048C000CF51D4320FA0CF12EFA0CF30EFA07FEB4
:10049C0041EA0E014FEA154900FA07F4B3FBF9F8EB
:1004AC001FFA85FE09FB18300B0C08FB0EFA43EA09
:1004BC0000439A4502FA07F240D9EB1808F1FF30D5
:1004CC0004D29A4502D9A8F102002B44A3EB0A03EB
:1004DC0089B2B3FBF9F809FB183308FB0EFE41EAAD
:1004EC0003418E452CD9691808F1FF3304D28E458F
:1004FC0002D9A8F10203294443EA0040A0FB029868
:10050C00A1EB0E014145CE46434602D306D14C45E4
:10051C0004D2B9EB020E68EB05030138002EA4D00F
:10052C00B4EB0E0261EB030101FA0CFC22FA07F3A7
:10053C004CEA0303F940C6E9003196E74046C5E7AB
:10054C004346D9E740F2FF33994228BF194610B50C
:10055C000A460C460146064807F0FDFC044A0023F7
:10056C001355044B1C600448BDE8104004F018B946
:10057C00280E0030080C00305C01003008B5054B2B
:10058C0001221A70044804F00BF9BDE80840034836
:10059C0005F061BD281200304C010030868B10082C
:1005AC0037B5254805F057FD244800F079FD041EA9
:1005BC0009DA14F1780F06D02148214605F04BFDDD
:1005CC00204603B030BD1F4A1C48694600F088FD28
:1005DC00041E02DA1C482146F0E71C4805F03BFDDE
:1005EC001B484FF0FF324FF0FF3304F00DF94FF082
:1005FC00FF324FF0FF33174804F006F9164917483D
:10060C0005F029FD16491448FFF72CFE0546002875
:10061C00EDD1144805F01FFD13491022684600F077
:10062C0081FD041E02DA11482146C7E7104805F087
:10063C0012FD2C46C4E700BFA18B100840831008A4
:10064C00CC8B100800000030F28B1008188C1008AE
:10065C004C0100305C010030280E00303A8C100840
:10066C004F8C10085E8C1008918C1008A18C10080F
:10067C00B78C10082DE9F84F8A4600AF002974D0CA
:10068C0004680E1F361BF50826F0070604EB060857
:10069C00B8F802B01BF0010B16D1E94688B06A46D7
:1006AC00334BCDE90531032342F8103F31485B460B
:1006BC004FF4C25101F006FBCD468BF31188BFF30A
:1006CC006F8F0423184602DF2946204605F03FFBB6
:1006DC00284434F83030C01A854217D0E94688B027
:1006EC006A46254BCDE9053A032342F8103F2148D1
:1006FC0000234FF4C25101F0E5FA0023CD4683F3F9
:10070C001188BFF36F8F0423184602DFB8F802304C
:10071C0023F00103A8F802302946204605F017FB08
:10072C0005EB000804EBC8035B88DA0708D44146E4
:10073C00204605F055FB42462946204605F095FB20
:10074C00A65BAE1B04EBC6035B88DB0709D4314602
:10075C00204605F045FB2A463146204605F085FB30
:10076C0035462946204605F0F7FABD46BDE8F88F18
:10077C00388D1008148810080F8D10082DE9F04FD3
:10078C0091B08407009302F004030293C2F3C203F6
:10079C0003F10103DDF868A0039205460E460593AC
:1007AC0040F09D81041D00284AD101F00706341D3C
:1007BC00C6F10806009B00275A1E4FF004084FF0A4
:1007CC00FF3301930497B946BB4643460DB10099DC
:1007DC0021600598002800F3D78090480099814249
:1007EC0003D38F488142C0F0CF80039911F0020CE3
:1007FC00A4EB050040F0D680B9F10F0F00F2CF80CA
:10080C00002D00F0D68009F140010DEB010EC0F374
:10081C00870001990EF8200C0EF8101CBCF1000F8B
:10082C0000F0C38060F07F000EF8200C013709F156
:10083C000109C5F10801043406914FF6DA7E8CE00B
:10084C000729B7D86FF01B0011B0BDE8F08F7A28DC
:10085C005BD84B280FD8472857D829282ED82528BD
:10086C0050D052D8202818BF23280CBF4FF0010BB2
:10087C004FF0000B71E04C382E2846D8DFE800F022
:10088C006D454545454545454545454548454545E1
:10089C004545454545564548485656566D486A4562
:1008AC006D4518481845457F7C48454548457C00B2
:1008BC0000204FF0000B4FF0040835E02A38C0B28E
:1008CC00012101FA00F010EA0E0F46D110F0625C23
:1008DC002CD110EA010B40D06046013C4444B4FBDF
:1008EC00F8F408FB04F425B1A3EB050CA444B445BF
:1008FC00A8D8002870D00599013905915AF8041B25
:10090C00009163E70199013901914FF0000B24E04C
:10091C0012F8010C6C2834D112F8023C00206C2B1C
:10092C008346C8D14FF008084346D6E70AF1070AB8
:10093C002AF0070A0734FAE802BC24F0070435B1A0
:10094C0006982044B0423FF67DAFC4E900BC0834A1
:10095C004FF0000B4FF00808434612F8010F002827
:10096C0053D0BBF1000F7FF472AF2528F5D1019B5A
:10097C00013301934FF0010B4FF00408ECE758469C
:10098C0097E700208346A8E7039988077FF551AFC6
:10099C00601B4FF0010CB0F5007FFFF42DAF6FF032
:1009AC00150051E74FF0000CF5E704980130049066
:1009BC003DE7BCF1000F01D0013638E70298023652
:1009CC0000287FF434AF0098CDE90632FFF754FCD1
:1009DC00DDE9063206442AE7042B08D10AF10400AB
:1009EC0015B1DAF80010216004348246B5E70AF13B
:1009FC00070323F0070303F1080A1DB1D3E9000133
:100A0C00C4E9000108340823A7E7631BB3F5806F22
:100A1C00C5D23DB9A6F10804E01815E7B880100856
:100A2C0094981008029A28609B082B709DF810303F
:100A3C00AAB1EB70AF702FB108A80022C5F1010C60
:100A4C0091450ED1C5F101030DF120084FF0000ABC
:100A5C0001930DF1300BD14512D1601BF4E66B7094
:100A6C00E8E710F8013B190608D50CEB040EB64567
:100A7C0003F07F033FF6E6AE04F8013B0132DFE7FB
:100A8C001FB198F90020002A17DB029BD3B11AF88A
:100A9C000B2004F8012B0022019B18191044B042C2
:100AAC003FF6D0AE98F8000004F8010B00990392C1
:100ABC00204607F050FA039A14440AF1010A08F18F
:100ACC000108C8E798F8002055F822300093029BE3
:100ADC0045F822300098FFF7CFFB421CDCE76FF0A3
:100AEC000D00B1E62DE9F04F97B000AFC7E90A321F
:100AFC0005468A4649B903784678807800EB83002E
:100B0C002844564524D8A0EB050AD7F8803095F830
:100B1C000280D7F8804003F00103FB61EB787B6225
:100B2C00B8F1000F0CBF002404F001041BB1D7F87E
:100B3C0080309A0715D4A4B9FB6A1BB1BA6A514626
:100B4C0028469847564630465C37BD46BDE8F08F80
:100B5C00441C2046FFF790FB013020440AF1010AA7
:100B6C00CFE7D7F88030C3F3C0033B622B78BB616F
:100B7C009B003B616B687B61BB6905EB830BFB6A7C
:100B8C00002B77D15646D844BCB11C461BF8013B10
:100B9C0055F82300FFF770FBD7F88430013043B1D0
:100BAC00D7F88830A34282BFD7F8843023F81400DA
:100BBC000134C3450644E9D1D846D7F8803013F048
:100BCC00050F0CBF4FF0020B4FF0010B4FF000095B
:100BDC007B6A9945B7D298F8013055F823A0AE4BF3
:100BEC009A4508F10208C0F04B81AC4B3A6A9A4521
:100BFC002CBF002301230AB318F8021C7869FB628E
:100C0C0005F008FAFB6AC8B1EA468AB06A46A44BFA
:100C1C0005937B69CDE906314FF40073ADF82030B4
:100C2C00A04B42F8103FA04800234FF4125101F0A2
:100C3C0049F8023ED54609F10109C9E723B1FB6920
:100C4C0033B9A6EB0B06F6E7D7F880309B07F2D545
:100C5C005046FFF711FBD7F884304BB1D7F88830EA
:100C6C009C423FBFD7F88420431C22F81430013437
:100C7C000644E0E7002C69D1B8F1000F6CD0D7F82E
:100C8C00803058076BD5C14607F14800424659469B
:100C9C0007F061F90BEB0803FB6000220233796A61
:100CAC008A425ED3D7F8802095F801B0F969920793
:100CBC0004EB0B03DBB254BF4FEA590200220029AC
:100CCC0040F0A680D7F8801011F0040F14BF4946ED
:100CDC0000216B70A970EA703969BA6AFB6A284600
:100CEC009847061EFFF62FAFBB692B707B6AEB7023
:100CFC004946BA6AFB6A85F801B085F8028007F1AB
:100D0C0048009847B0F10009C0F2B6803B697A6A96
:100D1C00786A03EB4201FB68BA6A414403EB40007A
:100D2C00AAEB0101FB6A98470028C0F2A780B144E6
:100D3C0009EB00064FF0000B07F1380AA34569D305
:100D4C000021BA6AFB6A08469847FCE6444607F15C
:100D5C0038004FF0000999E74446C1469AE7A1468E
:100D6C0098E713F8016CDFF830C155F8260013F83A
:100D7C00021C6045C0F08A80DFF820C16045386AEB
:100D8C002CBF4FF0000B4FF0010B38B17869C7E95D
:100D9C00013205F03FF9D7E90132F0B9BBF1000F90
:100DAC001ED0F96949B1611C04F1280007F1300427
:100DBC00041904F8206CCCB20FE0D7F88010490766
:100DCC000BD509F1280007F1300C09F1010100EBFA
:100DDC000C0909F8106C5FFA81F9013202335EE7F5
:100DEC00D7F880008007DED409F1280C07F1300E0B
:100DFC00F44409F101000CF8101C07F1580151FAE8
:100E0C0080F009F102095FFA89F900F8106CE4E747
:100E1C0000215EE71BF80A3087F8373055F823902D
:100E2C00D7F884302BB3D7F888309B4521D2D7F82C
:100E3C00843033F81B80BA6AFB6A012107F1370052
:100E4C00984700281ADB0644B8F1000F06D1484633
:100E5C00FFF712FA00F101081FFA88F8BA6AFB6A68
:100E6C00414648469847002808DB06440BF1010B25
:100E7C0064E74FF00008DEE74E4664E6064662E69D
:100E8C003B6A002B3FF4E0AE0023B5E6386A00283D
:100E9C00A6D04FF0000B79E7B88010089498100892
:100EAC00658D100804000001CC871008014B1860F8
:100EBC00704700BF1C00003080B505460E46174633
:100ECC00984604F043F9034601F0BAFDDFF8189098
:100EDC00044649F80030424630463946A84754F893
:100EEC00090001F049FD00BF08000000054B5A68DD
:100EFC0022F002025A605A6822F001025A60002065
:100F0C00704700BF0010005C08B541680548836855
:100F1C001B680C311BB1984700EAE07008BD6FF0FC
:100F2C005700F9E780811008192810B502D9002460
:100F3C00204610BD044B53F82040204606F0AFFD70
:100F4C000028F5D1F3E700BF388910082DE9F041EE
:100F5C004068DFF8D0C04568DFF8CCE001248C4055
:100F6C0002F030064FF48017DCF8A00070450CD06E
:100F7C00781CF9D0013FF7D187F31188BFF36F8F3D
:100F8C004FF00408404602DFEEE76F68C2F38010B2
:100F9C0027EA0407884038436860D5F8088004FACB
:100FAC0001F000EB400EC2F3C11C00FB0CFC28EA64
:100FBC000E084CEA080CC5F808C0D5F80CC0C2F3F2
:100FCC00412242432CEA0E0C42EA0C02202E6FEA1C
:100FDC000E07EA600CD1072917D800FA01F22C6A27
:100FEC008A40C2EB021124EA01015A430A432A62E5
:100FFC002B6836091F4046430A4B3E434FF4807220
:10100C002E601A620020BDE8F081240A64436A6AEB
:10101C006443C4EB041122EA0102634313436B6281
:10102C00E6E700BF0064025800010080194B1A4922
:10103C00D3F8D82042F4804282B0C3F8D820D3F839
:10104C00D82002F480420192019AD1F800246FF367
:10105C00132242F40142C1F80024D1F8002442F0DA
:10106C000102C1F80024D3F8E02042F00072C3F86A
:10107C00E020D3F8E02002F000720092009AD3F83E
:10108C00A0301B0703D4054A1369002BFCDA02B00D
:10109C00704700BF004402580040024000640258F0
:1010AC0010B530B90B480C4905F04EFA6FF015002D
:1010BC0010BD836833B90748084905F045FA6FF04D
:1010CC000400F5E71B6813B1BDE81040184718463B
:1010DC00EEE700BFDC871008E48E1008F58E1008D0
:1010EC0070B508B101B132B90B480C4905F02CFAB6
:1010FC006FF0150070BD84680CB1256935B90648D0
:10110C00074905F021FA6FF00400F3E741F8040BEE
:10111C002369BDE870401847DC871008138F10084E
:10112C00F58E100870B51346044630B910481149B5
:10113C0005F00AFA6FF0150070BD006830B90C4864
:10114C000D4905F001FA6FF00100F5E782680AB16C
:10115C00956835B90648094905F0F6F96FF00400B1
:10116C00EAE70A46AC466168BDE87040604700BFDC
:10117C00DC8710083F8F1008508F1008F58E100870
:10118C0030B585B00C460E490291D0F8CC1105460D
:10119C00CDE9003100F1F0014FF0FF33204602F0B1
:1011AC00AFFE50B9012384F86C30D5F8C83123B1A7
:1011BC00204605B0BDE83040184705B030BD00BF33
:1011CC00676610082DE9F04F05694668814605F5FC
:1011DC005B77012389B0BFF35B8F57E8002F002AA0
:1011EC0003D147E800310029F7D1BFF35B8F0CBF67
:1011FC001A46002240F0B380B368B16A05F5F47862
:10120C001C1F104605F07DFA844271D8013A00F09B
:10121C00A080B2FA82F24FF00044D44072680732D8
:10122C0022F00302C5F83422B16A204605F069FAAF
:10123C00C5F83802B36A6343033323F0030302EBAC
:10124C004302230103EB4403093323F0030303EBB1
:10125C00C403C5F82C221A440832C5F82822736836
:10126C00C5F824323F4BC5F83042C5E9AB63404664
:10127C00316800F031FA0446002837D1D9F804A0BF
:10128C00D9F80030D9F810B00593DAE907340BF52A
:10129C003279012BCDE90600484608BF103C06F018
:1012AC0091FCDAF82410304805AB009323464FF438
:1012BC00886404FB01014FF48062484603F008FC8B
:1012CC002A490BF52E7006F036FCDAE90501836825
:1012DC005C684CB1264A5B46A047044630B9DAE953
:1012EC00050183681B692BB96FF05704002129E0B5
:1012FC00013286E70122984704460028F6D11D4B9F
:10130C00C5F8C8311C4BC5F8CC311C4B0393D5F830
:10131C0038320293D5F83432CDE900832846B26ACC
:10132C00D5F8681305F50F7300F09EF904460028F4
:10133C00DCD105F1F00002F089FE0028C5F870033D
:10134C000ADB0221384605F0C0F9204609B0BDE899
:10135C00F08F6FF00B04C9E76FF01504C6E76FF060
:10136C007704F2E7C166100840120030A766100837
:10137C009B66100809141008ED6710088D131008EF
:10138C002DE9F04190460C4699B30B788BB3D0F80D
:10139C00BC50A5F5DE7614354FF0FF324FF0FF331D
:1013AC00284603F03BF92146304605F058F907462C
:1013BC00A0B93046104905F052F9064620B9284626
:1013CC00BDE8F04105F07FB91F222146483006F0F8
:1013DC00EAFD86F86770C6F86880F0E7284605F0E5
:1013EC0072F94346224639463046BDE8F041FFF7D4
:1013FC00C7BEBDE8F08100BF1997100813B50446AD
:10140C0040B100230122CDE90032074BD0E909128B
:10141C0002F04AFD236F1B6823B1606F02B0BDE878
:10142C001040184702B010BD1997100813B50446A8
:10143C0008462169BFF35B8FD1F86C13BFF35B8F48
:10144C00022910D193B1A0B10121CDE9003113468D
:10145C00D0E9091202F028FD074B984208BF6FF043
:10146C000B0002B010BD6FF00F00FAE76FF04C00EC
:10147C00F7E76FF00100F4E72EF8FFFF2DE9F843D2
:10148C00894606691546BFF35B8FD6F86C33BFF3FC
:10149C005B8F022B66D11368EBB11B78DBB1D6F8EE
:1014AC006873002F3FD106F5E8784FF0FF324FF00C
:1014BC00FF33404603F0B2F82968304605F0CFF808
:1014CC00044660B92949304605F0C9F8044638B9D4
:1014DC00404605F0F8F86FF01500BDE8F8830127D9
:1014EC0005F108032367AB696367002384F86C304C
:1014FC00646467B1404605F0E6F8A36E2A6821469D
:10150C003046FFF73DFEC9F800400020E5E72968AA
:10151C001F2204F1480006F046FD84F8677040462F
:10152C0005F0D1F8EFE71149304605F098F804467C
:10153C000028D0D005F108030367AB694367002787
:10154C0080F86C70406429681F22483006F02BFD2F
:10155C0084F8677022460121304600F067F80028B5
:10156C00D1D0B8E76FF00F00B7E700BF199710089C
:10157C0010B50C460069BFF35B8FD0F86C33BFF32A
:10158C005B8F022B0FD189B10A4900F52E7006F042
:10159C00FEFA204606F032F878220021204606F0AA
:1015AC00E8FC002010BD6FF00F00FBE76FF00100AE
:1015BC00F8E700BFBC0C00302DE9F04FD0F8BCA010
:1015CC0085B005460E469046AAF5BA74002721460A
:1015DC003046FEF747FEE0B9134B0293DAF81030B1
:1015EC00A4F1480BCDE9008332464FF0FF33294676
:1015FC005846AAF5DE7902F083FC88B9782303FB00
:10160C000793012283F86C20DAF80C300BB15846A2
:10161C0098477B1C022B04F178044FF00107D6D1BC
:10162C0005B0BDE8F08F00BF1B6810081FB514464D
:10163C0090B18AB1012912D10A4B0293D0F8CC3166
:10164C0001934FF0FF3300F1F00100934832204634
:10165C0002F056FC04B010BD6FF01500FAE7002044
:10166C00F8E700BF1B6810082DE9F04387B00E4661
:10167C001446DDE90E81DDE910251F4630B329B390
:10168C00DFF850C000F1F009002D08BF65469EB987
:10169C00CDE9034400F5DE742046059606F09FF96B
:1016AC0003ABCDE900432A463B464146484602F08F
:1016BC003FFD07B0BDE8F08300220E9241462A465A
:1016CC00484607B0BDE8F04306F090B96FF015003E
:1016DC00EFE700BFC5151008F0B52C4A04460E46BE
:1016EC0092E8030087B004AB83E80300002C49D0D8
:1016FC00184602F0FFFA0546B0B9E16CA163CDE9DA
:10170C0001004FF0FF33009304F15407236D04F1F3
:10171C003802384605F031FDA06C05F0A7F8C4F886
:10172C00BC0020B96FF00B05284607B0F0BDA06CCB
:10173C0005F09CF8C4F8C0000028F3D0236CC4F862
:10174C0090300423C4F89430C4F8AC300223D4F89D
:10175C00BC10E3620E4BB4F84820C4F88C10236222
:10176C00616CC4F8A07004F18C03A4F89820C4F840
:10177C00B870C4F8A810A4F8B020C4F8A400A661EE
:10178C002363D1E76FF01505CEE700BF4C88100836
:10179C00FC8910082DE9F047DFF854800446074611
:1017AC004FF0010994FAA4F5B5FA85F509FA05F399
:1017BC002E0108EB05156FEA030A24EA03042B7BC0
:1017CC0063B158F806301B696BB946440422736840
:1017DC002846196807EA0A0705F0BAF8002CE1D187
:1017EC003846BDE8F087284698470028F6D1ECE744
:1017FC003C88100810B50F490F4888B0002206F03D
:10180C005BFB00220023CDE9062300240E23CDE947
:10181C000334CDE90144094B094900944FF440725B
:10182C00084803F017FA0849064806F0D7F920468D
:10183C0008B010BD5918100880090030791B100829
:10184C0080160030F80400307A8F1008014802F03E
:10185C00A7BF00BF6C0100302DE9F047804620483F
:10186C000F4605F04DF80646002832D000252846D4
:10187C00BDE8F087237B83B12368DB680BB120467E
:10188C009847636883F8069023681B69CBB9636833
:10189C0004221968204605F05BF8013610345445D3
:1018AC00E8D3B8F1000FE2D0002DDFD02846FFF7C7
:1018BC0071FF0546002FF7D00021642006F04FFA87
:1018CC00F2E7204698470028E1D009FA06F31D43B9
:1018DC00E3E7044CDFF810A005464FF00109DEE702
:1018EC00EC0C00303C8810084C881008014B53F865
:1018FC00200070473C8A100808B5034608462BB1F7
:10190C00044A136000F03EFC002008BD6FF0150087
:10191C00FBE700BF4C00003010B5044C237813B922
:10192C00034802F03DFF0123237010BD2912003043
:10193C006C01003010B504460B4804F0E1FF5CB1BB
:10194C00BFF35B8F094B53E8001F013943E80012CA
:10195C00002AF8D1BFF35B8F054803F01BFF054845
:10196C00BDE8104002F01CBFE40C0030E80C003065
:10197C00800900306C010030064BBFF35B8F0022F6
:10198C0053E8000F43E800210029F9D1BFF35B8F26
:10199C00704700BFE40C003070B5FFF7EDFF084C4A
:1019AC00084E0546B44200D370BD63685B792BB119
:1019BC0023685B6813B12946204698471034F1E739
:1019CC003C8810084C88100810B5044C044920467B
:1019DC0004F04EFC034B1C6010BD00BFFC0000303B
:1019EC00288A1008DC0C00300D4A0E48002310B574
:1019FC0013700D4A13600D4A4FF47A711360FFF7A0
:101A0C007BFFFFF7E1FF0A4B0A4918468B4200D3D4
:101A1C0010BD1A1A5C681211013222711033F5E7ED
:101A2C002A12003027691008E40C0030E80C003052
:101A3C003C8810084C8810080146002201480023FD
:101A4C0004F037BCFC000030014804F0CEBC00BFF1
:101A5C00FC000030024B0146186804F021BD00BFA9
:101A6C00DC0C0030014804F056BD00BFFC00003017
:101A7C0070B5274B1B78002B47D0FFF7E5FF0446CA
:101A8C0000283FD1234B244D1B68002B12DD06F0A0
:101A9C0011FA0A220023FEF7CBFBD5E90032C01A5B
:101AAC0040F2E93361EB0201984271F1000101D37C
:101ABC00FFF772FFD5E9003213F57A7342F1000299
:101ACC00C5E900320CB3BDE87040FFF7CBBF6B68C3
:101ADC005B7923B12B6821461B6828469847103543
:101AEC00B542F4D32046FFF7B5FFBFF35B8F0B4B2A
:101AFC0053E8001F013943E80012002AF8D1BFF364
:101B0C005B8FBFE7064D074EEAE7002070BD00BFB4
:101B1C0029120030E40C003078090030E80C003059
:101B2C003C8810084C88100870B50D4D297861B9A7
:101B3C000120FFF791FE0B4C0B4EB44206D3FFF77E
:101B4C0097FF0028FBD101232B7070BD63685B7974
:101B5C001BB1236820469B6898471034EDE700BF03
:101B6C002A1200303C8810084C88100800212DE9FE
:101B7C00F8430846FFF770FE044648B34FF4FA7872
:101B8C004FF0000900F05CFF1A4B1B4A1B58136006
:101B9C0033B11A4B1B68092B02DD194802F000FE09
:101BAC00184F002544B12046FFF7F4FD044618B940
:101BBC004FF0FF384FF0FF39FFF75AFF064628B9B0
:101BCC00B5B90F4842464B4602F01EFE3546E9E7D2
:101BDC004FF0FF384FF0FF39D4E72B689B691BB1EE
:101BEC0000221146284698471035BD42F5D3E8E748
:101BFC00054DFAE708000000E00C0030E80C00305E
:101C0C006C0100304C8810083C88100813B518483B
:101C1C0004F076FE174B1B7873B1EFF3118410238D
:101C2C0083F31288BFF36F8FFFF722FF84F31188C1
:101C3C00BFF36F8F02B010BD0F4B1B68002BF9D098
:101C4C0050B900220023CDE900230C4842F2107257
:101C5C00002303F067FDEDE70928EBD1074803F0FB
:101C6C0099FD074802B0BDE8104002F099BD00BFD5
:101C7C00E80C00302A120030E00C003080090030F3
:101C8C006C01003010B5064B1B6804469847214682
:101C9C00A060044804F08AFBBDE81040FFF7B6BF13
:101CAC004C000030FC000030044A054B9B1AB1EB91
:101CBC00D30F34BF52F8310000207047CC87100886
:101CCC003C8810082DE9F04F8FB004AFC1F34A26C1
:101CDC00B8600D4690467B600C0D002E61D04FF025
:101CEC0000090A234FF0040B07F1140AFE60C7E940
:101CFC000799C7F824900093CDF808B0CDF804A04C
:101D0C0007F11C03F9684A464046FEF7EBFEB0F5B6
:101D1C00006F03461CD36C468AB0D8F8041004AB91
:101D2C002448C3E9050140F2FF71D9611A464FF40A
:101D3C0000711984204B42F8103F20484B464FF459
:101D4C001251FFF7BFFFA5462C37BD46BDE8F08FFB
:101D5C00C0F30A0604F11700184420F007008008AD
:101D6C003B60FFF769FE66F35325044680B13B6880
:101D7C00134A00F11001C7E90839F961CDE901AB4B
:101D8C000A230093F96807F11C034046FEF7AAFEEC
:101D9C0066F353257B68B9682A46204604F0F8FDA3
:101DAC00D2E704F1170020F007008008FFF744FE8B
:101DBC000446EDE78F8F100804000001E48710083B
:101DCC006F6910082DE9F04F87B0DDE9127ADDE973
:101DDC00106B0546884614469946BFB11021CDF8C4
:101DEC0000A03B465A460020CDF814A0FEF7C6FCD6
:101DFC00B0F5006F01460BD3194A1A4840F2FF7335
:101E0C00022107B0BDE8F04F04F01BBE394638463E
:101E1C0004F0070305F00704E40044EA831444EAE1
:101E2C00402444EA065406F11700084420F0070049
:101E3C0080080391FFF700FE054640B13FB10399BE
:101E4C00CDF800A03B465A461030FEF797FC4B46A7
:101E5C0022464146284607B0BDE8F04F04F098BD35
:101E6C00CE8F1008E4871008406820B1034BC01ACD
:101E7C0040F3CF0070474FF0FF307047CC8710080D
:101E8C000EB403B503AB014653F8042B044801937D
:101E9C0000F05CFF02B05DF804EB03B0704700BFCC
:101EAC00996A1008CA0605D48B064CBF024903492F
:101EBC00FFF7E6BF704700BF189710081797100878
:101ECC002DE9F04F89B09846159B0693DDE916A3D2
:101EDC009DF85090189F059204460D460493B9F155
:101EEC00000F00F0B08007F48073079304F02EFD10
:101EFC0007F0020B0246002874D078492046FFF701
:101F0C00BFFF0646BBF1000F08D017F0440F6BD192
:101F1C0073492A462046FFF7B3FF064407F0010336
:101F2C0053B1704B704953F82920704B2046002A4E
:101F3C0008BF1A46FFF7A4FF07F48073002B07F0C5
:101F4C00080318BF4FF00008002B79D0684B694983
:101F5C0053F829202046FFF793FF0546059B2BB12C
:101F6C0065491A462046FFF78BFF0544B8F1000F70
:101F7C0005D0624942462046FFF782FF054460487F
:101F8C003544069B1BB15F49224604F012F8049BB2
:101F9C00002B00F08E80DDF810803946B8F1100F60
:101FAC00204628BF4FF01008FFF77CFF0026B542F3
:101FBC0050DC002633461AF8032053492046FFF71D
:101FCC005FFF0136102E4BD0710703D14F492046CD
:101FDC00FFF756FF46453346EDD34D492046FFF7F4
:101FEC004FFFEEE706468DE74A4B1868002894D061
:101FFC00494B4FF47A7B1B68B5FBF3F54FF46163E7
:10200C00B5FBF0F100FB11550BFB05F54FF03C0C4B
:10201C00B1FBF3F203FB1211B5FBF0FEB1FBFCF3C9
:10202C0000FB1E550CFB13110BFB05F50091B5FBCA
:10203C00F0F53A49CDE901E52046FFF721FF6CE7C1
:10204C0007F008058AE7B8F1010F0CBF2C4834489B
:10205C004D4696E72D492046FFF712FF0136A6E7BD
:10206C00304920460026FFF70BFF33461AF80320B1
:10207C002D49A2F120035F2B28BF2E222046FFF70B
:10208C00FFFE0136102E0DD0720703D11F492046DA
:10209C00FFF7F6FEB0453346E8D81C492046FFF75B
:1020AC00EFFEEEE7049BB3EB0803C24404937FF40A
:1020BC0072AFB9F1000F0AD0FB0704D50B4A0A49DD
:1020CC002046FFF7DDFE39462046FFF7EBFE2046A3
:1020DC0009B0BDE8F04F04F0CCBC00BF0B90100869
:1020EC000F9010084C8A10083490100806901008B5
:1020FC00608A1008379010083D9010084190100825
:10210C00996A1008592D100846901008E39610088B
:10211C00E1961008F40C0030F00C00301890100808
:10212C00CF6A10084C9010084E90100873B542F20C
:10213C000F738B4228BF0B4605680F4A04460521D6
:10214C00684603F095FB63680C495B6806460B22F6
:10215C00284604F080FC63683246694628465B6872
:10216C0004F079FC636806495B681B22284604F07E
:10217C0072FC02B070BD00BF56911008799810081F
:10218C005D981008074A00210123904206D8064AA0
:10219C0001B901231360054B1860704740085B00C0
:1021AC000121F2E740420F00F00C0030F40C00303B
:1021BC00F8B5074F0D4604464618B44201D12846DF
:1021CC00F8BD14F8011BBB6801485B689847F4E73D
:1021DC0008831008014B036002207047A88A10087E
:1021EC0008B50348034A0021121A04F0E7FC08BDA5
:1021FC0080010030301200300748084A084908B501
:10220C00121A04F0DDFC0748074A0849BDE80840EB
:10221C00121A04F0D5BC00BF000000307C01003065
:10222C0094981008000000300000003094981008BA
:10223C002DE9F047064600AF0C46002936D0E9469A
:10224C008AB0D1E90012A3686D462148E8464FF0E8
:10225C00050ACDE90501CDE9072348F810AF1D4863
:10226C00424600234FF42151FFF72CFDCD46D4E913
:10227C0003126369AD461848C5F810A0C5E90501FD
:10228C00C5E907231348002342464FF42151FFF7B9
:10229C0019FDCD46E369114A0E48012104F0D1FB2A
:1022AC00A3690F4A0B48012104F0CBFB012E07D187
:1022BC00EFF305830B4A0748103B314604F0C1FB92
:1022CC002146304602F01CF8BD46BDE8F08700BF41
:1022DC00AB9010080C881008DA90100809911008BF
:1022EC00189110084691100830BFFFF7FDBF00BFD2
:1022FC002DE9F0410B4EDFF8308006EB0807CC1BC4
:10230C00054632460949204605F025FEA0194246ED
:10231C000021083C05F02DFE2C6707F10800BDE8F4
:10232C00F08100BF00000000040000004C88100881
:10233C0010B5204C2049214804F04FFCA36A9901A8
:10234C0036D51E481E4904F048FC1E20A36ADA014B
:10235C0004D51A481B4904F040FC1F20154CA36AF5
:10236C001B0304D51548184904F037FC2120A36A37
:10237C00590304D51148154904F02FFC22200D4CAB
:10238C00A36A9A0304D50D48114904F026FC2320B6
:10239C00A36ADB0304D509480E4904F01EFC242073
:1023AC00044A936A6FEA03436FEA1343936210BDC6
:1023BC001D20CBE700ED00E0599110080C881008A7
:1023CC0071911008849110089E911008BC9110080E
:1023DC00E1911008FB91100870B506460D46284C8B
:1023EC002849294804F0F9FBA36AD9043CD52648AE
:1023FC00264904F0F2FB1720A36A1A0504D52248DB
:10240C00234904F0EAFB18201D4CA36A9B0512D546
:10241C001D48204904F0E1FBA36BA26A100409D506
:10242C001D4A1948012104F00CFB1EB1A36A23F4C8
:10243C000043A3621920124CA36A590504D5124813
:10244C00164904F0CAFB1A20A36ADA050ED50E4809
:10245C00134904F0C2FB1B20094A936A43F47F43DF
:10246C00936200232B7070BD1620C5E7A36A9B04F2
:10247C00F2D505480B4904F0B0FB1C20ECE700BF7B
:10248C0000ED00E0269210080C8810083C92100811
:10249C004D92100860921008799210088E921008D4
:1024AC00A9921008C19210082DE9F843804689467C
:1024BC001746354D3549364804F08FFBAB6ADE06BE
:1024CC0027D53449324804F088FB1124AB6A1D0728
:1024DC0004D531492E4804F080FB12242A4DAB6AF6
:1024EC00980718D52D492A4804F077FB6E6BAB6A18
:1024FC00190646D52A4A26483346012104F0A1FA8A
:10250C00B9F1000F03D0AB6A23F08003AB62132444
:10251C0003E01024DAE76FF015061B4DAB6ADA07FF
:10252C0004D520491A4804F058FB1424AB6A9B06C6
:10253C0004D51D49164804F050FB1524124B9A6A19
:10254C00D50602D49A6A90070AD55B68190507D597
:10255C004146304600F0C6F910B180F309880224D8
:10256C00094B9A6A920642BF5A6A22F400525A6286
:10257C009A6A42F0FF029A6200233B702046BDE843
:10258C00F8836FF01506C2E700ED00E0F09210083A
:10259C000C881008069310084D92100839931008F7
:1025AC005193100867931008C19210082DE9F0415F
:1025BC00684B8AB0D3F8048000AF0446C8F3080611
:1025CC00002585F31188BFF36F8F02F07F43B3F1C1
:1025DC007F4F07D102F00C03082B12D15E495F48E4
:1025EC0004F0FBFA00252C460023FB71F31E092B8B
:1025FC0000F28F80DFE803F00A8588818D8D8D8D48
:10260C008D8B10074CBF0C460125EDE75449534800
:10261C00504E04F0E2FA0023FB71F36A9A0705D5D9
:10262C0050494E4804F0D9FA00232DE0F36A002BF0
:10263C0001DA4D49F5E7F36A5B00F5D54B4947489C
:10264C0004F0CBFA7369A26943F480737361BFF32E
:10265C004F8FBFF36F8F32F8023C726922F4807295
:10266C007261BFF34F8FBFF36F8F03F47F42B2F5EC
:10267C005F4F2BD1DBB2022B28D123683C4A374861
:10268C00012104F0DEF92368FA79DAB907F10806BA
:10269C0004F1200C20686168324603C2083464459A
:1026AC001646F7D17A6A002D50D0C2F3080121B931
:1026BC006FEA52226FEA42227A6207F10801184649
:1026CC00FFF7B6FD2837BD46BDE8F081214B9A6A6D
:1026DC00D2B22AB1FA1D01212046FFF7E5FE0EE029
:1026EC009A6A12F47F4F04D0F91D0120FFF774FE93
:1026FC0005E09B6AB3F5803F96D3FFF719FE0346BE
:10270C00C2E7FA1D0021E7E7F91D0020EEE71949A1
:10271C0087E7194A194B18F4F87FE8468AB008BFC6
:10272C0013466A461649CDE905134FF40073ADF80C
:10273C002030103E134B079642F8103F07480023F9
:10274C004FF41151FFF7BEFAC5466DE76FF308025F
:10275C00B2E700BF00ED00E0B49310080C8810083D
:10276C00DF931008F693100817941008259410089E
:10277C004494100860941008869310089B931008DA
:10278C008494100804000001044B5A6942F01002B2
:10279C005A615A6922F008025A61704700ED00E054
:1027AC00EFF30880EFF3098101B57246FFF7FEFEE7
:1027BC0001BD00BF0A4880F30888102080F31188FF
:1027CC0008484FF40461401880F30988EFF3148033
:1027DC000221084380F31488BFF36F8F00F04AF88E
:1027EC00802B0030C01900301EF0040F0CBFEFF32B
:1027FC000880EFF30980816911F8021C0229FFD0CF
:10280C0001B5724604F0DEF901BD00BF00B200282C
:10281C0007DB044A4109012300F01F00834042F802
:10282C002130704700E100E000B20028A8BF00F1A1
:10283C00604001F10101B8BF064B4FEA0111ACBF7A
:10284C0000F5614000F00F00C9B2B4BF195480F814
:10285C000013704714ED00E0044B054A23F07F038E
:10286C009360BFF34F8FBFF36F8F7047000010085A
:10287C0000ED00E008B5FFF7EFFF0B4AD2F8883007
:10288C0023F47003C2F88830EFF3148323F00403AD
:10289C0083F31488BFF36F8FFFF7A2FCFFF7ACFC38
:1028AC0000F0B0F801F052FE00ED00E042F8203CE0
:1028BC00009B42F81C3C0A49019B42F8183C029BC5
:1028CC0042F8143C21F001014FF0807342F8043CB3
:1028DC0042F8081C0023203A02654367704700BF8A
:1028EC00C50E1008094A0346906870B113F1160F13
:1028FC00006E05D0A0F14002934205D3834203D26F
:10290C00814228BF0020704700207047F40D003032
:10291C0008B515460B4A0C4B9060026F1A600E46B8
:10292C0000F0A0F82C4686F309880020034B98474A
:10293C002046002100220023014C2047FD6B10088B
:10294C00C50E1008F40D00301C0D0030014B102288
:10295C001A61704700ED00E0054B5A699B689A427A
:10296C001FBF044A536843F080535360704700BF45
:10297C00F40D003000ED00E0084B9B6883420BD156
:10298C00EFF3058343B1064B5A6842F080525A600C
:10299C005A6A22F400425A6202F0DEBBF40D003097
:1029AC0000ED00E014498A684FF030001044EFF35A
:1029BC00098C80E8F01F102080F31288BFF36F8F12
:1029CC000E4F4FF000664A698A603E60106F0C4CE7
:1029DC002060506F0023536780F3118804B51046B4
:1029EC0000F040F8BDE8044002F1300090E8F01F20
:1029FC008CF3098870470000F40D003004ED00E002
:102A0C001C0D0030044800231021C21801337F2B09
:102A1C0082F80013F9D1704700E100E008B5EFF33C
:102A2C000583064A103B02EBC30152F83300496898
:102A3C008847BDE80840FFF78FBF00BF5C831008D4
:102A4C0001480068704700001C0D0030024B034A1F
:102A5C000348012100F08AB8000002300000003069
:102A6C00C88A1008036E054A403B1360044B402192
:102A7C00C2E901131046012100F082B8200D00308C
:102A8C0000000B1508B503461048D0F89020C2F38F
:102A9C000722013A934207D90D480E4A012103F04F
:102AAC00D0FF6FF0150008BDC0F898300A6822F00E
:102ABC001F021A4342F01002C0F89C208A6842F0B0
:102ACC000102C0F8A0201846EDE700BF00ED00E0C1
:102ADC00048810089B941008F0B50E4685B01F466C
:102AEC0004460025B5420DDA606810B397B1431E59
:102AFC0018420AD0104A11482B46012103F0A1FFBD
:102B0C006FF01502104605B0F0BD1F28F2D92168F0
:102B1C000B42EFD12368019304F07EF8A36801A95E
:102B2C000343D0B20393FFF7ADFF10F1160FE7D0BC
:102B3C00421C01350C34D5E7C194100804881008E8
:102B4C00044B0522C3F89420BFF34F8FBFF36F8F54
:102B5C00704700BF00ED00E0BFF35F8F024B002217
:102B6C00C3F89420704700BF00ED00E010B5034C93
:102B7C0001232278FFF7B0FF207010BD2C1200301B
:102B8C0008B50B4A00231278FFF7A6FF10F1160FB9
:102B9C0007D0084A0021D2F89030C3F3072398429B
:102BAC0000DB08BDC2F89800C2F8A0100130F2E7B3
:102BBC002C12003000ED00E02DE9F0435D485E4939
:102BCC00D0F890300C68C3F307239C4285B000F218
:102BDC00AE80FFF7C1FF49680022944201F10C015D
:102BEC001AD1564F564D3C706846FFF7F3FA554CC8
:102BFC00554E81464FF00008C14520D13B784D49D8
:102C0C000020D1F89020C2F307229342C0F28980B1
:102C1C00FFF796FF002050E0C0F8982051F80C3CCC
:102C2C0023F01F03134343F01003C0F89C3051F8FA
:102C3C00043C43F00103C0F8A0300132CDE700980A
:102C4C0000EB08114FEA081CCB682340B3F5000FCA
:102C5C0049D00BD8B3F5001F32D0B3F5800F37D065
:102C6C00B3F5801F14D008F10108C5E7B3F1007F5C
:102C7C0042D0B3F1805F48D0B3F1807FF3D150F8EC
:102C8C000C3088684A6803F0C7FF40F0887009E090
:102C9C0050F80C3088684A6803F0BEFF40F088504A
:102CAC0040F43020039001A93878CDE90123FFF7D7
:102CBC00E9FE002831DA6FF0150005B0BDE8F083AD
:102CCC0050F80C3088684A6803F0A6FF3043E9E7F7
:102CDC0050F80C3088684A6803F09EFF40F0C060E2
:102CEC0040F40030DEE750F80C3088684A6803F096
:102CFC0093FF40F08270D5E750F80C3088684A6832
:102D0C0003F08AFF40F48020CCE750F80C30886840
:102D1C004A6803F081FF2843C4E73B7801333B70DA
:102D2C00A1E7C1F89830C1F8A000013369E74FF072
:102D3C00FF30C2E700ED00E0A08910082C12003033
:102D4C00000002110000F0FF00000811F0B587B080
:102D5C0007460E4614460021102268461D4605F013
:102D6C0008F902238DF802302A46054B01932146BF
:102D7C006846CDE9047602F0A5FD07B0F0BD00BFB2
:102D8C00456C100808B5024B1B689847002008BD1D
:102D9C002C0D0030034B044A1860937843F0020367
:102DAC00937070472C0D00305800003008B5064960
:102DBC00064821F00701C1F1405202F5003203F040
:102DCC00B7F8002008BD00BF4B400030300D00307C
:102DDC0010B50A4A0A494FF48013D2F8A40088426D
:102DEC000BD0581CF9D0013BF7D183F31188BFF3FA
:102DFC006F8F0424204602DFEFE710BD00640258F9
:102E0C000001008007B5084A92E80300CDE90001F3
:102E1C0006488268126822B16946904703B05DF893
:102E2C0004FB6FF05700F9E75488100880811008F4
:102E3C005F2838B5054607D9114A034601211148C8
:102E4C0003F0FFFD002038BD00F01F0301249C405F
:102E5C00FFF7BEFF1F2D4FF0B0430AD8D3F8C83090
:102E6C009C43094B4FF480720CBF012000205A6226
:102E7C00E9E73F2D94BFD3F8D830D3F8E830EFE72B
:102E8C00E7941008D48710080064025838B5012163
:102E9C0000F01F055F28044601FA05F507D90E4A14
:102EAC0003460E4803F0CDFD6FF0150038BDFFF75B
:102EBC008FFF1F2C4FF0B04307D8C3F8C850084BF6
:102ECC004FF480725A620020F0E73F2C94BFC3F895
:102EDC00D850C3F8E850F2E7E7941008D4871008EC
:102EEC0000640258044B03EB4000002301338B4277
:102EFC0020F8022BFADB7047B80000302DE9F041C6
:102F0C00104F054600264FF001086B78F4B2A3422F
:102F1C0001D8BDE8F0812B781C442046FFF788FFD0
:102F2C0068B12046FFF7B2FF57F834303BB107EBDE
:102F3C00C40204F01F04516808FA04F098470136E3
:102F4C00E3E700BF3C0D003010B50A4A0A494FF4C4
:102F5C008013D2F8A40088420BD0581CF9D0013B46
:102F6C00F7D183F31188BFF36F8F0424204602DF5F
:102F7C00EFE710BD0064025800010080034680B1E9
:102F8C00B0FA80F2C2F11F02D2B2074931F9120035
:102F9C004FF0B042D2F8C0100B43C2F8C030FFF76C
:102FAC0035BCFF22F1E700BFB800003038B50D4644
:102FBC000446FFF7C9FF032D0DD8DFE805F0021119
:102FCC0016204FF0B0431A6822EA04021A605A68BD
:102FDC0022EA04025A600E4B4FF480725A6238BDDA
:102FEC004FF0B0431A682243F0E74FF0B0435A68F1
:102FFC0022435A601A6822EA04021A60EBE74FF087
:10300C00B0431A6822431A605A6814435C60E2E7C2
:10301C000064025830B5B0B1B0FA80F3C3F11F03AD
:10302C00DBB20B4850F833408C4204D100EBC305A3
:10303C006D68954205D044B940F8331000EBC300DD
:10304C004260002030BDFF23EBE76FF00F00F9E783
:10305C003C0D003060B1B0FA80F3C3F11F03DBB25A
:10306C00044A002142F8331002EBC302516070474E
:10307C00FF23F5E73C0D003038B500F003030433B3
:10308C009B000F259D4045EA90050C46FFF75CFF21
:10309C0005F003039B0003F1B04303F580639968CB
:1030AC002A0C21EA154192FAA2F20AB1B2FA82F282
:1030BC0094400C439C60024B4FF480725A6238BDB2
:1030CC000064025800F00302043292000F23934074
:1030DC0043EA900000F003030233074A52F823201E
:1030EC00030C02EA104293FAA3F008B1B0FA80F094
:1030FC0022FA00F0704700BF0004005810B51A4BBC
:10310C0018680B88C3F30B03F42B07D8D72B08D8FC
:10311C00132B1BD8112B12D8012B1CD06FF0850050
:10312C0013E003F628730124C3F30B0304FA03F32F
:10313C000E4C23420DD140F211142342EED01060FC
:10314C000B68B3F5805F08D2002010BDD42BF6D0ED
:10315C00E4E74008F3E70020F1E7C3F3133301334E
:10316C00B0FBF3F01060EFE77C00003000101111A1
:10317C0010B50A4A0A494FF48013D2F88C008842E1
:10318C000BD0581CF9D0013BF7D183F31188BFF356
:10319C006F8F0424204602DFEFE710BD0064025855
:1031AC000001008010B50B8803F62C73C3F30B03DE
:1031BC00202B0C4610D8FFF7DBFF238808496068EA
:1031CC00C3F30B035A5822EA00025A50054B4FF432
:1031DC008072DA60002010BD6FF08500FBE700BF45
:1031EC00604402580064025813B50B8803F62C7324
:1031FC00C3F30B03202B0C4616D8FFF7B9FF23881B
:10320C000B4A6068C3F30B03995801439950238808
:10321C00C3F30B0300209B580193019B054B4FF408
:10322C008072DA6002B010BD6FF08500FAE700BF63
:10323C006044025800640258044A136923F40043A2
:10324C001361034B034A1A60002070470044025874
:10325C007C000030001C4E0E70B508884C68C0F322
:10326C000B0003F04BFD0546F0B9FF2C1AD0FFF70D
:10327C007FFFA2B2C4F3415002F1B04202F5113209
:10328C000130012383401168C4F30446013BB34071
:10329C00240E21EA0303B44023431360044B4FF480
:1032AC008072DA60284670BD6FF08505FAE700BFC2
:1032BC000064025808B5074804F0F1FB38B1064821
:1032CC00FFF768FD0448FDF7F1FD002008BD6FF025
:1032DC001200FBE708831008E93210080A2838B5F9
:1032EC00074D044604D1AB680D215B68284698470E
:1032FC00AB6803485B68E1B29847204638BD00BF15
:10330C00088310082DE9F843D0F804900746D9F843
:10331C00080090460D461E4603F0E2FCB8F5001F6F
:10332C00044616D12846D9F80840FFF7CBFE844254
:10333C000CD1294603F0D4FC044603F0D6FC2046FD
:10334C00FFF788FE00212046FFF730FE0020BDE885
:10335C00F883B8F5800F20D0B6F1806F19D0B6F194
:10336C00C06F18D0B6F1007F1AD102260F493A4629
:10337C002046FFF74FFEB0B9D9F808102846FFF7E2
:10338C007BFE20463146FFF711FE2046FFF7F6FD87
:10339C00DCE70126EAE70326E8E76FF08500D6E7CD
:1033AC006FF01500D3E76FF00F00D0E7A36E100895
:1033BC0010B50A4A0A494FF48013D2F8A00088428B
:1033CC000BD0581CF9D0013BF7D183F31188BFF314
:1033DC006F8F0424204602DFEFE710BD0064025813
:1033EC000001008038B543685D680C46FFF7E0FFCC
:1033FC006B695C40034B6C614FF480721A62002065
:10340C0038BD00BF0064025870B543685E680D4655
:10341C001446FFF7CDFF73695C402C405C40034BB6
:10342C0074614FF480721A62002070BD00640258FF
:10343C0038B5084CD4F8182112050AD5026955681C
:10344C001DB1926800230B21A8474FF40063C4F808
:10345C00143138BD006402580B2912D10A4B5AB1F1
:10346C004FF40062C3F81421D3F8102142F4006227
:10347C00C3F8102100207047D3F8102122F4006209
:10348C00F6E76FF0150070470064025810B53AB1BA
:10349C00114A1248012103F0CBFA6FF0150010BD50
:1034AC000A29FAD10E4A0F494FF4801308E0013B68
:1034BC0006D183F31188BFF36F8F0424204602DFFB
:1034CC00D2F8A800884202D0581CF9D0EFE74FF48C
:1034DC00807393620020E2E734951008FC87100893
:1034EC0000640258000100802DE9F04182B043686D
:1034FC0000AF1E6880460D46002937D05868196900
:10350C008368DB686BB13A1D9847041E0CDA1B4AC2
:10351C001B48012103F08CFA20460837BD46BDE854
:10352C00F0816FF05704F2E7336823F40043336003
:10353C007B6803EB5503B3FBF5F30F2B19D86C46E3
:10354C008AB0D8F800306A460E490795CDE90513C4
:10355C004FF40073ADF820300B4B42F8103F084885
:10356C0000234FF41151FEF7ADFBA5466FF0150487
:10357C00D2E79BB2F3600024CEE700BF869510081B
:10358C0034881008B495100804000001F8B50C46F6
:10359C00036941681D682379012B19D0A3F1020E30
:1035AC00DEF1000646EB0E06B6026279022A9CBFDB
:1035BC00464F37F81270A27988BF4FF40057022A91
:1035CC0009D0042A2FD0003B18BF01231B0306E0AF
:1035DC004FF4C066E9E7B3FA83F35B091B07E279A2
:1035EC000968012A0CBF4FF4407C4FF0000CA54237
:1035FC001CD10A6822F0805222F4B05232431A4392
:10360C000A604B6823F440533B434B6043681A6891
:10361C00936823F4407343EA0C0393602968BDE874
:10362C00F840FFF761BF4FF48053D8E7D1F800E0C2
:10363C000EF4C06E76451FBFD1F800E02EF4C06EBC
:10364C004EEA06060E6041680E68716801F440513E
:10365C008F421FBF716821F440513943716041683A
:10366C000E68316801F010218B421FBF316821F0C8
:10367C0010210B433360436819688B6803F4407363
:10368C009C451FBF8B6823F4407343EA0C038B608B
:10369C0043681B68D71E99687E427E41C1F3803116
:1036AC008E4207D0032A9A680CBF42F4804222F45F
:1036BC0080429A6021682B68994205D0FFF714FF6D
:1036CC0008B923682B60F8BD0020FCE7808B10083C
:1036DC002DE9F04182B044688046606821698368B6
:1036EC001B6800AF73B19847054668B9606A3A1D0C
:1036FC00002103F000FC051E0EDA28460837BD46F3
:10370C00BDE8F0816FF057055F4A6048012103F076
:10371C008FF9002DF1DBE9E77B6800221979186835
:10372C0003F0FCFB051EE8DBD8F80460D8F8103079
:10373C0034681D68236823F001032360B06804F02B
:10374C00AEF938B9524A5148012103F071F96FF0C2
:10375C001205D2E7D6E902018368DB6803B198470A
:10376C0054E8003F43F00C0344E80032002AF7D140
:10377C0029464046FFF70AFF0546002852D1337E02
:10378C001BB1A36843F00803A360737E1BB163688D
:10379C0043F400436360B37E1BB1636843F480332E
:1037AC006360F37E1BB1636843F400336360337F63
:1037BC00002B55D0374B9C4237D0A3F54C439C4241
:1037CC0033D003F580639C422FD003F580639C4279
:1037DC002BD003F580639C4227D003F544439C42D5
:1037EC0023D0A3F51C439C421FD003F580639C425D
:1037FC001BD0294B9C4218D06C4688B0D8F80030AE
:10380C006A462649CDE905134FF40073ADF81C3018
:10381C00234B42F8103F1D4800234FF4E251FEF7B2
:10382C0051FAA5466FF0150567E7D8F804301A6809
:10383C00936843F4804393602368727F23F078731A
:10384C0043EA425323602368B27F23F4F81343EA1C
:10385C0002432360F37F1BB1A36843F40043A360CE
:10386C0096F820301BB1236843F000532360236883
:10387C0043F001032360E3699A02FCD5E3695B0220
:10388C003FF53BAFFAE700BFCB9510083488100822
:10389C00EB95100800100140000C0058069610081B
:1038AC00030000012DE9F04143681C6803691E68A0
:1038BC000B79012B02460D4617D0981E414241410F
:1038CC00890295F805E0AF79BEF1020F96BF3C482E
:1038DC004FF4005C30F81EC0022F09D0042F01D029
:1038EC00002B63D04FF4805005E04FF4C061E8E743
:1038FC00002B58D00020A3F10308B8F1010F04D815
:10390C006FF085031846BDE8F0810BB1042FF7D09A
:10391C00BCF5805F4CD0BCF5405F4BD0BCF1000FC8
:10392C000CBF012303239E45EAD103F070FB8742B1
:10393C00E6D1EB791BB3012B3ED1224B9C421ED01E
:10394C00A3F54C439C421AD003F580639C4216D0DD
:10395C0003F580639C4212D003F580639C420ED029
:10396C0003F544439C420AD0A3F51C439C4206D069
:10397C0003F580639C4202D0134B9C42C0D1236858
:10398C0023F00103236029461046FFF7FFFD034691
:10399C000028B5D1226842F00102226095E80300AC
:1039AC0086E80300AEE74FF08050B1E71846AFE76A
:1039BC000023B8E70223B6E7032BBED0A0E700BF75
:1039CC00808B100800100140000C00584FF0E023D1
:1039DC000D4A9969126818699B69002908BF11463C
:1039EC00002B08BF134610F4803F084801D19942C0
:1039FC0005D20168114401604FF0E02109690068AB
:103A0C001044C01A704700BFCC0D0030C80D0030F8
:103A1C00094B102283F82320084B45F6C0521A603C
:103A2C00074B002018604FF0E02345F6BF525A6157
:103A3C00072298611A61704700ED00E0CC0D003050
:103A4C00C80D0030684620F007018D4619B5FFF708
:103A5C00BDFF144B1449D3E900420868001942F128
:103A6C000002C3E90002114A00230B60D2E90041B5
:103A7C0045F6C053001BB0FBF3F043431B1941F157
:103A8C000001C2E90031EFF31181102383F3128896
:103A9C00BFF36F8F01F04EFDFEF75EFFBDE81940DE
:103AAC0085467047C0090030C80D0030B809003099
:103ABC002DE9F041364E89B1421C0AD14FF0E0227B
:103ACC00136923F0010313614FF07F433360BDE8AA
:103ADC00F0813568012806DC00240AE0431C3568B7
:103AEC00F8D140F2BA2040F2BB239842A8BF184646
:103AFC00441EEFF31187102383F31288BFF36F8FEB
:103B0C00FFF764FF23494FF0E023D3F818C0D1E945
:103B1C000023801843F10003C1E900031E4B00226F
:103B2C001A601E4B1A68831A2DD445F6C05E45F6F2
:103B3C00BF5814FB0E841C44131AB4FBFEF440F261
:103B4C00DC520EFB0433934238BF1346144A9342A3
:103B5C0028BF13464FF0E02233609469013B536158
:103B6C0000239361A445D1E90032ACEB04000DD2E3
:103B7C000544EB1842F10002C1E9003287F31188C9
:103B8C00BFF36F8FA3E740F2DC53E3E7C318F1E711
:103B9C00CC0D0030C0090030C80D0030B809003021
:103BAC00809DFF0038B5EFF31185102383F3128845
:103BBC00BFF36F8F084B1C68084B1B68E41AFFF7A8
:103BCC0005FF85F31188BFF36F8F45F6C053204472
:103BDC00B0FBF3F038BD00BFC0090030B8090030AD
:103BEC002DE9F0410D4D55F81C4F0E461746AC42D1
:103BFC0003D16FF01200BDE8F08154F8440C31464B
:103C0C00A4F14408FCF72EFB30B9C7F800804046FD
:103C1C00BDE8F04103F04DBB2468E8E7D00D00305F
:103C2C0010B5D0E909124A60416A116000F1240311
:103C3C00C0E909334368044603B19847054A9368C1
:103C4C0033B11279062A03D9226803490720984711
:103C5C00002010BDD00D0030439610082DE9F04126
:103C6C000C4E56F80C4F07460D46B44202D16FF07D
:103C7C0001000AE054F8240C3946A4F12408FCF79E
:103C8C00F1FA20B91DB1C5F80080BDE8F0812468B7
:103C9C00EBE700BFD00D003038B5044600B3006828
:103CAC00F0B10378E3B10021FFF7D8FFD8B104F1EC
:103CBC001C03C4E907330D4B1969A16204F12402FA
:103CCC0003F10C0060621A610A609D6835B11B79C2
:103CDC00062B03D9226806490720A847002038BDC7
:103CEC006FF01500FBE76FF01000F8E7D00D003017
:103CFC004596100838B5124C2168054619B10131AA
:103D0C002160002038BD2422204604F032F92B68B3
:103D1C00A3602B79237104F10C03C4E9033304F180
:103D2C001403C4E90533284604F11C03C4E9073322
:103D3C0000F01AF80028E5D1236801332360E1E78D
:103D4C00D00D003038B5074D2C68013C2C6044B9BF
:103D5C0000F012F8214628462422BDE8384004F031
:103D6C0008B938BDD00D003008B50248FFF794FFF4
:103D7C00002008BD800000300148FFF751BF00BF94
:103D8C00800000300EB433B5431E062B05AC88BF43
:103D9C000020094B54F8045B53F82010074802F03C
:103DAC005AF921462846019402F053F902B0BDE8B5
:103DBC00304003B0704700BF288B100834901008B7
:103DCC002DE9F04385B01646DDF830801F460446D9
:103DDC0058B3056A35B12D6825B1AC4605B0BDE8C0
:103DEC00F0436047E36A9E4222D800254FF0180941
:103DFC00B54203D1002005B0BDE8F083216B09FB6F
:103E0C0005F28B188A580292226A926A019258F82B
:103E1C002520009257F825200433A9B2204603F040
:103E2C008DFA0028E7D10135E2E76FF01500E2E7E3
:103E3C000048E0E740F4FFFF10B5044690B1028D56
:103E4C0043899A4209D0084A936833B11279032AFC
:103E5C0003D942680549042098472046BDE8104024
:103E6C0004F04EB810BD00BFD00D0030F89610080D
:103E7C0030B544898C4212D9436A5D88013C2C4090
:103E8C0003EBC40359609A60BFF35B8F426A53889B
:103E9C0001335380438D01334385002030BD0148ED
:103EAC00FCE700BF41F4FFFF70B4039E144658B109
:103EBC00006A48B143B1013406D0002E04DBC46F54
:103ECC0014B1A44670BC6047014870BC704700BF79
:103EDC002DF8FFFF70B4039E144660B1006A50B118
:103EEC004BB1013407D0002E05DBD0F88C4014B157
:103EFC00A44670BC6047014870BC70472DF8FFFFAA
:103F0C002DE9FF47DDF834800E4691469A4605466A
:103F1C00002876D0002974D0B8F1000F71D001F1CF
:103F2C006407384603F0AAFABAF1FF3F49D1346E60
:103F3C0006F1500204F18000844204F01F0C07D2F9
:103F4C00C4F3411152F8211021FA0CF1C90736D4EF
:103F5C0004F07F046009012152F8203004F5806AD6
:103F6C0001FA0CF104F201440B4304F07F0442F813
:103F7C00203034666B6C03930E9BCDE901830C9B54
:103F8C0000934A4653462946304603F016FB384602
:103F9C0000F006FC2C7874B196F89C405CB1AB6ACE
:103FAC00013330D10021284603F0A7FA044610B1A2
:103FBC00284603F078FA204604B0BDE8F0870134B7
:103FCC00BAE7BAF5806FD5D3AAF580637F2B06F1DB
:103FDC0050010FD8580903F01F0351F8204024FA60
:103FEC0003F2D2070BD4012202FA03F3234341F864
:103FFC002030BFE7054C384600F0D2FBDBE7044C21
:10400C00F9E7024CD7E70024D5E700BF2DF8FFFFF6
:10401C0029F8FFFF08B583681A0C0AD1094A93687E
:10402C002BB11279022A02D90749032098470020A4
:10403C0008BDA3F580338360180CB0FA80F04009FA
:10404C00F6E700BFD00D00301A97100838B50446BB
:10405C00C0B100F16405284603F0EAFAD4F8AC309C
:10406C009B69012B05D0084C284603F0DFFA20464B
:10407C0038BDD4F8B40003F0E9F9A0F11004002C19
:10408C00F2DCF0E7014CF2E72EF8FFFF2DF8FFFF12
:10409C0038B50446C0B100F16405284603F0C8FAEF
:1040AC00D4F8AC309B69012B05D0084C284603F0A2
:1040BC00BDFA204638BDD4F8B00003F0C7F9A0F122
:1040CC001004002CF2DCF0E7014CF2E72EF8FFFFB5
:1040DC002DF8FFFF2DE9F04385B00F46904603A95C
:1040EC000D9A0546994603F005FC0446E0B1D5F857
:1040FC00B8000C9E039B0168D0F808C09E42A8BF74
:10410C001E46611A33464A46614528BF4FF0FF31BF
:10411C0003F096F80096234642463946284603F0AB
:10412C0024FB05B0BDE8F0830048FAE72EF8FFFF4A
:10413C00F0B50D4689B016461F460446002800F01F
:10414C00AF80002900F0AC80002B00F0A98000218A
:10415C00C0F8C810A02203F00CFF0122114604F194
:10416C00640003F0C9FC4F4BC4F8AC506667AC62FA
:10417C00E3674D4BC4F880304C4BC4F884304C4B47
:10418C00C4F888304B4BC4F88C304B4BC4F890308F
:10419C004A4BC4F894304A4BC4F89830AB69012BA5
:1041AC0006D02B6A33BB6FF00506304609B0F0BD64
:1041BC00D4F8AC00D8B1036A002BF4D09B68002B68
:1041CC00F1D0984742060FD5D4F8AC0078B1036A09
:1041DC00002BE8D0DB68002BE5D0002198470021AC
:1041EC000A2003F0BCFDE3E74307DAD4F7E76FF0EE
:1041FC001506DAE71B69002BD5D028469847AB6922
:10420C00012B04BF2861002300F0010008BF6B6183
:10421C0084F89C00AB69012B07D12A4B04932A4BE1
:10422C0005932A4B06932A4B079304F1C003C4E968
:10423C003033002106ABC4F8B87002220093019110
:10424C0004AB2846FFF7BCFD06460028ADD1AB6990
:10425C00012B07D12B6B9B69C4F8B0302B6B1B68FF
:10426C00C4F8B430D4F8B40003F0B0F82B6B1B686E
:10427C00DF622B6B9B69DF6294F89C30C4E90044CD
:10428C00002B92D000230293124B01933523124A38
:10429C000394009304F10801204603F08EF984E79F
:1042AC000E4E82E7E1401008917610081F78100836
:1042BC000179100877771008497610089D4010088E
:1042CC00594010083B971008419710083776100892
:1042DC0053781008B5761008479710082DF8FFFF93
:1042EC0010B50446FDF720FC0348044A012102F0F6
:1042FC009FFB204603F0DEFB0C8810084A97100841
:10430C002DE9F843044600AF0D46EFF31188102356
:10431C0083F31288BFF36F8F04282A4A98BF2A4B65
:10432C009668117C94BF53F82030284BE9468AB02C
:10433C006A462748CDE9073140F20133ADF8243005
:10434C00244BCDE9050442F8103F234800234FF4D9
:10435C003151FDF7B7FCCD4645B1EB69C3F308030A
:10436C0023B11E4A1C48012102F062FB2EB13046DB
:10437C0003F037FC08B1037803B91948E9468AB051
:10438C006A46184B0790CDE9053640F20133ADF87B
:10439C002030154B42F8103F00230F484FF41151B9
:1043AC00FDF790FC2946CD462046FFF799FF88F390
:1043BC001188BFF36F8F3046FEF7DEFABD46BDE8BD
:1043CC00F88300BFF40D0030488B10085997100883
:1043DC006F971008050000010C88100897971008BB
:1043EC0067971008B89710080400000138B50A4BFD
:1043FC0053F82040013053F82050A54200D838BD66
:10440C00606830B1037EDB0701D403F030FB083465
:10441C00F3E723689847FAE75C8B100870B52A4BD2
:10442C002A4C2B4D86B0012203201A70FFF7DEFFB9
:10443C0001F0F0F90420FFF7D9FF2646AE4204F153
:10444C0030040FD300F0BEFD204CAC4226D300F05C
:10445C00CDFDFCF7A5F81F4A938923F00103938146
:10446C0006B070BD54F80C3C059354F8103C049302
:10447C0054F8143C039354F8183C029354F81C3C25
:10448C00019354F8203C009354E90A2354E90C019D
:10449C0000F094FB54F8303C5E65CEE7D4E90A2377
:1044AC00B3F1FF3F08BFB2F1FF3F05D052EA030161
:1044BC00206803D103F06CFC3034C6E70649183091
:1044CC0000F0A8FFF8E700BF2D1200305487100849
:1044DC0054871008480A0030CB7C100870B50023B4
:1044EC0086B00122CDE90423134E144D01930F2203
:1044FC00CDE902321249142303FB005506EBC0161A
:10450C0004464FF4C07000FB04110E4B00954FF4A1
:10451C00A072304600F052FB337C0B4AEE6023F065
:10452C00040333744FF4046304FB033313442C74FB
:10453C006B6006B070BD00BFC8090030F40D0030D0
:10454C0000220030D17A1008C01900307FB500204D
:10455C00FFF74CFF294B83F30888294C636943F41C
:10456C00007363610025F02384F82230E57725760B
:10457C006576A57684F82050636A43F4E023636281
:10458C00FEF702F9FEF7E2F94FF0FF33A362E362A4
:10459C00FEF712FBFEF75AFAFDF726FA19481A4CE9
:1045AC0000F084FBFCF742FD0120FFF71FFF022007
:1045BC00FFF71CFF00F044FD144B15495C61154BD3
:1045CC00059301234FF40062CDE90353CDE9015566
:1045DC00114B0095204600F0F1FA237C064623F09F
:1045EC0004032046237403F036FB2846FFF776FFBE
:1045FC00094A31462046FEF78BF900BF00220030F5
:10460C0000ED00E0C80A0030480A0030F40D00301C
:10461C0080230030CD8E1008294410082DE9F34179
:10462C00044617461E46EFF31188102383F31288B5
:10463C00BFF36F8F304BC2689B6872B18068984231
:10464C0017D057EA060216D188F31188BFF36F8F83
:10465C006FF00F0002B0BDE8F08193F90E102161EC
:10466C000132C4E9023288F31188BFF36F8F002046
:10467C00F0E72169F3E793F90E1090F90E309942A7
:10468C0030DA9942A8BF194603F027FA0546CDE95E
:10469C0000761A482246414600F0F2FB0028E6D08C
:1046AC00EFF31186102383F31288BFF36F8FA0688A
:1046BC00D0B1236821699C420AD04BB193F90E30DA
:1046CC009942A8BF19466FF07F039942B8BF1946AB
:1046DC0003F003FA40B10948314603F016FB6FF0C2
:1046EC000A00B7E70025D2E7002DF4D186F3118834
:1046FC00BFF36F8FF3E700BFF40D00302E120030C4
:10470C00F8B583680546002B3FD0234A9268934244
:10471C003ED1C368012B03D9013BC3600020F8BD17
:10472C00EFF31187102383F31288BFF36F8F0169A6
:10473C00806803F0D2F92C68A54207D10023C5E9A3
:10474C00023387F31188BFF36F8FE7E7002CF5D0A6
:10475C00D4E9003213605A60237C002623F0020354
:10476C002374C4E90066A66004F1180003F069FB29
:10477C00AC6094F90E302B612046A66703F06BFAFF
:10478C000648394603F0C1FAC8E76FF01500C6E7D2
:10479C004FF0FF30C3E700BFF40D00302E12003095
:1047AC0070B5EFF31186102383F31288BFF36F8F6C
:1047BC000468A0421AD0CCB1D4E9003213605A601C
:1047CC00237C002523F002032374C4E90055A56063
:1047DC0004F1180003F035FB2046A56703F03BFA03
:1047EC0031460848BDE8704003F08FBAD0E9023278
:1047FC009A4218BF0133836086F31188BFF36F8F21
:10480C0070BD00BF2E12003013B5EFF311811024D0
:10481C0084F31288BFF36F8F846844B1013C8460C9
:10482C0081F31188BFF36F8F002002B010BD52EAE4
:10483C00030406D181F31188BFF36F8F6FF00F0063
:10484C00F3E7CDE900230246014800F019FBECE741
:10485C002E1200302DE9FF41544E04461027EFF381
:10486C00118887F31288BFF36F8FD4F88450F5B991
:10487C00022104F19C0003F04BF9002870D004F1E4
:10488C00940500220121284603F0A2FA0028F8D151
:10489C00002302934FF0FF324FF0FF33CDE900239A
:1048AC00414604F18C02424800F0F4FCD7E7D4F8FE
:1048BC0088202B68C4F88430954208BFC4F888302F
:1048CC00D4F89C3043F00203C4F89C30EB6823F01E
:1048DC00040343F00103EB606B6888F31188BFF3AA
:1048EC006F8F28469847EFF3118887F31288BFF330
:1048FC006F8FEB68D80623F001023ED4EA60EB68B8
:10490C009A0717D5306823F00203EB6090B1036867
:10491C00002178B1426895423DD10368002934D119
:10492C0072683360904200D17360002340F8083BFA
:10493C00FFF736FFD4F89C3023F00203C4F89C3008
:10494C00DB0530D4D4F88430003B18BF012388F346
:10495C001188BFF36F8F002B81D000F079FB7EE7BD
:10496C00D4F89C30D90693D5C4F89C0088F31188F0
:10497C00BFF36F8F04B0BDE8F08123F01103EB603F
:10498C0005F11000FFF70CFFB9E70B607368984254
:10499C0008BF7160C9E701461BB11A681846134677
:1049AC00B7E71A46FAE70023D1E700BF140E003030
:1049BC002E120030F8B5C3689A0704460E46C3F3AE
:1049CC00400542D45F0742D40B680BB983680B6077
:1049DC00E368D80744BFA368336037684CBF02252F
:1049EC00012557B31B4B9A68D7F880309A421ED1D9
:1049FC0003F0EEF880F00100C0B2D7F89C30D90774
:104A0C00C3F380021CD5F2B1F8B100232360D7F8B0
:104A1C00883073B9C7E92144384603F085F8E36858
:104A2C0043F00403E3603368A3602846F8BD00201C
:104A3C00E3E71C60C7F88840EEE76FF0150506E069
:104A4C006FF0120503E01B07DFD56FF00F05002395
:104A5C003360EAE7F40D0030F8B5C36803F00503E2
:104A6C00002B06460C4614BF012700271CD0856876
:104A7C000122002104F1100003F03EF813492046F6
:104A8C0003F059F8E36843F01003E360F3685B0745
:104A9C0012D5336823606BB9D5F8883033B9C5E9C2
:104AAC002144284603F040F83846F8BD1C60C5F890
:104ABC008840F6E73460F4E7D5F884302360D5F805
:104ACC008830C5F88440002BEBD1F0E7337B10081D
:104ADC00F0B589B004460020C4E921000E9D04F114
:104AEC008C00C4E9230004F19400C4E9250055B3FB
:104AFC002879002840F2011008BF0120C4F89C005E
:104B0C0000204FF0FF364FF0FF37CDE90330CDE9F1
:104B1C000100CDE906670D4B0094204600F09AF891
:104B2C0055B1296811B1204603F058F86B791BB1C7
:104B3C00A38943F00103A381204603F029F9C4F8AB
:104B4C00804009B0F0BD0120D8E700BF61481008D3
:104B5C0030B5044685B0EFF31185102282F312882C
:104B6C00BFF36F8FD0F89C2012F0060F08D1F9B963
:104B7C00D0F8840028B985F31188BFF36F8F15E046
:104B8C00B1B942F00402C4F89C20204602F0CCFFDC
:104B9C0000234FF0FF3202934FF0FF33CDE9002397
:104BAC00054804F19402294600F074FB05B030BDB1
:104BBC0042F00C02E7E700BF2E1200302DE9F04363
:104BCC00073285B022F007020E461F4610998181EC
:104BDC0000F158037F32C0E916330446002322F05B
:104BEC003F020421836001743F2A0F98A073C4E92B
:104BFC000633E37306F14009A2F1400805D883F3AC
:104C0C001188BFF36F8F084602DFB518294620467E
:104C1C00FDF76EFB07300E9B20F00700A066C4E981
:104C2C00189802930D9B01932D1A0C9B00932A4606
:104C3C003B4631462046FDF739FE00236365044BA5
:104C4C009B6803B1DB6EE366284605B0BDE8F083D4
:104C5C00F40D0030F0B587B000250595109D049536
:104C6C000F9D03950E9D0295DDE912760D9D019524
:104C7C000C9D00950446FFF7A1FFB6F1FF3F08BF5E
:104C8C00B7F1FF3F05D056EA070305D1204603F0E4
:104C9C007FF8204607B0F0BD3A46334604F11800C1
:104CAC00014900F0B7FBF4E7CB7C1008012310B5E9
:104CBC00037483810023C0E91833044600F0A4FD7B
:104CCC00014B9C6010BD00BFF40D0030094A936885
:104CDC006FF00A019967084958674B6843F0805395
:104CEC004B60002383F31188BFF36F8F9368986F29
:104CFC00704700BFF40D003000ED00E070B590F986
:104D0C001020037C002A2FDBD9062DD11A4C63F01E
:104D1C007F032246037452F8183FE169934207D18E
:104D2C00C0E900210860E0610FE09942F8D01B68EF
:104D3C00002BF5D093F90E6090F90E50AE42F4DDD5
:104D4C005968C0E9003108605860A569954200D0E7
:104D5C0005B9E568A3681A7CD20606D1DA897F2AE0
:104D6C0003D9AA690AB9636170BDAB4202D0284667
:104D7C0000F0D2FA6561F7E7F40D003038B590F920
:104D8C001020037C002A014604DA03F07F0303742D
:104D9C0002F029FF0D4D2A46AB6852F8184F944289
:104DAC0000D004B9EC688B4207D01A7CD20604D12F
:104DBC00DA897F2A01D9A2692AB1A34202D02046FE
:104DCC0000F0AAFA23466B6138BD00BFF40D003029
:104DDC00B3F1FF3F08BFB2F1FF3F03D002491830D7
:104DEC0000F018BB704700BFCB7C1008034648B9D5
:104DFC00EFF3058232B9064A51699268914201D0AB
:104E0C00FFF764BF83F31188BFF36F8F704700BF48
:104E1C00F40D003038B5184CA168E0690B6881427C
:104E2C0014BF1A46002249680B605960A368E169F7
:104E3C002AB9124AC3E900210B60E3610AE092F936
:104E4C000E5093F90E00854212DD5168C3E9002122
:104E5C000B605360A569094B9D4200D005B9E5680C
:104E6C00A3689D4202D0284600F056FA656138BD11
:104E7C008A42DED01268DBE7F40D00300C0E0030F5
:104E8C00F8B50E4B0C4611460D4A98681060DDE9DA
:104E9C000667EFF31182102282F31288BFF36F8F33
:104EAC009D68284602F0B1FE284632463B46FFF785
:104EBC008FFF2046BDE8F840FFF708BFF40D003027
:104ECC001C0E0030F8B50446EFF31187102383F362
:104EDC001288BFF36F8F037C03F01F02002A0CBFF4
:104EEC000126002649B235D103F07F03037402F08A
:104EFC007AFE294D037C817363F07F032A46037489
:104F0C0052F8183FE869934207D1C4E900200460C5
:104F1C00EC610DE09842F8D01B68002BF5D093F9AA
:104F2C000EC08C45F6DD5968C4E900310C605C603C
:104F3C00AC69944200D004B9EC68AB689C4202D0D6
:104F4C00204600F0E9F96C6187F31188BFF36F8F8D
:104F5C003046F8BD9B071CD5856802F044FE817372
:104F6C002B689D4209D16B68C4E900531C606C60CE
:104F7C00EAE76A689A42F6D01B68002BF3D093F9E3
:104F8C000E208A42F5DD5A68C4E9003214605C6078
:104F9C00DAE78173D8E700BFF40D0030034648B957
:104FAC00EFF3058232B9064A51699268914201D0F9
:104FBC00FFF78CBE83F31188BFF36F8F704700BF70
:104FCC00F40D0030EFF31181102383F31288BFF33B
:104FDC006F8F054B9A68D37B013BD37381F3118898
:104FEC00BFF36F8F704700BFF40D003070B5EFF357
:104FFC001186102383F31288BFF36F8F0F4DAB68AC
:10500C00DA7B0132DA732A4652F8184F944200D0F8
:10501C0004B9EC681A7CD20604D1DA897F2A01D94A
:10502C00A2692AB19C4202D0204600F075F92346B1
:10503C006B613046BDE87040FFF7D8BEF40D003010
:10504C00024B03F11802C3E906227047F40D00303D
:10505C0070B5EFF31186102383F31288BFF36F8FB3
:10506C001A4CA168E0690B68814214BF1A460022F1
:10507C0049680B605960A368E1692AB9144AC3E90D
:10508C0000210B60E3610AE092F90E5093F90E00D7
:10509C00854216DD5168C3E900210B605360A56998
:1050AC000B4B9D4200D005B9E568A3689D4202D028
:1050BC00284600F031F965613046BDE87040FFF7D5
:1050CC0005BE8A42DAD01268D7E700BFF40D003073
:1050DC000C0E0030F8B550EA010306460C4603D11D
:1050EC00FFF7B6FF0020F8BDEFF31187102383F311
:1050FC001288BFF36F8F124D124BA8681860FFF720
:10510C003DFEA868104923463246183000F082F95B
:10511C00AA68137C43F00403137404463846FFF763
:10512C00D5FDAB68D3E90A23B3F1004F08BF002AC1
:10513C00D8D102F0BBFE201A20EAE070D3E700BF02
:10514C00F40D00301C0E0030CB7C1008014B98681D
:10515C00704700BFF40D00302DE9F84304468789F1
:10516C00EFF31186102383F31288BFF36F8F037C48
:10517C00190705D586F31188BFF36F8FBDE8F88347
:10518C00D90943F008026FD10274A36813B1204609
:10519C0002F031FD04F1180002F053FEA56D04F18C
:1051AC005808A84511D04FF0000975B1284602F0F7
:1051BC0022FD05F1180002F044FEC5F8789028464F
:1051CC00FFF79CFDA56DA845EFD1DFF8BC80D8F8A2
:1051DC0008309C4250D1EFF30589B9F1000918BF92
:1051EC004FF00109D8F81850284A954200D00DB953
:1051FC00D8F80C50AB4202D0284600F08DF820466F
:10520C00C8F8145001F0F1FCB9F1000F02D020489D
:10521C00FFF74CFDD8F808309C4230D1EFF30583F2
:10522C006BBBA289D20711D586F31188BFF36F8FA0
:10523C0083F31188BFF36F8F0423184602DFEFF35B
:10524C001186102383F31288BFF36F8F3046FFF75C
:10525C003DFDFB0792D5002383F31188BFF36F8FBD
:10526C000423184602DF89E703F07F0343F00803A9
:10527C00037402F0B8FC88E74FF00009B2E786F33C
:10528C001188BFF36F8FE4E7F40D00300C0E003083
:10529C00C80A0030D3B5DDE90667089CCDE9006784
:1052AC00FFF7EEFD1CB1034B9B685B69236002B0FA
:1052BC00D0BD00BFF40D0030027C12F01F0203467B
:1052CC0010D10A4988420DD00949086868B1D989BA
:1052DC007F2909D893F90E20064B1B689A42B8BF58
:1052EC00002070470020704710467047C8090030F6
:1052FC00AC000030200E0030044BC01A044BC01020
:10530C005843044B01221A54704700BF480B00301D
:10531C00ABAAAAAA2E12003070B50C4B0C4D1E7CF9
:10532C00FFF7CAFF182303FB06550446284602F074
:10533C0088FD084B00229A553CB1621E284606494E
:10534C00BDE87040D31700F065B870BDF40D0030A7
:10535C00480B00302E1200300553100838B5EFF30F
:10536C001185102383F31288BFF36F8F0F4B104AF4
:10537C009C681068A04206D1FFF7CEFF85F3118818
:10538C00BFF36F8F38BD00211B7C1160094AD35CC1
:10539C00002BF3D02046FFF78FFF0028EED0237CA4
:1053AC00DB0601D1FFF736FD2046E5E7F40D0030B2
:1053BC001C0E00302E120030024B1868984208BFA9
:1053CC0000207047B0000030034B1B680BB9FEF790
:1053DC00E9BB0020704700BF240E003030B570B11F
:1053EC000B4B5B6898420AD0036843B1D3E90421A4
:1053FC00D0E90445121941EB0501C3E90421D0E9B8
:10540C00003213605A600023C0E9003330BD00BF86
:10541C00B0000030B3F1FF3F08BFB2F1FF3F2DE900
:10542C00F84F0446994615461F467AD08160EFF333
:10543C001188102383F31288BFF36F8FB9F1000F1B
:10544C00DFF8E4A020DBFFF7BFFFDAE90027013526
:10545C0049F100092D1849EBE073C4E90453AD1868
:10546C00064643EB07074FF00109FFF7A5FFDFF8EE
:10547C00BCE0DEF804A00346EBB9C4E900EACAF8C4
:10548C000040CEF8044028E0DAE900126FF0010386
:10549C005B1A4FF0FF3161EB02025B1B62EB0902FE
:1054AC00012B72F10001BCBF01230022C0E90432C0
:1054BC004FF00009D9E7D3E9041CD4E904208A424F
:1054CC0070EB0C0B24DA891A5A686CEB0000C3E9F8
:1054DC000410C4E9003214605C60FFF76DFF844275
:1054EC000ED1134B1B685BB9B9F1000F02D1FFF75A
:1054FC006BFF0646304602F08DFC0021FEF7D8FA11
:10550C0088F31188BFF36F8F28463946BDE8F88FB2
:10551C00521A60EB0C005345C4E90420ADD01B6853
:10552C00AAE700252F46EFE7600B0030B0000030F3
:10553C00240E00302DE9F047DFF8A890DFF8A880A2
:10554C00C9F800000246FFF737FF0D46002600277A
:10555C00D8E900134FEAE27E50B1D0E9044CA242E4
:10556C007EEB0C0A1BDAA41A6CEB0E06C0E904469F
:10557C0052184FF0000443EB0E032046C8E90023F9
:10558C00C9F8004002F046FC2146FEF791FA85F37B
:10559C001188BFF36F8FBDE8F047FFF7DFBE6118CE
:1055AC0043EBE473C0E90467C8E90013FFF716FF87
:1055BC0001224FF00043C0E9042385F31188BFF3A7
:1055CC006F8F83689847EFF31185102383F312884C
:1055DC00BFF36F8FD9F80020121BC9F80020FFF71A
:1055EC00EBFEB5E7240E0030600B003010B5EFF386
:1055FC001184102383F31288BFF36F8FFFF7E4FE3F
:10560C00054A0346D2E90001181841EBE37184F313
:10561C001188BFF36F8F10BD600B0030F8B50446D6
:10562C00EFF31187102383F31288BFF36F8FD0E948
:10563C000423B3F1004F08BF012A04D087F311886B
:10564C00BFF36F8FF8BDD0E90A566A1C46F1000310
:10565C00022A73F1000334D3013D46F1FF36002ECC
:10566C00BCBF00252E4602F025FC013041F10001A3
:10567C00401946EB0101012871F1000147DB02F0F2
:10568C0019FC013041F100016FF00203401946EBA7
:10569C00010183426FF000438B413DDB02F00AFCB9
:1056AC00013041F100016FF00102401946EB01039A
:1056BC00121A4FF0FF3161EB030319492046FFF733
:1056CC00A9FE236B01332363236A63B187F311882B
:1056DC00BFF36F8F20469847EFF31187102383F3A6
:1056EC001288BFF36F8F54F8185FA542A6D0002D17
:1056FC00A4D0284602F0BEFA0023AB6787F31188CA
:10570C00BFF36F8F2846BDE8F84002F0A4BA6FF0E3
:10571C0001024FF0FF33D0E700224FF00043CCE7FB
:10572C00295610082DE9F04105461C4690461F46A7
:10573C00EFF31186102383F31288BFF36F8FB4F14C
:10574C00FF3F08BFB2F1FF3F05D186F31188BFF3CD
:10575C006F8FBDE8F081002C09DB012A74F1000386
:10576C00BCBF0122002412F1FF3844F1FF37284658
:10577C0002F067FBDDE906010023C5E90A012B6392
:10578C0042463B4628460249FFF744FEDDE700BF90
:10579C002956100870B50546EFF31184102686F3D0
:1057AC001288BFF36F8F02F04CFB20B184F3118889
:1057BC00BFF36F8F70BD6B6A63B184F31188BFF355
:1057CC006F8F6B6A28469847EFF3118486F3128823
:1057DC00BFF36F8F05F1180002F081FA0028E5D0B5
:1057EC0002F039FA21460248BDE8704002F08DBA49
:1057FC002F1200300246024B0248002102F068BB17
:10580C00375F100838010030014BC366704700BF8A
:10581C0038010030014800F01EBC00BF1D98100874
:10582C0038B5064C064DAC4201D3002038BDD4E946
:10583C000112204602F06BFB1434F4E738010030FF
:10584C004C01003007B5074B0093074907484FF050
:10585C00FF334FF48062FFF73BF9002003B05DF893
:10586C0004FB00BF748B1008C02B0030680B003099
:10587C000CB430B58BB004460D462022002102A892
:10588C0002F077FB02238DF80A30002D0C4B0393AA
:10589C00069412DB01D06B1E1C440FAA0E990794C0
:1058AC0002A8019200F00EF815B1069B00221A70A6
:1058BC000BB0BDE8304002B070470024EDE700BFEC
:1058CC009F8010082DE9F04F8BB0436800938378CC
:1058DC009C078046924640F1F98000250878002804
:1058EC0000F0F68025280AD04B1C01930135414667
:1058FC00009B98470028C0F2E3800199EEE74E78B0
:10590C008B1C252E0193F1D00027B9463C460A2268
:10591C001F2C22D8A6F12003102B20D8DFE803F08F
:10592C00141F1F1A1F1F1F0B1F1F1F121F171F1FB4
:10593C00090044F00104019B13F8016B0193002E44
:10594C00E6D13AE044F0020444F00404F3E744F0F6
:10595C000804F0E744F01004EDE77F2C24D8A6F1FE
:10596C003003092B08D860064EBF02FB073702FB39
:10597C00093944F02004DEE72A2E0DD161065AF8CD
:10598C00043B53D4002BA7BF44F020049946C3F129
:10599C00000944F02804CEE72E2E05D1630600F151
:1059AC00978044F04004C6E76C2E2ED028D8682E81
:1059BC0032D06A2E37D04C2E35D0002F46F0200333
:1059CC00B8BF24F04004A3F16502BCBFA4B2002709
:1059DC00022A01D9612B2BD10AF1070A2AF0070AF6
:1059EC009C4E0AF1080A0727210760D506EB070B26
:1059FC0034465C455DD1AE1BA219A9EB070959E1F0
:105A0C00742E98D07A2E96D0D7E7260648BF44F449
:105A1C00007444F080048EE7E00548BF44F4007441
:105A2C0044F4807487E744F4207484E71F4682E7CB
:105A3C00A6F16302122A00F2D880DFE812F01300FC
:105A4C004D00D600D600D600D6004D00D600D600AC
:105A5C00D600D600D600E800D100D600D6001A0039
:105A6C00D600A0005AF8043B8DF81030012704AE84
:105A7C00BAE75AF8046B784B002E08BF1E4614F098
:105A8C00400F14BF39464FF0FF31304602F09EFAFA
:105A9C000746A9E7009B41462020984700280FDBCA
:105AAC00013CA742F6D34D442D1BA1469EE74C4624
:105ABC00F7E714F8010B009B41469847002898DA49
:105ACC0098F8023043F0040388F802304FF0FF35A9
:105ADC0028460BB0BDE8F08F220630D5A3052AD599
:105AEC000AF1070A2AF007039A4659685AF8080B74
:105AFC0024F0100B00291FFA8BFB2FDA404261EBCC
:105B0C0041014BF4806B04AC0A23224602F06AFA82
:105B1C001BF0400FA0EB040200F08E802BF0010470
:105B2C009742A4B240F38F80002E40F08E802BF071
:105B3C001104A4B21DE05AF8040BC117D8E7E00514
:105B4C005AF8041B01D40846F7E7A2054BBF48B22C
:105B5C0008B241F3C01141F3C031C9E750EA010367
:105B6C00D1D16306CFD5002FCDD124F01104A4B22E
:105B7C003A463B4640F206410C4262D124E024F006
:105B8C001004A4B20A2314F0800243D014F4007160
:105B9C001FBF0AF1070A2AF007029246516814BF88
:105BAC005AF8080B5AF8040B50EA01023ED124F0C3
:105BBC00160B62061FFA8BFB3CD5002F3AD124F052
:105BCC001704A4B23A463B4621075AD4E10705D53F
:105BDC00994572DDA9EB03039F184B469B464AE09F
:105BEC0044F0100410237826CDE7782B04D1C6F1AD
:105BFC00780343F01003C6E7009B414625209847E5
:105C0C000028FFF65DAF02354146304670E60823AA
:105C1C000026B8E714F480715AF8040BC4D014F4BD
:105C2C0000711ABFC0B2114680B2BDE724F0060461
:105C3C001FFA84FB04AC68E713465C46E10699D571
:105C4C002EB90133C0E71346F8E73B46F6E70233BB
:105C5C00BAE700BF559810084E981008CDE90232EB
:105C6C004146009B202098470028FFF629AFDDE92C
:105C7C0002320BF1010BD945F0DCEB1A03EB0B05EF
:105C8C005B46E10627D5CDE902324146009B302028
:105C9C0098470028FFF614AFDDE902327EB90135D2
:105CAC002F44791B8A4229DB144604AE9CBB2A4440
:105CBC00A9EB03091546914442E017468EE7CDE95E
:105CCC000232023541463046009B98470028DDE9F8
:105CDC000232E5DAF4E640F206410C42E0D014F070
:105CEC00020F14BF2B20202014F4806FCDE9023258
:105CFC0005F10105414618BF2D20E5E7CDE902323B
:105D0C004146009B302098470028DDE9023205F11E
:105D1C000105C6DAD4E6013CCDE90232305D009BC8
:105D2C00414698470028DDE90232BFDAC8E6009BFD
:105D3C00414620209847002805F10105FFF6C0AE2A
:105D4C00A9EB0503002BF2DCD7E500BF704700EB95
:105D5C00C100408840087047F8B50346FFF7F7FFCD
:105D6C00B0FA80F0C0F11F0003EB800CCA00DCF825
:105D7C001060171D0C4606328DB256B9012101FA7E
:105D8C0000F0D9680143D960CCF81040DD539D5226
:105D9C00F8BDF1000431585AD85303EBC0009E52A1
:105DAC00C5805D52F4E710B500EBC104E3888B426B
:105DBC0002F104010AD1012303FA02F2C36823EAB7
:105DCC000203C360002340F8213010BDA28840F8C4
:105DDC00213000EBC20100EBC300CB808280F4E7E2
:105DEC0008B50346FFF7B3FFB0FA80F2C2F11F0209
:105DFC001846BDE80840FFF7D6BF2DE9F843B1FAC5
:105E0C0081F3C3F11F0200EB82090646D9F810702A
:105E1C000D4687B9C3F120034FF0FF349C40F36863
:105E2C001C4014D094FAA4F2B2FA82F2131D56F864
:105E3C002340214608E03C464FF0030821463046FB
:105E4C00FFF785FF854205D83046FFF7ACFF2046AB
:105E5C00BDE8F88306EBC404B8F10108E488C9F87E
:105E6C001040D7D0BC42E9D1D4E738B50446FFF78F
:105E7C006EFF0D46034611462046FFF768FF0344AC
:105E8C009BB204EBC5055A006A802046FFF75FFF02
:105E9C00014424F8313038BD70B50446FFF757FF84
:105EAC000B4604EBC305511A9B1A89B203444E00EE
:105EBC009BB204EBC2006E805D00458024F832106A
:105ECC0020461146FFF743FF014424F8313070BDE2
:105EDC0070B509B9002070BD056801F007030B33DC
:105EEC00CC0804EBD304AB689C4228BF1C4621466B
:105EFC002846FFF782FF06460028EBD001462846CD
:105F0C00FFF725FFA04207D932192846FFF7C4FF37
:105F1C0011462846FFF720FF05EBC60210465388B2
:105F2C0043F0010353800430D5E71146FFF7D0BF8F
:105F3C00043A2DE9F843CC1D114424F0070421F058
:105F4C000706A6EB04084FEAD807B7FA87F2C2F1A6
:105F5C002405AD004FF000090735C2F12002ED0811
:105F6C0004604946A760C4F80C90920004F110003C
:105F7C0001F0FFFFAAB2530043F0010363807B1BC7
:105F8C009BB204EBC5015800A4F80090488024F89B
:105F9C003520A6F8029024F8083004EBC7032946F4
:105FAC005A8842F001025A802046BDE8F843FFF7B8
:105FBC00D3BE2DE9F04706460D46174698462BB33F
:105FCC0098F8004093F80190DB78A40004EB4304AC
:105FDC0098F802301C4444444FF0000ACA4509D3D7
:105FEC00D8F8042008F1080339463046AC46BDE821
:105FFC00F047604714F8013B48F823402046FAF775
:10600C003BF9013004440AF1010AE7E76FF015008F
:10601C00BDE8F08730B502460024002012F8013BA1
:10602C0043B178B18C4207D1702B04D0A3F1400559
:10603C003A2D07D8002030BDA3F140053A2D01D8E8
:10604C000134EAE7252B08BF80F00100E6E70020C9
:10605C00704700F06ABC0FB407B504A951F8040BE3
:10606C00019100F062FC03B05DF804EB04B07047E2
:10607C0010B50369024613F0080009D11368D468FF
:10608C009C4297BF126AE31AD31A01200B6010BD11
:10609C0000231846FAE713B501A90446FFF7E8FFF9
:1060AC0020B1019BE268013B13440193206A019BE0
:1060BC00C01A013802B010BD10B504465018226940
:1060CC00236AD20702D5013B184010BD984228BF65
:1060DC00C01AFAE710B504460A46C168FFF7ECFF90
:1060EC002369E06023F00803236110BD38B50D4629
:1060FC00C2698B00016843F0020342F82130044668
:10610C0001682A46FFF7D8FFE3686168206098426F
:10611C0002BF236943F0080323612A462046FFF798
:10612C00CBFF606038BD2DE9F74FD0F80CB0C669D5
:10613C00009216F82B2002F00302022A08BF56F830
:10614C002B209A4606EB8B030F4601934FF0000170
:10615C00009B0CBFC2F39D09894619600446CAF81E
:10616C000010B9F1000F07D04946FFF7B3FFE36801
:10617C00A3604FF0010804E001698A0705D44FF0D1
:10618C000008404603B0BDE8F08F816906EB8B0038
:10619C00884716F82B1011F001080546EFD08B0735
:1061AC001DD51FB139462046FFF7A0FF61682A466E
:1061BC002046FFF781FFD4E902138B42606007D1C0
:1061CC002A462046FFF778FF4FF000080146A060F2
:1061DC002369216043F00803E1602361D1E70146A4
:1061EC002046FFF777FFE168A1601FB12068E169E5
:1061FC0041F82090EA19CAF8002021682046FFF7E0
:10620C005BFF2269206042F00802226116F82B2005
:10621C0022F0010206F82B20DDE900321A60A8E713
:10622C0070B504461546FFF747FF2368834205D136
:10623C002369216023F00803236170BDE269AB0080
:10624C0043F0020342F82130204661682A46FFF7EA
:10625C0033FF6060F1E738B503695B07044606D588
:10626C00456AFFF718FF85422CBF6562606238BD36
:10627C0038B50D4604461C22002101F07AFEEB686D
:10628C00A361AB6863612B68E3616B6823620022D6
:10629C0062622A6923B1591E194208BF42F00102F9
:1062AC002261012204F128000021BDE8384001F0F0
:1062BC0023BC2DE9F04F9846036A87B000258B422A
:1062CC0004460E46934603950595AA4638D3EFF33C
:1062DC001189102383F31288BFF36F8F059A2AB1AB
:1062EC0029462046FFF79CFF0023059304A920466E
:1062FC00FFF7BEFE0499B14207462AD32268E36930
:10630C0013F8221021F0030103F8221003EB820A88
:10631C00216832462046FFF7CFFEE36820609842A2
:10632C0012D0002789F31188BFF36F8F039929B11D
:10633C0062690AB12046904700230393002FC6D10F
:10634C00504607B0BDE8F08F236943F00803236182
:10635C00E7E718B12046FFF7C9FEE3E75BEA08035D
:10636C001CD0019101F034FC0199B8B9B9F1000FBE
:10637C0014D189F31188BFF36F8F5A46434604F149
:10638C002800FEF741FAEFF31189102383F31288EA
:10639C00BFF36F8FB0FA80F77F09C3E705AB03AA91
:1063AC0020462568FFF7BFFE0746BBE770B50446DD
:1063BC00836908460D4698470246EFF31186102371
:1063CC0083F31288BFF36F8F2B7843F001032B708C
:1063DC0061682046FFF770FE60602046FFF73BFFC8
:1063EC0086F31188BFF36F8F70BD2DE9F843044617
:1063FC0000271026EFF3118586F31288BFF36F8FF9
:10640C002369A268190702D46368934200D2236AF5
:10641C009B1A002B42D0E06910F8221011F00303F4
:10642C0000EB82093AD0022B04D150F822305FEAFB
:10643C00930805D1CB0720D4A369484698478046DA
:10644C00A16842462046FFF737FE0127A06041466F
:10645C002046FFF73FFE3B4685F31188BFF36F8F55
:10646C00002BC7D137B1B9F1000F03D104F12800CB
:10647C00FEF796F94846BDE8F88341F0020100F8B2
:10648C0022104846A369D4F8088098474146024632
:10649C002046FFF711FE0023A060DDE79946DBE7FD
:1064AC00F8B50446836908460D4698470646EFF34F
:1064BC001187102383F31288BFF36F8F2B7823F08F
:1064CC0001032B7023699B0705D5E268E36903EB95
:1064DC0082039D421AD12B7823F002032B70D4E94E
:1064EC000231994204D132462046FFF7E5FDA06007
:1064FC0031462046FFF7EEFD87F31188BFF36F8F0F
:10650C0004F12800BDE8F840FEF74AB92B6860F3A7
:10651C009F032B60F0E7EFF31181102383F31288B4
:10652C00BFF36F8F02698368120702D442689A42E4
:10653C0000D2026AD31A81F31188BFF36F8F181E31
:10654C0018BF0120704770470A46012100F070BA4D
:10655C000369D3F8700370476FF0850070470846E5
:10656C0008B5114618B100F0EBFF002008BD6FF024
:10657C000100FBE7084608B5114618B100F0D7FF3B
:10658C00002008BD6FF00100FBE713B50446084678
:10659C002169BFF35B8FD1F86C13BFF35B8F0229BA
:1065AC0009D15BB168B100931346D0E90912FDF72C
:1065BC0091FC02B010BD6FF00F00FAE76FF04C00C9
:1065CC00F7E76FF00100F4E72DE9F84315461C4698
:1065DC00DDE908230F4616469846A9B3BDB3B4B3FC
:1065EC0012F1010C43F10001BCF1020F71F1000139
:1065FC0030D2D4F800C0BCF1000F09D00169D1F839
:10660C0070138C4504D921606FF00B00BDE8F88342
:10661C00B3F1FF3F08BFB2F1FF3F0CBF4FF00109D0
:10662C004FF000094A462146384600F092FF40B927
:10663C00B8F1FF3F08BFB6F1FF3FF3D06FF0680031
:10664C00E4E728600020E1E76FF00100DEE76FF07F
:10665C001500DBE76FF08500D8E700F0CFBF38B549
:10666C000D46044600F148012846F9F7FBFD0346A8
:10667C0030B104F1C0012846F9F7F4FD28B9012323
:10668C005B4203F07803E01838BD0020FCE702F50C
:10669C002E7102F5327001F06ABAD0F8B030003BBE
:1066AC00A0F52E7018BF012300EB8300D0F8A402D4
:1066BC0000F0DEBEC86828B1096983681B680BB19D
:1066CC00002218477047FEF71BB8BFF35B8F50E8EA
:1066DC00003F40E80012002AF9D1BFF35B8F7047EE
:1066EC0010B5436804691B68C4F8683304F5E87096
:1066FC0001F0FBF9002104F55B70FFF7E6FF08469B
:10670C0010BD030103EB4003093323F0030303EB38
:10671C00C00348430330083320F003001844400002
:10672C0070472DE9F8430569D0F80490BFF35B8FEF
:10673C00064605F55B774FF0010857E8003F022B42
:10674C0003D147E80082002AF7D1BFF35B8F41D118
:10675C0095F86C30002B40D195F8E430002B3CD1EF
:10676C00D5F86813284600F054F8044680BB7368CB
:10677C003669D3E9050183681B693BB32246984708
:10678C00044628BB414606F53270FEF7E1F9D6F80F
:10679C00480305F5F476FCF7EFF8D9F8001030460D
:1067AC0000F072F8044698B90146D022304601F048
:1067BC00E0FB21464FF4F272284601F0DAFB214649
:1067CC003846FFF782FF2046BDE8F8836FF0570488
:1067DC000221F5E76FF07704F5E76FF00F04F2E7AD
:1067EC0010B50846029B114652B993F86C202AB991
:1067FC00012283F86C201846FAF700FE002010BD29
:10680C001A6F9468002CF9D05A6FA047F6E700F085
:10681C00F5BE38B50D46044660B1F03001F0EFF826
:10682C000DB1002038BDC4F8BC51C4F8C051C4F837
:10683C00C451F6E76FF01500F4E70268D2F8C830DF
:10684C0013B1D2F8C41018477047704783690BB95D
:10685C00C36B19707047012070478369012B03D1FA
:10686C00C36B1878C0B270470420704738B5C41D8C
:10687C00E4002046FEF7BEFF054618B12246002173
:10688C0001F077FB284638BD38B538220446002184
:10689C0001F06FFB1822002104F1A40001F069FB48
:1068AC001822002104F18C0001F063FBD4F8C00025
:1068BC00FDF7C2FAD4F8BC00FDF7BEFAD4F880306C
:1068CC0004F154050BB1284698473822002128467C
:1068DC0001F04FFBFDF736FA002038BD03785B075B
:1068EC005FBF03684288C3F34A2303EB12105DBFFA
:1068FC00173020F0070080080020704700207047F8
:10690C000346BFF35B8F53E8000F421C43E80021A2
:10691C000029F8D1BFF35B8F704708B501F0CAFAB4
:10692C000A220023F9F784FC08BD1FB50023CDE92A
:10693C000201CDE900331A4619461846FBF742FA14
:10694C0005B05DF804FB0120FAF7F4BF0020704796
:10695C004368DA7143681960436801225A71FAF787
:10696C00DBBF70B515460C4669B1D2E901369B1BED
:10697C0099420AD813680A460146981901F0EBFAB5
:10698C00AB682344AB60204670BD6FF01B00FBE787
:10699C0070B50E4615461946044618B9BDE8704048
:1069AC00FAF7C8BF33B1C2F34A231030120D1844A2
:1069BC0001F0D1FAC4E900562046BDE87040FBF75F
:1069CC0061B92DE9F3415F1C4FEA8708064608F1CF
:1069DC00170020F0070080080C461546FBF72CF832
:1069EC000023ADF805308DF807308DF8047068B1D0
:1069FC000346019A43F8102FA8F104012A462944B2
:106A0C0052F8045B43F8045F8A42F9D1A20102F404
:106A1C00E07242EA482222F07F4222F47002002304
:106A2C0022F03F02314602B0BDE8F041FFF7B0BFA3
:106A3C0007B50123019201AAFFF7C3FF03B05DF86C
:106A4C0004FB07B5CDE9002302236A46FFF7B9FF23
:106A5C0003B05DF804FBF8B506460D4614461F4618
:106A6C0004B9F8BD214628463A46B047241A0544D5
:106A7C00F6E710B5426881680446D2E90023006845
:106A8C00FFF7E9FF636800221A6010BD38B54B6848
:106A9C001A68CB689A4205460C4602D10846FFF7A5
:106AAC00E8FF6368BFF35B8F53E8002F511C43E88A
:106ABC0000100028F8D1BFF35B8FA3689D54002011
:106ACC0038BD0A2838B504460D4602D10D20FFF713
:106ADC00DDFF29462046FFF7D9FF002038BD2DE900
:106AEC00F043054689B008460E8891F80090D1F81D
:106AFC0008800C461746FBF7B7F9011EC6F3821641
:106B0C00C9F3C2091FDB4846FBF7CEF80346214602
:106B1C00608851F8102B0296C2F34A22002A01EB2E
:106B2C000204C0F30B1008BF00210022CDE90507B9
:106B3C00CDE90314CDE9002241462846FBF7C0F904
:106B4C0009B0BDE8F0830023E1E743681B685B688C
:106B5C0000201961704743681B681A6852685360BB
:106B6C0070472DE9F04143681B685A680121117583
:106B7C001D68D5E90136D3E900482F681CB96B684C
:106B8C001C60BDE8F081214630464246B847241AC5
:106B9C000644F3E743681B681868FBF7C7BA70B57F
:106BAC0043681D686B6818690C46FAF79FFE21460E
:106BBC0003460F222868BDE87040184701F0D9B988
:106BCC0001F0C9B901460068FBF732BB08B5FBF709
:106BDC008BFBBDE80840FBF7BFBE0A460121FFF75F
:106BEC0027BF00210120FBF723BB6FF08500704706
:106BFC0061B662B680F31188BFF36F8F704772B6BF
:106C0C00002383F31188BFF36F8FBFF34F8F30BF17
:106C1C0062B6BFF36F8F7047202809D9B0F1004FCF
:106C2C0008D80138B0FA80F0C0F11F00400070475E
:106C3C00082070473E20704708B5D1E904319847C9
:106C4C00002008BD08B5FCF79DF8002008BD08B56C
:106C5C00062201210020FCF745F9002211460620EE
:106C6C00FBF7E2FD012108460722FCF73BF9002265
:106C7C0011460720FBF7D8FD082201210220FCF762
:106C8C0031F9002211460820FBF7CEFD0922012123
:106C9C000320FCF727F9002211460920FBF7C4FD5D
:106CAC000A2201210420FCF71DF9002211460A20BA
:106CBC00FBF7BAFD052108461722FCF713F9002251
:106CCC0011461720FBF7B0FD282206210A20FCF7FD
:106CDC0009F9002211462820FBF7A6FD002008BD6B
:106CEC0001F01F010120884070474FF0B042D2F8EC
:106CFC00C03023EA0003C2F8C0307047012806D028
:106D0C001238022834BF00206FF085007047002035
:106D1C0070470888C0F30B0008B500F62C73C3F35A
:106D2C000B03202B0AD800F1B04000F511304B6852
:106D3C00026893430CBF0220012008BDFFF7DEFF61
:106D4C0000280CBF02200120F7E743685B681B6931
:106D5C000B600020704743685B68002099617047A6
:106D6C0043685B68090499610020704730B503697A
:106D7C00986800B30024884219D108688CB9DC6883
:106D8C009860A14200D1D860002008602AB19A68AE
:106D9C000A60DA68996002B9D96000200FE02846D1
:106DAC00E9E72060D868814208BFDC60ECE7056841
:106DBC000446002DF3D1002AE9D16FF0150030BD47
:106DCC0012F4003CF8B505460C46134642D0960723
:106DDC0039D550075CD55022D90636D542F400720D
:106DEC0003F4C061B1F5806F44D0B1F5C06F3ED0F3
:106DFC00B1F5007F41D013F440372E6912D0706882
:106E0C0020FA04F1C9075FBF0121A1400143716061
:106E1C00BCF1000F06D0180332D56968012349680C
:106E2C00A3408B61002321462846FAF78FF847B917
:106E3C00736823FA04F2D20741BF0122A2409343A4
:106E4C0073600020F8BD1022C6E79F06C8D542F437
:106E5C008062C5E7D60305D5D00605D4C2F340122F
:106E6C009202BDE73022BBE74FF40072B8E742F460
:106E7C00C072C0E742F48072BDE742F08002BAE70C
:106E8C005903CFD50121A1402846FFF769FFC9E777
:106E9C006FF08500D6E770B50B690E46996805460C
:106EAC0009B10C6801B970BD8A682A4002D04B68E0
:106EBC00304698471CB1236821461C46F2E723460E
:106ECC00FAE700690B2906BFC0E9012300206FF027
:106EDC0015007047002070470220704708B5036901
:106EEC000022186011467E20FBF79EFC7E20FBF7EB
:106EFC008DFC002008BD30B503681360057904686B
:106F0C0004EBC504A34202D36FF0010030BD5C79E1
:106F1C008C4203F10803F0D10020F7E72DE9F84F7C
:106F2C00044600EBC10700254FF00108BC4202D11A
:106F3C000020BDE8F88FD4F800B01BF0100F21D161
:106F4C00656845F02005CBF34420F9F7EDFF814649
:106F5C0010B3CBF343160BF01F0A53462A463146A7
:106F6C00F9F7F4FF0028E4DBBAF1110F08D1D9F8D6
:106F7C00043029055A6808FA06F358BF1B049361BC
:106F8C000834D3E70BF01F03102B03D0112BDAD1ED
:106F9C006568D8E73025D6E76FF01200C9E743687B
:106FAC00C1F34B101B6801F01F01C05801238B402B
:106FBC000340003B18BF012313700020704710B52D
:106FCC004368C1F34B101A6801F01F018458012368
:106FDC008B4023438350002010BD10B54368C1F390
:106FEC004B14186801F01F01235801228A4023EA30
:106FFC0002032350002010BD38B504460D46FFF7A0
:10700C00DEFF29462046FFF7E8FF002038BDB0F52B
:10701C00805F07D0B0F1805F09D100290CBF02203E
:10702C000120704700290CBF042003207047002961
:10703C000CBF03200220704743681B68D869DA69CB
:10704C00C0F3C00002F0010240EA4200DA69920784
:10705C00DA6948BF40F004005107DA6948BF40F0D4
:10706C002000D20542BF4FF4807240F008001A6233
:10707C00C10744BF08221A62820744BF01221A6268
:10708C00410744BF02221A62820644BF04221A62DC
:10709C00704710B543681B681020DA691206FCD5DE
:1070AC00EFF3118280F31288BFF36F8FDC69240633
:1070BC0004D482F31188BFF36F8FEEE7996282F3E9
:1070CC001188BFF36F8F10BD43681B68DA69100716
:1070DC0044BF08221A62DA69920643BF5B6A0B70DE
:1070EC0000204FF0FF30704710B50269126812682B
:1070FC000A6042681268126802F4C062B2F5806FCE
:10710C0004460B4633D0A2F5C060424242411A718C
:10711C0062681268526802F44052B2F5805F28D05F
:10712C00B2F5405F27D0002A0CBF012203225A710E
:10713C00626812681068116800F0102001F4C061D8
:10714C00FFF765FF987162681268926802F44072EA
:10715C00A2F540714A424A41DA716168096889684E
:10716C0011F4804F18BF0322DA71002010BD0222E7
:10717C00CDE70022DBE70222D9E72DE9F04389B005
:10718C000446109E129D8946904600212022684696
:10719C001F4600F0EEFE1F2E9DBF0123B34003F1EE
:1071AC00FF334FF0FF332361119B6361C4E90098F7
:1071BC00C4E90276183445B10FCD0FC495E80F0021
:1071CC0084E80F0009B0BDE8F0836D46F4E773B5B1
:1071DC000468651C31D08568A9422ED264182CD065
:1071EC005E18AE4288BF6B1A056A35B10093052351
:1071FC00A8470346184602B070BD21461846BFF397
:10720C005B8F18B142EA0104A4070AD103280EDCF3
:10721C00013910448242EDD011F8014F02F8014BB4
:10722C00F8E711F8014B02F8014B0138E9E751F886
:10723C00044B42F8044B0438E8E76FF02103D9E71C
:10724C0073B50468651C31D08568A9422ED26418C8
:10725C002CD05E18AE4288BF6B1A456A85B92146A0
:10726C00184618B141EA0204A4070ED1032812DC17
:10727C00013A0844814214D1BFF35B8F184602E0F7
:10728C0000930523A84702B070BD12F8014B01F81A
:10729C00014B0138E5E752F8044B41F8044B043834
:1072AC00E4E712F8014F01F8014BE3E76FF021001E
:1072BC00E9E70020704710B4046B02460B4684B912
:1072CC00C1681F2998BF23FA01F4416861B1806835
:1072DC00834209D21069184051F82430184410BC6C
:1072EC007047234610BC18474FF0FF30F7E770B5D6
:1072FC00436B05460E46E3B90469621C05BF43683F
:10730C001C680C400C1B21462846FFF7D4FF864214
:10731C0007D02B6901331C44AB689C42F3D34FF06C
:10732C00FF342868431C07D0AB68A34204D920441F
:10733C0070BD98470446F4E70020F9E710B5049CAB
:10734C00C4E900022181029A1989E260039A6181E1
:10735C0021856261D3E9002002EB0113C4E9061216
:10736C000231421C236203EB4103134440420340AD
:10737C006362002010BDC36903EB0113986870476A
:10738C00C369C06A09015958FFF7B1BF70B50D4602
:10739C00BFF35B8F016A838E16464A889A42044675
:1073AC0012D05A1C82864289013A134001EB4301E8
:1073BC008988298089B2FFF7E3FF2A88E36903EB08
:1073CC0002139B68336070BD0020FCE70268936970
:1073DC00126992000BD5012B10D1426A8169838E00
:1073EC004089013B02EBC1021B1A93807047012BB1
:1073FC0001BF426A138843F001031380704710B534
:10740C00BFF35B8F0268936912699200044611D531
:10741C00012B0CD1026A8169436A02EB41025B8841
:10742C009288013B9B1A428D9BB29A4208D800234A
:10743C00638510BD012BFAD1036A1B88DB07F6D4D8
:10744C006369002BF3D020469847F0E7036A828EDD
:10745C00598891420AD0418901390A4003EB420311
:10746C009A88C36903EB0213986870470020704731
:10747C00BFF35B8FC36803B1184770474FF0FF32FF
:10748C004FF0FF33FDF7C0B910B1C36A0133C362CB
:10749C00704738B1C26A013AC2621AB9026B02B1C2
:1074AC0010470262704770B5056A044605F1640620
:1074BC003046FFF7E3FF636AA3F580637F2B0BD89D
:1074CC005909503503F01F0301229A4055F8213019
:1074DC0023EA020345F82130D4E90F124A60E16B2C
:1074EC00116004F13C03C4E90F332046FFF7D1FFD0
:1074FC003046BDE87040FDF753B910B58CB0436A07
:10750C000A93202304460B910246194602A800F068
:10751C008FFA28230122CDE900322046616A02ABA2
:10752C003522FCF7C1FC00EAE0700CB010BD30B1A4
:10753C00006A20B119B1D0F8803003B118477047F8
:10754C0030B1006A20B119B1D0F8843003B11847BA
:10755C00704730B1006A20B119B1D0F8883003B14E
:10756C001847002070472DE9F843066807468846FF
:10757C0015469946B74203D100242046BDE8F8834E
:10758C006A1CA6F13C0402D0636AAB42F5D0B8F198
:10759C00000F10D020224146204600F0F2FC50B9DA
:1075AC00B9F1FF3F02D0A36A4B45E6D06B1C02D168
:1075BC00A36A0133E1D03668DCE770B505460C46AA
:1075CC001E46CAB120231946204600F031FA012389
:1075DC00E362049BA362059B6363069BA363079B07
:1075EC006364666225626A68C4E90F5204F13C0365
:1075FC006B60226C136070BD0A70E8E710B504462E
:10760C0090B1036A83B102784AB193F89C3033B1DC
:10761C00436AB3F5806F02D30121FFF76EFF20465A
:10762C00BDE81040FFF73FBF10BD7047FDF7B8B87D
:10763C004FF0FF324FF0FF33FDF7E6B8F8B500F12D
:10764C006407A1F11006054638460C46FFF7F0FF1B
:10765C003046FCF7DFFC80B154F8083C24F8083CB9
:10766C00D5F8C43044F80C3C05F1C00344F8103C88
:10767C00C5F8C46054F80C3C1E603846FFF7D6FFC2
:10768C000020F8BD38B50D4600F164042046FFF724
:10769C00CFFF55F8083C03F5803345F8083C2046ED
:1076AC00BDE83840FFF7C2BF2DE9F04389B0282A66
:1076BC00109D884652D1D5F8B80001688468A8EBB3
:1076CC000101A14228BF4FF0FF3120236A46FFF78A
:1076DC007EFD05F16406D8F820903046FFF7A8FF30
:1076EC004B464FF0FF3269462846FFF73CFF0446F5
:1076FC0040B3076B003F18BF0127D8F82430DB07D5
:10770C0022D514B14FF0FF33A36217B12046FFF717
:10771C00BBFE3046FFF78AFF1CB1A36B0BB12046B2
:10772C009847AB6F1BB14A46694628469847AFB19C
:10773C003046FFF77DFF2046FFF7ABFE3046FFF7E4
:10774C0075FF0BE00746D8E764B93046FFF76EFFCC
:10775C006B6F1BB14A46694628469847002009B012
:10776C00BDE8F083C4F82890E8E7F0B585B053F88D
:10777C00085C0A9EADF80C60CDE9001204460022AC
:10778C00D0F8B8000292ADF80E20A3F110010368F6
:10779C008768C91AB94228BF4FF0FF3110236A46D7
:1077AC0004F16407FFF74CFDADB23846FFF740FF1C
:1077BC00D4F8B4002946FFF7DEFDD4F8AC309B6951
:1077CC00012B024604D1D4F8B4002946FCF750FB37
:1077DC00D4F8B400FFF713FE3846FFF727FF304606
:1077EC0005B0F0BD38B58D680446ADB2D0F8B00028
:1077FC002946FFF7C0FDD4F8AC309B69012B02463B
:10780C0006D1D4F8B0002946BDE83840FCF730BBAF
:10781C0038BD70B500F16406A1F110050446304680
:10782C00FFF706FF2846FCF7F5FB38B12046294642
:10783C00FFF7D8FFD4F8B000FFF7E1FD3046BDE804
:10784C007040FFF7F3BE2DE9FF4103689E6A06F115
:10785C0064084046FFF7ECFED6F8AC309B69012B70
:10786C0005D04046FFF7E2FE04B0BDE8F081D6F843
:10787C00B00003AA0DF10A01FFF788FD04460028A9
:10788C00EFD0BDF80A304268836000214FF0FF331F
:10789C003046FFF768FE0546FFF7F6FDA36803F5D3
:1078AC008033A3604046FFF7C1FE6DB1AB6A696CD3
:1078BC00013304BF2368AB622368A28900916F6B0C
:1078CC0004F110012846B8474046FFF7B1FE2846A0
:1078DC00FFF7DFFD2046FCF79DFB38B13046214613
:1078EC00FFF780FFD6F8B000FFF789FD4046FFF7A1
:1078FC009DFEAEE72DE9F7430546D0F8AC000F46E8
:10790C00164618B9002003B0BDE8F083036A002BBB
:10791C00F8D09B68002BF5D098474307F2D5002E82
:10792C0043F6982318BF1E4605F1640805F1C009FB
:10793C004046FFF77DFED5F8C0404C452AD04CB3ED
:10794C00D4E90023536022681A60C4E90044D5F8D6
:10795C00AC3021899B69ADF80610012B04D1D5F808
:10796C00B400FFF708FD38604046FFF75FFE5CBBD4
:10797C00002EC7D0D5E92B3212891B6B182101FBC5
:10798C000233D5F8C820AAB90A20002100F0E7F983
:10799C00013ECDE7D5F8AC309B69012B08D1D5F869
:1079AC00B4003A460DF10601FFF7F0FC0446DBE7A4
:1079BC000024D9E71969284690476FF4FB63984275
:1079CC00E2D00028B4D09DE7BDF8063003F5803333
:1079DC00A3603B68103B3B6004F1100093E720B1BF
:1079EC0019B112B1C0E901220160704713B500242E
:1079FC000194049C0094FCF79BFB02B010BD10B5E5
:107A0C00044618B910BD3C38FFF7F8FD20688442D5
:107A1C00F9D1D4F8AC000023C4E92C3320B1036AAB
:107A2C0013B15B6803B198470023C4F8AC30E9E7A5
:107A3C00F8B50446A1B199420E4628BF1E46751CE6
:107A4C00013D05D012F8017B00F8017B002FF7D126
:107A5C00994207D9891B4A19002100F08AFA711B37
:107A6C000846F8BD0C44002304F8013CF7E710B5B8
:107A7C00436904463BB90020E268537843F00103A4
:107A8C005370404210BD98470028F4D00028B8BF6E
:107A9C004042E368FF28A8BFFF201870ECE740B114
:107AAC00C368587810F001001EBF1878B0FA80F047
:107ABC0040097047EFF31183102383F31288BFF34F
:107ACC006F8FFEE708B51024EFF3118384F312884F
:107ADC00BFF36F8FFFF793F8F6E790F90E308B42F8
:107AEC0001D0FDF7EFB90020704703460020C3E931
:107AFC000200C3E9003370473AB18A4205D3C0E9AA
:107B0C000212C0E90000002070476FF015007047AA
:107B1C00026801238B4022EA0303036022FA01F07E
:107B2C0000F001007047704720B1002211468C30E4
:107B3C0000F04EB9704738B504460D4610220021AE
:107B4C0000F017FA656038BD13B501900846EFF3E5
:107B5C001184102383F31288BFF36F8F01A9FCF7F4
:107B6C0029FF84F31188BFF36F8F02B010BD10B5DD
:107B7C00FFF7EAFF041E08DDEFF31180102383F3F7
:107B8C001288BFF36F8FFDF709FA204610BD70B550
:107B9C000D46EFF31186102383F31288BFF36F8F1A
:107BAC00FCF75AFF044686F31188BFF36F8F38B188
:107BBC004FF0FF324FF0FF3305F11000FCF724FEBD
:107BCC00204670BD08B5A022002100F0D2F908BDF6
:107BDC00EFF30580003818BF012070476FF0570095
:107BEC00704700207047D0E9003213605A600023C0
:107BFC00C0E90033704708B5FFF7F5FF037C23F0AD
:107C0C00020303740023836008BD38B504460D4697
:107C1C00FDF7B4F8237C43F002032374D5B1A560BF
:107C2C002B689D4209D16B68C4E900531C606C60E1
:107C3C0010E06A689A42F6D01B68002BF3D093F9D7
:107C4C000E1094F90E209142F3DD5A68C4E900320B
:107C5C0014605C6038BD10B5EFF31184102383F30E
:107C6C001288BFF36F8FFDF749F884F31188BFF3C7
:107C7C006F8F10BD08B5EFF31181102282F31288BB
:107C8C00BFF36F8F83680BB1FFF7B5FF81F31188DA
:107C9C00BFF36F8F08BD08B5037C13F0280F0146A6
:107CAC000CD183680BB1FFF7A6FF0B7C23F0040308
:107CBC000B740846BDE80840FDF720B808BD10B5A8
:107CCC00EFF31184102383F31288BFF36F8F1838EE
:107CDC00FFF7E1FF84F31188BFF36F8F10BD08B578
:107CEC000346EFF31181102282F31288BFF36F8FDA
:107CFC000068834207D008B1FFF77DFF81F311883C
:107D0C00BFF36F8F08BD0020F8E70846FDF76EB88B
:107D1C0038B504680546AC424FF0000000D138BDC0
:107D2C00002CFCD02046FFF766FF04F1180000F091
:107D3C0088F82046FCF7E2FF2C680120A542EDE70D
:107D4C0010B5EFF31184102383F31288BFF36F8FF8
:107D5C00FFF7DEFF84F31188BFF36F8F10BD38B5CA
:107D6C0005460C46FDF7B6F9B4F1FF3F08BFB5F177
:107D7C00FF3F0AD0C11709304FF00A024FF0000341
:107D8C0041F10001F8F754FA38BD4FF0FF30FBE732
:107D9C0038B50446EFF31185102383F31288BFF333
:107DAC006F8F037C5B070ED5183000F04AF8237CEC
:107DBC0023F0040320462374FCF7A0FF2846BDE8FB
:107DCC003840FDF713B885F31188BFF36F8F38BDBA
:107DDC0038B5EFF31185102383F31288BFF36F8F3F
:107DEC000468A04212D09CB1A16762612046FFF7E3
:107DFC0002FF04F1180000F024F82046FCF77EFF87
:107E0C00012085F31188BFF36F8F38BD0020F8E790
:107E1C002046F6E708B50246FDF7CEFA70B1D0E978
:107E2C0004319B1A61EBE272B3F1004F72F1000165
:107E3C0004DA002AACBF1846002008BD6FF00040E1
:107E4C00FBE738B50246EFF31185102383F3128854
:107E5C00BFF36F8F0368D3B1FDF7AEFA044610463B
:107E6C00FDF7BCFA00224FF000438442C0E9042322
:107E7C0005D0002085F31188BFF36F8F38BDFDF757
:107E8C00A3FAFFF7C7FF0021FBF712FEF1E7D0E9D9
:107E9C000413B3F1004F08BF012904D100204FF0A7
:107EAC000041C2E904016FF01500E3E708B5FDF7E6
:107EBC009DFB08BDFDF79ABB0023C0E9081200F139
:107ECC001802C0E90622C0E900330363436370471C
:107EDC00043270B504460ED2EFF31185102686F3EA
:107EEC001288BFF36F8F41F00401984785F3118816
:107EFC00BFF36F8F08B9002070BD40F8044BFBE74F
:107F0C0020B1011F50F8040C00F009B8704710B4F0
:107F1C0000F10C04C0E9034410BCFEF709B838B5F5
:107F2C000446EFF31185102383F31288BFF36F8F90
:107F3C00F8F7A0FB04F10C00FFF702FF30B1294663
:107F4C0004F11400BDE83840FFF7DFBE85F311885B
:107F5C00BFF36F8F38BD0A44914200F1FF3300D15B
:107F6C00704710B511F8014B03F8014F9142F9D14C
:107F7C0010BD02440346934200D1704703F8011B25
:107F8C00F9E710B56AB10139841810F8012B11F812
:107F9C00013F9A4203D1A04201D0002AF5D1D01A58
:107FAC0010BD1046FCE710B50139034632B111F88B
:107FBC00014F03F8014B013A002CF7D11A44002170
:107FCC00934200D110BD03F8011BF9E710B502462E
:107FDC0001448A42134603D01C780132002CF8D19C
:107FEC00181A10BDF0B5C3F137070446FFB203F001
:107FFC001F031046082BE6B233D0102B3ED0650879
:10800C00A40844EA817445EAC1752D194FEA91021E
:10801C0042EB5102290941EA02716D1842EB12122E
:10802C00290A41EA02616D1842EB1222290C41EA3D
:10803C0002416D1842EB1242AD1842F10002EC08FD
:10804C0044EA4274D10804EB8402A6EB4205EDB27B
:10805C00092D0CD90134A5F10A0541F10001EDB24D
:10806C0012E0E40844EA417406F00705C90830350B
:10807C0054EA010200F8015BBCD1F0BD240944EACA
:10808C00017406F00F050909092D84BFED19EDB235
:10809C00EDE7D1E9043293421EBF5A1C0A611870F5
:0480AC007047000019
:0880B000E481FF7F01000000E4
:1080B8000000000080811008F90E10080000000080
:1080C8002D58100800000000000000009C811008D6
:1080D800000000009882100800000000608210086C
:1080E80000000000F081100800000000D481100892
:1080F80000000000EC82100800000000D082100888
:10810800000000007C821008000000004482100873
:108118000000000028821008000000000C821008EF
:1081280000000000B881100800000000B4821008A8
:108138005B6C1008000000000000000008831008B5
:10814800C1321008000000001D3A100800000000AD
:108158000118100800000000B92D100800000000E8
:108168000000000024831008515810080000000087
:08817800000000004083100824
:1081800027951008000000009C871008F2000030BE
:10819000000000004532100800000000759510082E
:1081A000D48A10088C871008F60000300000000008
:1081B0000000000000000000248E10085C881008F9
:1081C00054871008D80000300C0C0030150F100830
:1081D00000000000328E10087088100854871008C4
:1081E000DA0000301C0C0030150F100800000000F1
:1081F000408E10088488100854871008DC00003076
:108200002C0C0030150F1008000000004E8E1008D6
:108210009888100854871008DE0000303C0C0030AD
:10822000150F1008000000005C8E1008AC881008C4
:1082300054871008E00000304C0C0030150F100877
:10824000000000006A8E1008C088100854871008CB
:10825000E20000305C0C0030150F10080000000038
:10826000788E1008D488100854871008E400003075
:108270006C0C0030150F100800000000868E1008EE
:10828000E888100854871008E60000307C0C0030A5
:10829000150F100800000000948E1008FC881008CC
:1082A00054871008E80000308C0C0030150F1008BF
:1082B00000000000A28E10081089100854871008D2
:1082C000EA0000309C0C0030150F10080000000080
:1082D000B08E10082489100854871008EC00003074
:1082E000AC0C0030150F100800000000FE941008C0
:1082F0000000000000000000F0000030000000005E
:10830000112E10080000000028961008D88A1008C6
:10831000B8871008F800003070000030DD36100813
:1083200000000000509510086800003078871008A1
:10833000F4000030BC0D0030E96E100800000000B1
:10834000758F100820000030CC891008EE00003036
:0C83500080010030ED6610080000000005
:10835C0000000000EF6B100800000000EF6B10082D
:10836C0000000000EF6B100800000000EF6B10081D
:10837C0000000000EF6B100800000000EF6B10080D
:10838C0091981008092F10088F981008092F1008C1
:10839C008D981008092F10088B981008092F1008B9
:1083AC0089981008092F100800000000EF6B1008C6
:1083BC0000000000EF6B100800000000EF6B1008CD
:1083CC0000000000EF6B100800000000EF6B1008BD
:1083DC0000000000EF6B100800000000EF6B1008AD
:1083EC0000000000EF6B100800000000EF6B10089D
:1083FC0000000000EF6B100800000000EF6B10088D
:10840C0000000000EF6B100887981008092F100867
:10841C0000000000EF6B100800000000EF6B10086C
:10842C0000000000EF6B100800000000EF6B10085C
:10843C0000000000EF6B100800000000EF6B10084C
:10844C0000000000EF6B100800000000EF6B10083C
:10845C0000000000EF6B100800000000EF6B10082C
:10846C0000000000EF6B100800000000EF6B10081C
:10847C0000000000EF6B100800000000EF6B10080C
:10848C0000000000EF6B100800000000EF6B1008FC
:10849C0085981008092F100800000000EF6B1008D9
:1084AC0000000000EF6B100800000000EF6B1008DC
:1084BC0000000000EF6B100800000000EF6B1008CC
:1084CC0000000000EF6B100800000000EF6B1008BC
:1084DC0000000000EF6B100800000000EF6B1008AC
:1084EC0000000000EF6B100800000000EF6B10089C
:1084FC0000000000EF6B100800000000EF6B10088C
:10850C0000000000EF6B100800000000EF6B10087B
:10851C0000000000EF6B100800000000EF6B10086B
:10852C0000000000EF6B100800000000EF6B10085B
:10853C0000000000EF6B100800000000EF6B10084B
:10854C0000000000EF6B100800000000EF6B10083B
:10855C0000000000EF6B100800000000EF6B10082B
:10856C0000000000EF6B100800000000EF6B10081B
:10857C0000000000EF6B100800000000EF6B10080B
:10858C0000000000EF6B100800000000EF6B1008FB
:10859C0000000000EF6B100800000000EF6B1008EB
:1085AC0000000000EF6B100800000000EF6B1008DB
:1085BC0000000000EF6B100800000000EF6B1008CB
:1085CC0000000000EF6B100800000000EF6B1008BB
:1085DC0000000000EF6B100800000000EF6B1008AB
:1085EC0000000000EF6B100800000000EF6B10089B
:1085FC0000000000EF6B100800000000EF6B10088B
:10860C0000000000EF6B100800000000EF6B10087A
:10861C0000000000EF6B100800000000EF6B10086A
:10862C0000000000EF6B100800000000EF6B10085A
:10863C0000000000EF6B100800000000EF6B10084A
:10864C0000000000EF6B100800000000EF6B10083A
:10865C0000000000EF6B100800000000EF6B10082A
:10866C0000000000EF6B100800000000EF6B10081A
:10867C0000000000EF6B100800000000EF6B10080A
:10868C0000000000EF6B100800000000EF6B1008FA
:10869C0000000000EF6B100800000000EF6B1008EA
:1086AC0000000000EF6B100800000000EF6B1008DA
:1086BC0000000000EF6B100800000000EF6B1008CA
:1086CC0000000000EF6B100800000000EF6B1008BA
:1086DC0000000000EF6B100800000000EF6B1008AA
:1086EC0000000000EF6B100800000000EF6B10089A
:1086FC0000000000EF6B100800000000EF6B10088A
:10870C0000000000EF6B100800000000EF6B100879
:10871C0000000000EF6B100800000000EF6B100869
:10872C0000000000EF6B100800000000EF6B100859
:10873C0000000000EF6B100800000000EF6B100849
:08874C00248310083D341008DD
:10875400CD6D1008576D100815341008636D10089E
:108764006D6D1008F133100811331008796D10087D
:048774000000000001
:1087780099341008CF6E1008E16E1008E56E1008E5
:04878800653410083C
:10878C00AB6F1008CB6F1008E76F1008057010085E
:10879C00F5311008B1311008000000000931100843
:0C87AC001F6D100800000000653210086E
:1087B800D57010089F70100845701008B13810085F
:0487C800F570100830
:1087CC00088E1008030000001C9510080300000020
:1087DC00698F100803000000828F1008030000004E
:1087EC00868F100803000000829010080300000020
:1087FC006195100803000000979410080300000016
:10880C001A981008030000005D8D1008030000008A
:10881C002195100803000000BE8E10080300000014
:10882C00198E100803000000389610080300000091
:10883C008C8A100850000030719010080100000064
:10884C00913D100806000000F4000000020000003A
:10885C00FFFF0000002802580A000000E0000000A2
:10886C0000040000FFFF0000002402580900000073
:10887C00E000000000020000FFFF00000020025892
:10888C0008000000E000000000010000FFFF0000F5
:10889C00001C025807000000E000000080000000EF
:1088AC00FFFF00000018025806000000E000000066
:1088BC0040000000FFFF00000014025805000000FB
:1088CC00E000000020000000FFFF00000010025834
:1088DC0004000000E000000010000000FFFF00009A
:1088EC00000C025803000000E0000000080000002B
:1088FC00FFFF00000008025802000000E00000002A
:10890C0004000000FFFF00000004025801000000FA
:10891C00E000000002000000FFFF00000000025811
:10892C0000000000E000000001000000D0821008F0
:10893C00B4821008988210087C821008608210089B
:10894C0044821008288210080C821008F08110084C
:10895C00D4811008B881100800000000000000004D
:10896C0000000000000000000000000000000000FB
:10897C0000000000000000000000000000000000EB
:10898C0000000000000000000000000000000000DB
:10899C000000000003000000A88910080000100867
:1089AC00D28E10082600020600000030D88E100867
:1089BC0020000B110000F01FDD8E100824000411A4
:1089CC00D11110082F67100839141008000000008E
:1089DC00891410087D1510085D651008D565100800
:1089EC006565100897651008816510086B6510089F
:1089FC0000000000000000006768100859681008AB
:108A0C0063681008576810080000000000000000A0
:108A1C0000000000000000004768100878050030D6
:108A2C000001000053691008E968100802000000FA
:108A3C00EB6A1008000000000000000000000000BD
:108A4C000000000051901008599010080000000020
:108A5C0000000000000000006190100865901008F4
:108A6C00699010086D9010087C8A1008F80C003082
:108A7C00BD211008100D00302B1200300100000039
:108A8C00AB6B1008A16B10086F6B1008636B1008B0
:108A9C0000000000576B1008000000008B901008BD
:108AAC000000009000000010000000029B901008D5
:108ABC000000003800000100000010000000003031
:108ACC000000000000000B06004402580044004067
:108ADC00808110089C81100811120000008B100876
:108AEC000100000000000000000000000000000079
:108AFC00088B1008E800000000000200108B100822
:108B0C0001000000188B100802000000A7060000EE
:108B1C0000020000C706000000000000609610086C
:108B2C00739610088696100899961008AC96100843
:108B3C00BF961008D2961008E5961008D09710082A
:108B4C00DE971008F2971008019810080D9810087D
:108B5C00B8801008B880100850811008588110088F
:108B6C0080811008808110084598100800010000D1
:108B7C00000000000010000000305B4D345D20450B
:108B8C006E64706F696E7420626F756E6420746FA2
:108B9C00204D370A005B4D345D2047696761737067
:108BAC0061726B204F532052656D6F746520436F5B
:108BBC007265207374617274696E672E2E2E0A00B2
:108BCC005B4D345D204661696C656420746F206F69
:108BDC0070656E2049504320696E7374616E6365D5
:108BEC003A2025640A005B4D345D204661696C6552
:108BFC006420746F20726567697374657220656E8A
:108C0C0064706F696E743A2025640A005B4D345DA4
:108C1C002057616974696E6720666F72204D37202A
:108C2C0068616E647368616B652E2E2E0A005B4D55
:108C3C00345D2052656365697665643A202225733C
:108C4C00220A00424F4F545F47494741535041520B
:108C5C004B005B4D345D20426F6F742072657175F3
:108C6C00657374207265636F676E697A65642C2016
:108C7C0073656E64696E6720726573706F6E736571
:108C8C002E2E2E0A004D345F4B45524E454C5F52F2
:108C9C0045414459005B4D345D2053656E6420663C
:108CAC0061696C65643A2025640A005B4D345D2073
:108CBC00526573706F6E73652073656E742E204DE4
:108CCC0034206B65726E656C2072656164792E0A56
:108CDC000067696761737061726B5F6570740068BF
:108CEC0065617020636F7272757074696F6E202885
:108CFC006E6F7420696E207573653F292061742036
:108D0C002570006865617020636F7272757074698C
:108D1C006F6E2028627566666572206F7665726666
:108D2C006C6F773F29206174202570006865617035
:108D3C0020636F7272757074696F6E2028646F7522
:108D4C00626C6520667265653F2920617420257010
:108D5C00006F735F686561700028756E7369676E6C
:108D6C006564292063686172202A2075736564200C
:108D7C00666F722025257020617267756D656E7443
:108D8C002E2049742773207265636F6D6D656E6458
:108D9C00656420746F206361737420697420746F30
:108DAC0020766F6964202A20626563617573652083
:108DBC006974206D6179206361757365206D6973C9
:108DCC006265686176696F7220696E206365727482
:108DDC0061696E20636F6E66696775726174696F25
:108DEC006E732E20537472696E673A22257322209B
:108DFC00617267756D656E743A256400636270729A
:108E0C00696E74665F7061636B616765007379731B
:108E1C005F6765746F7074006770696F40353830C8
:108E2C003232383030006770696F4035383032324A
:108E3C00343030006770696F403538303232303042
:108E4C0030006770696F4035383032316330300034
:108E5C006770696F403538303231383030006770A8
:108E6C00696F403538303231343030006770696F9B
:108E7C00403538303231303030006770696F4035F2
:108E8C0038303230633030006770696F40353830BD
:108E9C003230383030006770696F403538303230DE
:108EAC00343030006770696F4035383032303030D4
:108EBC00300073746D33325F6261636B75705F6425
:108ECC006F6D61696E00464C415348005352414DE1
:108EDC000053595354454D00496E76616C696420BA
:108EEC00696E7374616E636500496E76616C69645A
:108EFC00206261636B656E6420636F6E6669677573
:108F0C00726174696F6E00496E76616C6964206978
:108F1C006E7374616E63652C20656E64706F696E20
:108F2C0074206F7220636F6E666967757261746905
:108F3C006F6E00496E76616C696420656E64706F4B
:108F4C00696E7400456E64706F696E74206E6F7418
:108F5C0020726567697374657265640A0069706371
:108F6C005F736572766963650069706330006C6F5E
:108F7C006767696E67006C6F67006C6F675F6D6722
:108F8C006D74004D6573736167652028222573220B
:108F9C00292064726F7070656420626563617573FB
:108FAC006520697420657863656564732073697ADC
:108FBC0065206C696D69746174696F6E2028257504
:108FCC0029004D6573736167652064726F707065FD
:108FDC0064206265636175736520697420657863CC
:108FEC00656564732073697A65206C696D69746159
:108FFC0074696F6E2028257529001B5B306D002568
:10900C007320005B2530386C755D20005B25303299
:10901C00753A253032753A253032752E2530337538
:10902C002C253033755D20002573003C25733E20C4
:10903C000025732F0025733A20002530327820004C
:10904C007C002563001B5B313B33316D001B5B31B6
:10905C003B33336D006572720077726E00696E6619
:10906C0000646267006C6F675F6261636B656E645E
:10907C005F75617274006C6F675F75617274006DFF
:10908C00656D6F7279403930303030303030006D72
:10909C00656D6F727940333830303030303000725B
:1090AC00302F61313A2020307825303878202072EA
:1090BC00312F61323A2020307825303878202072D8
:1090CC00322F61333A2020307825303878007233D3
:1090DC002F61343A202030782530387820723132A4
:1090EC002F69703A2020307825303878207231344E
:1090FC002F6C723A20203078253038780020787028
:10910C0073723A2020307825303878004661756CBF
:10911C0074696E6720696E737472756374696F6EAF
:10912C00206164647265737320287231352F70630B
:10913C00293A2030782530387800556E68616E6495
:10914C006C6564204952516E3A202564002A2A2A03
:10915C002A2A205553414745204641554C54202A34
:10916C002A2A2A2A0020204469766973696F6E20A6
:10917C006279207A65726F002020556E616C696788
:10918C006E6564206D656D6F7279206163636573C4
:10919C00730020204E6F20636F70726F6365737362
:1091AC006F7220696E737472756374696F6E73007D
:1091BC002020496C6C6567616C206C6F6164206F5A
:1091CC0066204558435F52455455524E20696E7483
:1091DC006F205043002020496C6C6567616C2075D2
:1091EC007365206F662074686520455053520020CB
:1091FC0020417474656D707420746F20657865639C
:10920C0075746520756E646566696E656420696E3B
:10921C00737472756374696F6E002A2A2A2A2A2065
:10922C00425553204641554C54202A2A2A2A2A00BA
:10923C002020537461636B696E67206572726F7264
:10924C00002020556E737461636B696E67206572C4
:10925C00726F7200202050726563697365206461BF
:10926C00746120627573206572726F7200202042E7
:10927C0046415220416464726573733A20307825FC
:10928C0078002020496D7072656369736520646194
:10929C00746120627573206572726F7200202049B0
:1092AC006E737472756374696F6E2062757320656A
:1092BC0072726F72002020466C6F6174696E672D3C
:1092CC00706F696E74206C617A7920737461746547
:1092DC0020707265736572766174696F6E20657249
:1092EC00726F72002A2A2A2A2A204D505520464194
:1092FC00554C54202A2A2A2A2A00202053746163B0
:10930C006B696E67206572726F722028636F6E7462
:10931C006578742061726561206D6967687420627C
:10932C0065206E6F742076616C696429002020447E
:10933C00617461204163636573732056696F6C615E
:10934C0074696F6E0020204D4D464152204164647B
:10935C00726573733A2030782578002020496E733B
:10936C007472756374696F6E2041636365737320E7
:10937C0056696F6C6174696F6E00526573657276B5
:10938C00656420457863657074696F6E202800539E
:10939C00707572696F757320696E74657272757011
:1093AC007420284952512000535053454C20696E6B
:1093BC0020746872656164206D6F646520646F65EC
:1093CC0073206E6F7420696E6469636174652050DC
:1093DC005350002A2A2A2A2A204841524420464126
:1093EC00554C54202A2A2A2A2A0020204275732000
:1093FC006661756C74206F6E20766563746F722075
:10940C007461626C65207265616400202044656241
:10941C007567206576656E740020204661756C74E6
:10942C0020657363616C6174696F6E202873656568
:10943C002062656C6F772900415243485F45584361
:10944C00455054207769746820726561736F6E2083
:10945C0025780A002A2A2A2A2A2044656275672060
:10946C006D6F6E69746F7220657863657074696F67
:10947C006E202A2A2A2A2A002A2A2A2A2A202573F6
:10948C0020256429202A2A2A2A2A006D7075004674
:10949C0061696C656420746F20616C6C6F636174BE
:1094AC0065206E6577204D505520726567696F6E2B
:1094BC002025750A00506172746974696F6E2025DD
:1094CC00753A20636F686572656E636520636865C5
:1094DC00636B206661696C65642E00496E76616C05
:1094EC006964206C696E65206E756D6265722025ED
:1094FC007500696E746572727570742D636F6E741D
:10950C00726F6C6C657240353830303030303000F2
:10951C00657874695F73746D3332007263634035C0
:10952C00383032343430300053656E64696E6720E5
:10953C0064617461206E6F7420737570706F7274D7
:10954C0065642E006D61696C626F7840353830321D
:10955C0036343030006D626F785F73746D33325F08
:10956C006873656D5F6970630072657365742D63F4
:10957C006F6E74726F6C6C6572004661696C6564B9
:10958C002063616C6C20636C6F636B5F636F6E74D4
:10959C00726F6C5F6765745F726174652870636C61
:1095AC006B656E5B305D2900556E61626C65207475
:1095BC006F2073657420257320746F20256400431D
:1095CC006F756C64206E6F7420656E61626C6520C3
:1095DC00284C50295541525420636C6F636B0072B8
:1095EC006573657420636F6E74726F6C6C6572203A
:1095FC006E6F7420726561647900257320646F65E9
:10960C0073206E6F7420737570706F727420647237
:10961C006976657220656E61626C6500736572694E
:10962C00616C4034303030343430300075617274D9
:10963C005F73746D333200756E7265676973746530
:10964C00726564202573206275730A0067656E6508
:10965C00726963006D6574616C3A20656D65726743
:10966C00656E63793A20006D6574616C3A20616CAB
:10967C006572743A2020202020006D6574616C3A6C
:10968C0020637269746963616C3A2020006D6574A3
:10969C00616C3A206572726F723A20202020200093
:1096AC006D6574616C3A207761726E696E673A20F1
:1096BC002020006D6574616C3A206E6F746963656F
:1096CC003A20202020006D6574616C3A20696E662A
:1096DC006F3A202020202020006D6574616C3A20A8
:1096EC0064656275673A20202020200025733A209B
:1096FC0066726565696E67206E6F6E2D656D707430
:10970C0079207669727471756575650D0A00756ED0
:10971C006578706563746564206275666665722031
:10972C0068656C6420636F756E7465720D0A0074E5
:10973C00785F76710072785F7671004E53004861E5
:10974C006C74696E672073797374656D00556E6BFC
:10975C006E6F776E206572726F7200756E6B6E6FC6
:10976C00776E003E3E3E205A4550485952204641A5
:10977C0054414C204552524F522025643A202573B7
:10978C00206F6E20435055202564004661756C7423
:10979C0020647572696E6720696E7465727275707B
:1097AC00742068616E646C696E670A00437572722E
:1097BC00656E74207468726561643A202570202887
:1097CC002573290043505520657863657074696F63
:1097DC006E00556E68616E646C656420696E7465AC
:1097EC00727275707400537461636B206F7665725E
:1097FC00666C6F77004B65726E656C206F6F707363
:10980C00004B65726E656C2070616E6963006F73DE
:10981C00002A2A2A20426F6F74696E67205A65707D
:10982C00687972204F53206275696C642076342EEF
:10983C00342E31202A2A2A0A00737973776F726BBF
:10984C007100286E756C6C29002A666C6F61742A25
:10985C0000206D657373616765732064726F70703F
:10986C006564202D2D2D0D0A1B5B306D001B5B31AB
:10987C003B33316D2D2D2D20000A06050504010307
:08988C000102010101000100CD
:10989400DD8C10080000000089051008000000009D
:1098A4005105100800000000000000005B60100873
:1098B40001000000000000380000010024831008AB
:1098C40001000000248310080000000002000000D2
:1098D40000000000000000000004000009691008F6
:1098E400748A10080000000000000000516C100889
:1098F4000000000000000000E00000000000000282
:109904007400003000C20100000103000090D00385
:109914005896100800000000ED3B100800000000FD
:109924000000000000000000000000000000000033
:10993400000000000000000000000000C80000005B
:10994400B0000030B0000030FF00FF00FF00FF0057
:10995400FF00FF00FF00FF00FF00FF00FF00FF000B
:08996400FF00FF00FF00FF00FF
:10996C0000000000000000000000000000000000EB
:10997C0000000000000000000000000000000000DB
:04998C0000000000D7
:1099900000000000000000000000000000000000C7
:1099A00000000000000000000000000000000000B7
:1099B00000000000000000000000000000000000A7
:0899C00000000000000000009F
:0499C800000000009B
:1099CC0000000000003000304410000000000000D7
:0499DC000000000087
:1099E0004C0100304C01003000000000010000007C
:1099F0005C0100305C01003000000000010000004C
:109A00006C0100306C01003000000000010000001B
:049A100015E015E068
:04000005081027C1F7
:00000001FF
